CustomerID,first_purchase,last_purchase,frequency,items_count,monetary,product_diversity,returned_orders,returned_items,return_rate,recency,tenure_days,aov,avg_days_between_orders,cluster_id,pca_x,pca_y,churn_risk_score,projected_clv_6m,projected_clv_12m,segment_persona,recommended_action
12747,2010-12-05 15:38:00,2011-12-07 14:34:00,11,1275,4196.01,42,0.0,0.0,0.0,2,369,381.46,36.7,0,0.6954,0.0086,9.4,488.85,940.11,Champions (VIP),"Exclusive VIP preview, concierge service, high-tier loyalty gifts."
12749,2011-05-10 15:25:00,2011-12-06 09:56:00,5,1471,4090.88,160,3.0,49.0,37.5,4,213,818.18,52.2,0,0.4899,-0.0848,10.1,819.29,1575.55,Champions (VIP),"Exclusive VIP preview, concierge service, high-tier loyalty gifts."
12820,2011-01-17 12:34:00,2011-12-06 15:12:00,4,722,942.34,55,0.0,0.0,0.0,3,327,235.58,108.0,0,0.4415,-0.2147,9.4,123.88,238.24,Loyal Customers,"Cross-sell premium categories, early bird access, referral incentives."
12821,2011-05-09 15:51:00,2011-05-09 15:51:00,1,70,92.72,6,0.0,0.0,0.0,214,214,92.72,214.0,1,-0.3929,-0.0346,61.3,7.96,15.3,Hibernating / Inactive,"Automated reactivation campaign, steep 20% discount offer, clearance alerts."
12822,2011-09-13 13:46:00,2011-09-30 10:04:00,2,550,948.88,41,1.0,2.0,33.33,71,87,474.44,16.0,3,-0.0807,0.0217,74.1,127.8,245.76,Potential Loyalists,"Offer bundle discounts, volume incentives, brand engagement newsletters."
12823,2011-02-16 12:15:00,2011-09-26 07:35:00,5,230,1759.5,1,0.0,0.0,0.0,75,297,351.9,55.5,3,0.0603,0.2086,44.0,157.42,302.73,Potential Loyalists,"Offer bundle discounts, volume incentives, brand engagement newsletters."
12824,2011-10-11 12:49:00,2011-10-11 12:49:00,1,232,397.12,25,0.0,0.0,0.0,60,60,397.12,60.0,2,-0.1599,-0.1255,34.6,135.05,259.72,Low Value Occasional,Target with low-barrier impulse buys and seasonal holiday campaigns.
12826,2010-12-09 15:21:00,2011-12-07 10:25:00,7,1058,1474.72,58,1.0,4.0,12.5,3,365,210.67,60.3,0,0.5435,-0.0911,9.6,173.31,333.28,Loyal Customers,"Cross-sell premium categories, early bird access, referral incentives."
12827,2011-10-26 15:44:00,2011-12-04 12:17:00,3,197,430.15,19,0.0,0.0,0.0,6,44,143.38,19.0,2,0.2919,-0.2299,13.0,194.6,374.22,Potential Loyalists,"Offer bundle discounts, volume incentives, brand engagement newsletters."
12828,2011-08-01 16:16:00,2011-12-07 08:45:00,6,494,1018.71,46,0.0,0.0,0.0,3,130,169.78,25.4,0,0.5067,-0.1366,10.3,333.52,641.39,Loyal Customers,"Cross-sell premium categories, early bird access, referral incentives."
12829,2010-12-14 14:54:00,2011-01-07 11:13:00,2,376,293.0,9,1.0,1.0,33.33,337,360,146.5,23.0,1,-0.3473,0.1589,98.0,0.77,1.49,Hibernating / Inactive,"Automated reactivation campaign, steep 20% discount offer, clearance alerts."
12830,2011-06-21 10:53:00,2011-11-02 11:54:00,6,9848,6814.64,13,1.0,1.0,14.29,38,172,1135.77,26.8,3,0.2315,0.2197,37.0,1184.38,2277.65,Loyal Customers,"Cross-sell premium categories, early bird access, referral incentives."
12831,2011-03-22 13:02:00,2011-03-22 13:02:00,1,135,215.05,9,0.0,0.0,0.0,262,262,215.05,262.0,1,-0.3957,0.0253,61.3,15.07,28.99,Hibernating / Inactive,"Automated reactivation campaign, steep 20% discount offer, clearance alerts."
12832,2011-09-02 13:48:00,2011-11-07 13:30:00,2,195,383.03,27,0.0,0.0,0.0,32,98,191.52,66.0,2,0.0053,-0.1112,20.8,146.89,282.47,Promising New,"Welcome discount on 2nd purchase, onboarding email journey, product tips."
12833,2011-07-17 13:46:00,2011-07-17 13:46:00,1,156,417.38,24,0.0,0.0,0.0,145,145,417.38,145.0,1,-0.2873,-0.0178,53.5,63.51,122.14,Potential Loyalists,"Offer bundle discounts, volume incentives, brand engagement newsletters."
12834,2011-03-02 09:49:00,2011-03-02 09:49:00,1,110,312.38,18,0.0,0.0,0.0,283,283,312.38,283.0,1,-0.395,0.0504,61.3,20.27,38.98,Hibernating / Inactive,"Automated reactivation campaign, steep 20% discount offer, clearance alerts."
12836,2011-02-01 11:19:00,2011-10-11 15:10:00,4,1062,2610.36,148,0.0,0.0,0.0,59,312,652.59,84.3,3,0.0741,0.1562,29.7,279.09,536.7,Loyal Customers,"Cross-sell premium categories, early bird access, referral incentives."
12837,2011-06-19 16:07:00,2011-06-19 16:07:00,1,24,134.1,12,0.0,0.0,0.0,173,173,134.1,173.0,1,-0.3498,-0.0446,59.7,14.82,28.5,Hibernating / Inactive,"Automated reactivation campaign, steep 20% discount offer, clearance alerts."
12838,2010-12-01 11:57:00,2011-11-06 12:20:00,2,355,671.95,115,0.0,0.0,0.0,34,374,335.98,340.0,2,0.0148,-0.0802,17.0,70.76,136.08,Promising New,"Welcome discount on 2nd purchase, onboarding email journey, product tips."
12839,2010-12-07 15:48:00,2011-12-07 12:33:00,14,3807,5591.42,95,2.0,3.0,12.5,3,367,399.39,28.0,0,0.7037,0.1053,10.2,649.19,1248.44,Champions (VIP),"Exclusive VIP preview, concierge service, high-tier loyalty gifts."
12840,2011-04-27 12:21:00,2011-07-19 09:29:00,4,1511,2726.77,67,2.0,6.0,33.33,144,227,681.69,27.7,3,-0.055,0.2648,91.3,49.59,95.36,At-Risk High Spenders,"High-priority win-back promotion, dedicated account check-in, special survey."
12841,2010-12-03 10:43:00,2011-12-05 11:13:00,25,2720,3991.58,229,1.0,74.0,3.85,5,372,159.66,15.3,0,0.7353,0.2623,12.9,443.45,852.79,Champions (VIP),"Exclusive VIP preview, concierge service, high-tier loyalty gifts."
12842,2011-02-04 12:36:00,2011-09-30 15:33:00,2,547,1118.99,34,0.0,0.0,0.0,70,309,559.5,239.0,3,-0.0733,0.027,27.0,125.44,241.23,Potential Loyalists,"Offer bundle discounts, volume incentives, brand engagement newsletters."
12843,2011-03-20 14:38:00,2011-10-05 12:09:00,8,781,1702.26,69,1.0,28.0,11.11,66,264,212.78,28.3,3,0.1534,0.2821,58.5,126.97,244.17,Potential Loyalists,"Offer bundle discounts, volume incentives, brand engagement newsletters."
12844,2011-08-01 13:11:00,2011-11-10 13:31:00,2,125,325.96,47,0.0,0.0,0.0,29,130,162.98,101.0,2,0.0142,-0.1296,17.8,97.8,188.07,Promising New,"Welcome discount on 2nd purchase, onboarding email journey, product tips."
12845,2011-02-22 14:10:00,2011-03-17 13:34:00,4,204,354.09,26,0.0,0.0,0.0,267,290,88.52,7.7,1,-0.2117,0.2524,98.0,1.16,2.23,Hibernating / Inactive,"Automated reactivation campaign, steep 20% discount offer, clearance alerts."
12847,2011-11-17 13:16:00,2011-11-17 13:16:00,1,873,843.64,72,0.0,0.0,0.0,22,22,843.64,22.0,2,0.0086,-0.2115,26.1,324.19,623.45,Loyal Customers,"Cross-sell premium categories, early bird access, referral incentives."
12849,2011-03-16 12:26:00,2011-11-08 13:41:00,2,597,1010.29,47,0.0,0.0,0.0,31,269,505.14,238.0,2,0.0412,-0.0738,16.6,148.62,285.82,Loyal Customers,"Cross-sell premium categories, early bird access, referral incentives."
12851,2011-09-04 12:41:00,2011-09-04 12:41:00,1,106,131.81,43,0.0,0.0,0.0,97,97,131.81,97.0,1,-0.2655,-0.1148,42.8,36.88,70.93,Low Value Occasional,Target with low-barrier impulse buys and seasonal holiday campaigns.
12852,2011-02-18 08:47:00,2011-02-18 08:47:00,1,149,311.55,17,1.0,4.0,50.0,295,295,311.55,295.0,1,-0.4012,0.0553,61.3,19.39,37.29,Hibernating / Inactive,"Automated reactivation campaign, steep 20% discount offer, clearance alerts."
12853,2011-01-28 10:28:00,2011-07-28 11:29:00,6,800,1957.1,66,3.0,18.0,33.33,135,316,326.18,36.2,3,0.0065,0.3178,86.1,40.85,78.55,At-Risk High Spenders,"High-priority win-back promotion, dedicated account check-in, special survey."
12854,2011-01-25 13:35:00,2011-09-22 12:15:00,3,626,1316.25,95,2.0,5.0,40.0,79,318,438.75,119.5,3,-0.0322,0.1123,33.6,130.41,250.79,Potential Loyalists,"Offer bundle discounts, volume incentives, brand engagement newsletters."
12855,2010-12-02 09:37:00,2010-12-02 09:37:00,1,30,38.1,3,0.0,0.0,0.0,373,373,38.1,373.0,1,-0.503,-0.0048,61.3,1.88,3.61,Hibernating / Inactive,"Automated reactivation campaign, steep 20% discount offer, clearance alerts."
12856,2011-10-07 12:38:00,2011-12-02 10:52:00,6,1076,2170.78,155,2.0,3.0,25.0,8,64,361.8,11.2,0,0.4113,-0.0063,16.6,941.43,1810.45,Champions (VIP),"Exclusive VIP preview, concierge service, high-tier loyalty gifts."
12857,2011-02-10 12:32:00,2011-05-13 10:20:00,2,343,1106.4,37,0.0,0.0,0.0,211,303,553.2,92.0,1,-0.2354,0.1588,83.3,28.93,55.64,At-Risk High Spenders,"High-priority win-back promotion, dedicated account check-in, special survey."
12863,2011-10-18 14:15:00,2011-10-18 14:15:00,1,188,521.2,5,1.0,2.0,50.0,52,52,521.2,52.0,2,-0.1303,-0.131,32.8,182.13,350.25,Potential Loyalists,"Offer bundle discounts, volume incentives, brand engagement newsletters."
12864,2011-07-24 13:03:00,2011-07-24 13:03:00,1,216,147.12,3,0.0,0.0,0.0,138,138,147.12,138.0,1,-0.3136,-0.0679,51.9,24.33,46.79,Low Value Occasional,Target with low-barrier impulse buys and seasonal holiday campaigns.
12867,2010-12-14 16:39:00,2011-11-13 15:30:00,7,4284,4009.34,240,3.0,24.0,30.0,26,360,572.76,55.7,3,0.2935,0.1824,19.2,426.99,821.13,Champions (VIP),"Exclusive VIP preview, concierge service, high-tier loyalty gifts."
12868,2010-12-01 12:50:00,2011-06-07 10:42:00,6,928,1607.06,72,0.0,0.0,0.0,186,373,267.84,37.4,3,-0.047,0.3479,98.0,4.09,7.86,At-Risk High Spenders,"High-priority win-back promotion, dedicated account check-in, special survey."
12871,2011-05-16 13:32:00,2011-09-16 15:07:00,2,200,380.64,8,0.0,0.0,0.0,84,207,190.32,123.0,1,-0.1348,0.003,35.0,56.71,109.07,Low Value Occasional,Target with low-barrier impulse buys and seasonal holiday campaigns.
12872,2010-12-09 14:44:00,2011-01-17 10:52:00,2,319,599.97,58,0.0,0.0,0.0,327,365,299.98,38.0,1,-0.3197,0.1857,98.0,1.56,3.0,Hibernating / Inactive,"Automated reactivation campaign, steep 20% discount offer, clearance alerts."
12873,2011-03-02 14:58:00,2011-03-02 14:58:00,1,128,374.0,4,0.0,0.0,0.0,282,282,374.0,282.0,1,-0.3887,0.0576,61.3,24.35,46.83,Hibernating / Inactive,"Automated reactivation campaign, steep 20% discount offer, clearance alerts."
12875,2010-12-12 12:03:00,2011-07-19 15:30:00,2,2019,343.23,1,0.0,0.0,0.0,143,363,171.62,220.0,1,-0.216,0.0624,47.7,23.47,45.13,Low Value Occasional,Target with low-barrier impulse buys and seasonal holiday campaigns.
12877,2010-12-16 12:23:00,2011-12-06 10:30:00,12,1178,1535.77,100,0.0,0.0,0.0,4,359,127.98,32.3,0,0.6023,0.0455,10.5,181.67,349.37,Champions (VIP),"Exclusive VIP preview, concierge service, high-tier loyalty gifts."
12878,2011-03-18 14:02:00,2011-04-17 13:07:00,2,547,854.99,38,1.0,11.0,33.33,236,266,427.5,30.0,1,-0.2602,0.1614,98.0,3.05,5.87,Hibernating / Inactive,"Automated reactivation campaign, steep 20% discount offer, clearance alerts."
12879,2011-09-09 12:11:00,2011-10-26 12:24:00,3,370,573.22,7,1.0,7.0,25.0,45,92,191.07,23.5,3,0.0228,0.0101,47.3,155.8,299.62,Potential Loyalists,"Offer bundle discounts, volume incentives, brand engagement newsletters."
12881,2011-03-09 11:44:00,2011-03-09 11:44:00,1,21,298.0,7,0.0,0.0,0.0,276,276,298.0,276.0,1,-0.3928,0.0454,61.3,19.83,38.13,Hibernating / Inactive,"Automated reactivation campaign, steep 20% discount offer, clearance alerts."
12882,2011-11-06 11:22:00,2011-11-30 16:18:00,2,246,1463.04,12,0.0,0.0,0.0,9,34,731.52,25.0,2,0.2251,-0.1987,14.2,652.75,1255.29,Loyal Customers,"Cross-sell premium categories, early bird access, referral incentives."
12883,2011-09-11 15:18:00,2011-11-15 09:32:00,4,196,703.47,39,0.0,0.0,0.0,25,89,175.87,21.3,3,0.1553,-0.0007,29.8,256.8,493.84,Loyal Customers,"Cross-sell premium categories, early bird access, referral incentives."
12884,2011-09-12 13:10:00,2011-09-12 13:10:00,1,43,309.05,7,0.0,0.0,0.0,88,88,309.05,88.0,1,-0.2238,-0.0904,40.8,95.14,182.96,Low Value Occasional,Target with low-barrier impulse buys and seasonal holiday campaigns.
12885,2011-08-08 11:45:00,2011-10-07 13:40:00,3,655,1175.22,66,1.0,1.0,25.0,63,124,391.74,30.5,3,-0.0028,0.0805,53.8,207.77,399.55,Potential Loyalists,"Offer bundle discounts, volume incentives, brand engagement newsletters."
12886,2011-05-04 11:21:00,2011-10-03 10:09:00,2,770,1378.4,75,1.0,9.0,33.33,68,220,689.2,152.0,3,-0.0624,0.0324,28.3,213.16,409.93,Potential Loyalists,"Offer bundle discounts, volume incentives, brand engagement newsletters."
12888,2011-03-29 14:31:00,2011-05-09 16:02:00,2,76,354.12,4,2.0,8.0,50.0,214,255,177.06,41.0,1,-0.2743,0.1122,98.0,1.32,2.53,Hibernating / Inactive,"Automated reactivation campaign, steep 20% discount offer, clearance alerts."
12890,2011-11-15 17:26:00,2011-11-15 17:26:00,1,256,376.72,78,0.0,0.0,0.0,24,24,376.72,24.0,2,-0.0297,-0.2356,26.6,143.79,276.51,Promising New,"Welcome discount on 2nd purchase, onboarding email journey, product tips."
12891,2011-02-20 11:28:00,2011-06-07 12:31:00,3,950,331.0,2,0.0,0.0,0.0,186,293,110.33,53.5,1,-0.2022,0.1564,94.9,2.73,5.26,Hibernating / Inactive,"Automated reactivation campaign, steep 20% discount offer, clearance alerts."
12893,2011-11-09 12:34:00,2011-11-09 12:34:00,1,90,176.55,27,0.0,0.0,0.0,31,31,176.55,31.0,2,-0.0906,-0.2379,28.1,66.01,126.94,Promising New,"Welcome discount on 2nd purchase, onboarding email journey, product tips."
12895,2011-09-14 08:35:00,2011-10-28 13:51:00,2,210,372.8,22,1.0,6.0,33.33,42,87,186.4,45.0,2,-0.0347,-0.0803,29.5,136.67,262.82,Promising New,"Welcome discount on 2nd purchase, onboarding email journey, product tips."
12897,2011-02-11 11:40:00,2011-05-19 12:13:00,2,110,216.5,3,0.0,0.0,0.0,205,302,108.25,97.0,1,-0.2838,0.0862,80.6,6.6,12.69,Hibernating / Inactive,"Automated reactivation campaign, steep 20% discount offer, clearance alerts."
12902,2011-03-20 12:06:00,2011-03-20 12:06:00,1,66,138.68,10,0.0,0.0,0.0,265,265,138.68,265.0,1,-0.4115,0.0081,61.3,9.61,18.48,Hibernating / Inactive,"Automated reactivation campaign, steep 20% discount offer, clearance alerts."
12904,2011-06-20 13:18:00,2011-11-21 14:34:00,2,294,496.06,59,0.0,0.0,0.0,18,172,248.03,154.0,2,0.0953,-0.167,13.6,118.24,227.38,Promising New,"Welcome discount on 2nd purchase, onboarding email journey, product tips."
12906,2011-09-22 15:03:00,2011-11-28 09:55:00,5,1749,2919.81,55,0.0,0.0,0.0,12,78,583.96,16.5,0,0.3378,0.0165,19.7,1219.19,2344.6,Champions (VIP),"Exclusive VIP preview, concierge service, high-tier loyalty gifts."
12908,2011-01-31 12:37:00,2011-06-16 15:39:00,2,1200,750.0,1,2.0,1200.0,50.0,176,313,375.0,137.0,1,-0.2213,0.1205,65.3,39.45,75.87,Hibernating / Inactive,"Automated reactivation campaign, steep 20% discount offer, clearance alerts."
12909,2011-03-31 12:51:00,2011-10-31 12:43:00,5,1280,2178.67,78,3.0,10.0,37.5,40,253,435.73,53.2,3,0.1585,0.143,26.3,301.14,579.12,Loyal Customers,"Cross-sell premium categories, early bird access, referral incentives."
12910,2011-04-12 10:01:00,2011-11-16 14:28:00,8,1692,3075.04,48,0.0,0.0,0.0,23,242,384.38,31.3,0,0.3243,0.183,22.2,469.08,902.09,Champions (VIP),"Exclusive VIP preview, concierge service, high-tier loyalty gifts."
12912,2011-10-30 11:35:00,2011-12-07 08:55:00,5,670,1662.3,17,0.0,0.0,0.0,3,41,332.46,9.5,0,0.4938,-0.15,11.2,767.58,1476.12,Champions (VIP),"Exclusive VIP preview, concierge service, high-tier loyalty gifts."
12913,2010-12-06 16:36:00,2011-12-05 12:11:00,5,1419,2483.63,37,0.0,0.0,0.0,5,368,496.73,90.8,0,0.4468,-0.0839,10.1,287.9,553.65,Champions (VIP),"Exclusive VIP preview, concierge service, high-tier loyalty gifts."
12915,2010-12-02 12:33:00,2011-07-14 11:34:00,2,93,363.65,19,0.0,0.0,0.0,149,373,181.82,224.0,1,-0.2202,0.0698,49.2,23.5,45.19,Low Value Occasional,Target with low-barrier impulse buys and seasonal holiday campaigns.
12916,2011-01-23 10:43:00,2011-07-24 10:35:00,4,1083,2944.95,53,1.0,8.0,20.0,139,321,736.24,60.7,3,-0.0473,0.2638,74.1,112.75,216.82,At-Risk High Spenders,"High-priority win-back promotion, dedicated account check-in, special survey."
12917,2011-08-03 16:42:00,2011-08-03 16:42:00,1,120,594.0,2,0.0,0.0,0.0,128,128,594.0,128.0,1,-0.2576,-0.0178,49.7,110.76,213.0,Potential Loyalists,"Offer bundle discounts, volume incentives, brand engagement newsletters."
12919,2011-06-23 09:22:00,2011-12-01 13:47:00,6,673,1335.19,34,2.0,5.0,25.0,8,170,222.53,32.4,0,0.3956,-0.027,12.7,325.34,625.66,Loyal Customers,"Cross-sell premium categories, early bird access, referral incentives."
12920,2011-11-22 15:05:00,2011-11-22 15:05:00,1,128,162.78,27,0.0,0.0,0.0,17,17,162.78,17.0,2,-0.0082,-0.3109,25.0,63.48,122.08,Promising New,"Welcome discount on 2nd purchase, onboarding email journey, product tips."
12922,2011-07-01 15:35:00,2011-07-01 15:35:00,1,370,405.38,28,0.0,0.0,0.0,161,161,405.38,161.0,1,-0.3036,-0.0065,57.0,51.37,98.8,Hibernating / Inactive,"Automated reactivation campaign, steep 20% discount offer, clearance alerts."
12923,2011-10-06 16:20:00,2011-10-06 16:20:00,1,68,172.82,28,0.0,0.0,0.0,64,64,172.82,64.0,2,-0.1961,-0.1531,35.5,57.96,111.47,Low Value Occasional,Target with low-barrier impulse buys and seasonal holiday campaigns.
12924,2011-01-16 11:49:00,2011-09-12 13:55:00,4,481,933.7,22,1.0,1.0,20.0,88,328,233.42,80.0,3,-0.0174,0.1602,42.5,77.67,149.36,Potential Loyalists,"Offer bundle discounts, volume incentives, brand engagement newsletters."
12925,2011-09-26 11:05:00,2011-12-05 11:11:00,2,541,694.05,42,0.0,0.0,0.0,5,75,347.02,70.0,2,0.2765,-0.2922,10.3,323.73,622.55,Promising New,"Welcome discount on 2nd purchase, onboarding email journey, product tips."
12928,2010-12-15 15:45:00,2011-11-04 14:24:00,5,1472,2062.7,59,0.0,0.0,0.0,35,359,412.54,81.0,3,0.1759,0.1249,20.8,215.93,415.24,Loyal Customers,"Cross-sell premium categories, early bird access, referral incentives."
12929,2011-02-01 12:08:00,2011-02-01 12:08:00,1,37,117.85,8,1.0,1.0,50.0,312,312,117.85,312.0,1,-0.4407,0.0209,61.3,6.94,13.34,Hibernating / Inactive,"Automated reactivation campaign, steep 20% discount offer, clearance alerts."
12930,2011-06-21 13:25:00,2011-09-22 15:18:00,2,252,415.8,20,2.0,2.0,50.0,78,171,207.9,93.0,1,-0.1211,-0.0021,36.0,73.84,142.0,Potential Loyalists,"Offer bundle discounts, volume incentives, brand engagement newsletters."
12931,2010-12-17 09:45:00,2011-11-18 12:39:00,15,28004,42055.96,28,5.0,4627.0,25.0,22,358,2803.73,24.0,0,0.5224,0.417,24.8,4191.78,8061.12,Champions (VIP),"Exclusive VIP preview, concierge service, high-tier loyalty gifts."
12933,2011-03-01 11:30:00,2011-11-15 16:38:00,3,499,607.53,102,1.0,1.0,25.0,24,284,202.51,130.0,2,0.1148,-0.0612,15.6,85.67,164.75,Potential Loyalists,"Offer bundle discounts, volume incentives, brand engagement newsletters."
12935,2011-01-24 13:58:00,2011-12-07 17:25:00,7,1853,2160.7,80,1.0,1.0,12.5,2,319,308.67,52.8,0,0.5984,-0.1097,9.3,291.5,560.59,Champions (VIP),"Exclusive VIP preview, concierge service, high-tier loyalty gifts."
12936,2011-09-22 13:51:00,2011-11-22 17:32:00,4,559,1063.9,56,1.0,20.0,20.0,17,78,265.98,20.3,3,0.2231,-0.0276,22.4,429.31,825.6,Loyal Customers,"Cross-sell premium categories, early bird access, referral incentives."
12937,2011-03-17 14:19:00,2011-11-24 15:05:00,4,1007,1504.27,81,0.0,0.0,0.0,15,267,376.07,84.0,0,0.2517,-0.0271,13.5,231.24,444.7,Champions (VIP),"Exclusive VIP preview, concierge service, high-tier loyalty gifts."
12938,2011-11-14 11:21:00,2011-11-14 11:21:00,1,140,114.14,9,0.0,0.0,0.0,26,26,114.14,26.0,2,-0.0795,-0.2768,27.0,43.33,83.32,Promising New,"Welcome discount on 2nd purchase, onboarding email journey, product tips."
12939,2011-01-09 11:20:00,2011-10-06 14:33:00,8,4876,11581.8,21,0.0,0.0,0.0,64,335,1447.72,38.7,3,0.2199,0.3599,47.0,869.44,1672.01,Potential Loyalists,"Offer bundle discounts, volume incentives, brand engagement newsletters."
12940,2011-09-13 10:16:00,2011-10-16 12:09:00,2,404,899.69,87,2.0,5.0,50.0,55,88,449.84,33.0,2,-0.0453,-0.011,45.2,256.37,493.02,Loyal Customers,"Cross-sell premium categories, early bird access, referral incentives."
12942,2010-12-09 09:34:00,2011-07-31 14:39:00,3,198,675.6,68,0.0,0.0,0.0,131,366,225.2,117.5,1,-0.1277,0.1446,52.3,41.78,80.35,Potential Loyalists,"Offer bundle discounts, volume incentives, brand engagement newsletters."
12944,2010-12-20 10:41:00,2011-11-04 11:04:00,2,289,604.51,29,0.0,0.0,0.0,36,355,302.26,319.0,2,0.0031,-0.078,17.5,66.66,128.19,Promising New,"Welcome discount on 2nd purchase, onboarding email journey, product tips."
12945,2011-02-24 14:15:00,2011-02-24 14:15:00,1,165,462.95,23,0.0,0.0,0.0,288,288,462.95,288.0,1,-0.3849,0.0692,61.3,29.52,56.77,Hibernating / Inactive,"Automated reactivation campaign, steep 20% discount offer, clearance alerts."
12947,2010-12-01 16:21:00,2011-07-19 10:06:00,6,1165,1603.99,83,5.0,8.0,45.45,144,373,267.33,45.8,3,-0.0094,0.3171,84.7,31.22,60.04,At-Risk High Spenders,"High-priority win-back promotion, dedicated account check-in, special survey."
12948,2011-03-20 10:17:00,2011-11-23 17:10:00,7,1080,2064.95,82,1.0,3.0,12.5,16,265,294.99,41.5,0,0.3405,0.0982,16.0,310.58,597.27,Champions (VIP),"Exclusive VIP preview, concierge service, high-tier loyalty gifts."
12949,2011-04-01 13:20:00,2011-11-09 11:25:00,8,2381,4167.22,166,2.0,18.0,20.0,31,252,520.9,31.6,3,0.2916,0.2307,27.8,566.52,1089.47,Loyal Customers,"Cross-sell premium categories, early bird access, referral incentives."
12950,2011-11-15 13:48:00,2011-12-07 13:17:00,3,1380,1843.0,13,0.0,0.0,0.0,2,24,614.33,11.0,0,0.4641,-0.2706,10.3,859.64,1653.16,Champions (VIP),"Exclusive VIP preview, concierge service, high-tier loyalty gifts."
12951,2011-01-13 10:33:00,2011-12-01 12:14:00,6,503,1064.07,53,2.0,3.0,25.0,9,331,177.34,64.4,0,0.3726,-0.0239,11.8,134.53,258.72,Loyal Customers,"Cross-sell premium categories, early bird access, referral incentives."
12952,2011-09-22 16:37:00,2011-12-04 10:35:00,4,653,1387.79,64,1.0,1.0,20.0,6,78,346.95,24.0,0,0.3713,-0.1305,12.3,632.89,1217.1,Loyal Customers,"Cross-sell premium categories, early bird access, referral incentives."
12953,2011-11-30 09:24:00,2011-11-30 09:24:00,1,84,329.85,17,0.0,0.0,0.0,10,10,329.85,10.0,2,0.0874,-0.3406,19.0,138.93,267.18,Promising New,"Welcome discount on 2nd purchase, onboarding email journey, product tips."
12955,2011-03-17 09:03:00,2011-12-08 16:29:00,11,3664,4757.16,81,3.0,22.0,21.43,1,268,432.47,26.7,0,0.7594,-0.0351,9.1,765.62,1472.35,Champions (VIP),"Exclusive VIP preview, concierge service, high-tier loyalty gifts."
12956,2011-02-06 16:08:00,2011-02-06 16:08:00,1,34,108.07,19,0.0,0.0,0.0,306,306,108.07,306.0,1,-0.4406,0.0149,61.3,6.49,12.47,Hibernating / Inactive,"Automated reactivation campaign, steep 20% discount offer, clearance alerts."
12957,2011-01-04 12:18:00,2011-11-30 09:53:00,8,2549,4017.54,208,4.0,18.0,33.33,10,340,502.19,47.1,0,0.4483,0.1,12.8,488.91,940.22,Champions (VIP),"Exclusive VIP preview, concierge service, high-tier loyalty gifts."
12962,2011-08-18 13:38:00,2011-12-02 15:55:00,2,129,266.39,15,0.0,0.0,0.0,7,113,133.2,106.0,2,0.2031,-0.298,10.7,99.89,192.11,Promising New,"Welcome discount on 2nd purchase, onboarding email journey, product tips."
12963,2010-12-09 09:14:00,2011-12-01 12:55:00,8,881,1856.63,75,1.0,8.0,11.11,8,366,232.08,51.1,0,0.453,0.0429,11.8,212.3,408.27,Champions (VIP),"Exclusive VIP preview, concierge service, high-tier loyalty gifts."
12965,2011-09-11 15:31:00,2011-09-11 15:31:00,1,282,769.81,108,0.0,0.0,0.0,89,89,769.81,89.0,1,-0.196,-0.0504,41.0,236.18,454.19,Potential Loyalists,"Offer bundle discounts, volume incentives, brand engagement newsletters."
12966,2011-11-30 12:38:00,2011-11-30 12:38:00,1,75,160.18,10,0.0,0.0,0.0,10,10,160.18,10.0,2,0.0641,-0.3712,19.0,67.47,129.75,Promising New,"Welcome discount on 2nd purchase, onboarding email journey, product tips."
12967,2010-12-03 09:49:00,2010-12-16 19:10:00,2,438,1660.9,19,2.0,195.0,50.0,358,372,830.45,14.0,1,-0.3002,0.2398,98.0,4.24,8.15,At-Risk High Spenders,"High-priority win-back promotion, dedicated account check-in, special survey."
12968,2011-08-19 15:44:00,2011-08-19 15:44:00,1,73,135.95,5,0.0,0.0,0.0,112,112,135.95,112.0,1,-0.2855,-0.0963,46.1,31.04,59.7,Low Value Occasional,Target with low-barrier impulse buys and seasonal holiday campaigns.
12970,2011-01-21 14:04:00,2011-12-02 14:30:00,4,268,405.47,116,0.0,0.0,0.0,7,322,101.37,105.0,0,0.3118,-0.1666,10.7,53.36,102.61,Potential Loyalists,"Offer bundle discounts, volume incentives, brand engagement newsletters."
12974,2011-05-26 09:33:00,2011-05-26 09:33:00,1,24,144.8,8,0.0,0.0,0.0,198,198,144.8,198.0,1,-0.3672,-0.0252,61.3,13.43,25.83,Hibernating / Inactive,"Automated reactivation campaign, steep 20% discount offer, clearance alerts."
12976,2011-05-12 09:55:00,2011-05-12 09:55:00,1,561,738.6,22,0.0,0.0,0.0,212,212,738.6,212.0,1,-0.3247,0.0521,61.3,63.98,123.03,Hibernating / Inactive,"Automated reactivation campaign, steep 20% discount offer, clearance alerts."
12977,2011-07-06 16:40:00,2011-07-06 16:40:00,1,12,39.24,9,0.0,0.0,0.0,156,156,39.24,156.0,1,-0.3737,-0.1086,55.9,5.26,10.12,Hibernating / Inactive,"Automated reactivation campaign, steep 20% discount offer, clearance alerts."
12980,2010-12-16 11:36:00,2011-07-05 09:34:00,9,886,7374.9,6,3.0,22.0,25.0,158,359,819.43,25.1,3,0.0927,0.4724,94.9,49.71,95.6,At-Risk High Spenders,"High-priority win-back promotion, dedicated account check-in, special survey."
12981,2011-07-29 14:14:00,2011-11-10 12:00:00,2,242,372.22,12,0.0,0.0,0.0,30,133,186.11,103.0,2,0.0136,-0.12,18.1,108.76,209.15,Promising New,"Welcome discount on 2nd purchase, onboarding email journey, product tips."
12982,2011-04-11 11:51:00,2011-04-11 11:51:00,1,288,390.54,28,1.0,10.0,50.0,243,243,390.54,243.0,1,-0.3654,0.0415,61.3,29.51,56.75,Hibernating / Inactive,"Automated reactivation campaign, steep 20% discount offer, clearance alerts."
12984,2011-11-21 12:37:00,2011-11-21 12:37:00,1,26,97.5,4,0.0,0.0,0.0,19,19,97.5,19.0,2,-0.0402,-0.3198,25.5,37.77,72.64,Promising New,"Welcome discount on 2nd purchase, onboarding email journey, product tips."
12985,2011-11-11 12:44:00,2011-12-09 10:46:00,2,1533,1239.38,73,1.0,120.0,33.33,1,29,619.69,28.0,0,0.4577,-0.4005,9.1,585.83,1126.6,Loyal Customers,"Cross-sell premium categories, early bird access, referral incentives."
12987,2011-05-26 12:00:00,2011-09-27 12:03:00,2,219,558.7,27,1.0,2.0,33.33,74,198,279.35,124.0,1,-0.1039,0.0041,31.6,91.58,176.12,Potential Loyalists,"Offer bundle discounts, volume incentives, brand engagement newsletters."
12988,2011-02-20 14:31:00,2011-02-20 14:31:00,1,126,505.82,75,0.0,0.0,0.0,292,292,505.82,292.0,1,-0.3841,0.0746,61.3,31.81,61.17,Hibernating / Inactive,"Automated reactivation campaign, steep 20% discount offer, clearance alerts."
12989,2010-12-10 13:24:00,2011-12-06 15:28:00,15,2943,6924.11,41,4.0,28.0,21.05,3,364,461.61,25.8,0,0.7226,0.1287,10.2,810.55,1558.74,Champions (VIP),"Exclusive VIP preview, concierge service, high-tier loyalty gifts."
12990,2011-02-02 15:39:00,2011-11-08 13:01:00,3,200,409.5,8,0.0,0.0,0.0,31,310,136.5,139.5,2,0.0656,-0.0481,17.5,51.71,99.44,Potential Loyalists,"Offer bundle discounts, volume incentives, brand engagement newsletters."
12991,2011-08-19 14:39:00,2011-11-16 15:34:00,2,405,503.76,31,0.0,0.0,0.0,23,112,251.88,89.0,2,0.0612,-0.1381,16.1,179.06,344.35,Promising New,"Welcome discount on 2nd purchase, onboarding email journey, product tips."
12993,2011-02-14 14:29:00,2011-11-16 15:49:00,4,240,414.76,26,0.0,0.0,0.0,23,298,103.69,91.7,3,0.1501,-0.0328,16.1,55.41,106.56,Potential Loyalists,"Offer bundle discounts, volume incentives, brand engagement newsletters."
12994,2011-03-16 08:31:00,2011-12-05 15:43:00,3,459,974.42,52,2.0,19.0,40.0,4,269,324.81,132.5,0,0.368,-0.2359,9.7,155.21,298.48,Loyal Customers,"Cross-sell premium categories, early bird access, referral incentives."
12995,2011-09-15 15:44:00,2011-09-15 15:44:00,1,108,211.32,3,1.0,10.0,50.0,85,85,211.32,85.0,1,-0.231,-0.1107,40.1,65.82,126.58,Low Value Occasional,Target with low-barrier impulse buys and seasonal holiday campaigns.
12997,2011-01-26 15:49:00,2011-11-17 15:47:00,4,664,1226.89,45,3.0,16.0,42.86,22,317,306.72,98.3,3,0.1914,0.0081,15.6,155.0,298.07,Loyal Customers,"Cross-sell premium categories, early bird access, referral incentives."
12999,2011-04-08 10:26:00,2011-05-27 13:24:00,3,342,455.88,25,0.0,0.0,0.0,196,246,151.96,25.0,1,-0.1996,0.1763,98.0,1.76,3.38,Hibernating / Inactive,"Automated reactivation campaign, steep 20% discount offer, clearance alerts."
13000,2010-12-10 10:26:00,2011-08-25 10:43:00,3,379,534.85,30,0.0,0.0,0.0,107,365,178.28,129.0,3,-0.1056,0.1104,42.3,40.12,77.15,Potential Loyalists,"Offer bundle discounts, volume incentives, brand engagement newsletters."
13001,2011-01-17 12:45:00,2011-12-05 14:51:00,13,5490,9785.97,166,2.0,8.0,13.33,4,327,752.77,26.9,0,0.676,0.1407,10.8,1266.66,2435.88,Champions (VIP),"Exclusive VIP preview, concierge service, high-tier loyalty gifts."
13002,2011-01-25 15:18:00,2011-01-25 15:18:00,1,73,120.95,7,0.0,0.0,0.0,318,318,120.95,318.0,1,-0.4427,0.0243,61.3,6.98,13.43,Hibernating / Inactive,"Automated reactivation campaign, steep 20% discount offer, clearance alerts."
13003,2011-05-09 08:23:00,2011-08-26 10:50:00,3,103,149.05,4,0.0,0.0,0.0,106,215,49.68,54.5,1,-0.1454,0.0551,61.4,12.7,24.42,Low Value Occasional,Target with low-barrier impulse buys and seasonal holiday campaigns.
13005,2011-04-07 13:32:00,2011-06-19 10:53:00,2,172,513.7,21,1.0,5.0,33.33,174,246,256.85,72.0,1,-0.2319,0.1031,83.7,16.15,31.06,Hibernating / Inactive,"Automated reactivation campaign, steep 20% discount offer, clearance alerts."
13006,2011-10-14 13:49:00,2011-10-14 13:49:00,1,55,81.57,4,0.0,0.0,0.0,56,56,81.57,56.0,2,-0.2007,-0.2006,33.7,28.12,54.08,Low Value Occasional,Target with low-barrier impulse buys and seasonal holiday campaigns.
13008,2011-01-20 14:24:00,2011-01-20 14:24:00,1,175,229.47,14,1.0,60.0,50.0,323,323,229.47,323.0,1,-0.4244,0.0533,61.3,13.05,25.09,Hibernating / Inactive,"Automated reactivation campaign, steep 20% discount offer, clearance alerts."
13011,2010-12-02 17:22:00,2010-12-02 17:22:00,1,13,50.55,3,0.0,0.0,0.0,372,372,50.55,372.0,1,-0.4937,0.0066,61.3,2.5,4.8,Hibernating / Inactive,"Automated reactivation campaign, steep 20% discount offer, clearance alerts."
13012,2011-02-18 09:43:00,2011-11-30 13:05:00,8,820,1646.84,67,3.0,153.0,27.27,9,295,205.86,40.9,0,0.4336,0.0506,12.6,231.52,445.23,Champions (VIP),"Exclusive VIP preview, concierge service, high-tier loyalty gifts."
13013,2010-12-03 12:28:00,2011-12-08 15:01:00,13,2224,4810.94,155,2.0,7.0,13.33,1,372,370.07,30.9,0,0.7885,-0.0003,9.0,558.42,1073.89,Champions (VIP),"Exclusive VIP preview, concierge service, high-tier loyalty gifts."
13014,2011-03-03 18:28:00,2011-11-29 12:27:00,10,905,3466.28,67,6.0,21.0,37.5,11,281,346.63,30.0,0,0.4681,0.1489,14.7,499.28,960.16,Champions (VIP),"Exclusive VIP preview, concierge service, high-tier loyalty gifts."
13015,2011-04-04 14:28:00,2011-10-17 13:19:00,5,1609,3339.64,156,0.0,0.0,0.0,53,249,667.93,49.0,3,0.1316,0.1945,34.4,417.49,802.86,Loyal Customers,"Cross-sell premium categories, early bird access, referral incentives."
13016,2011-08-08 15:00:00,2011-09-27 14:08:00,3,527,789.89,39,0.0,0.0,0.0,73,123,263.3,25.0,3,-0.0371,0.0812,67.0,100.56,193.38,Potential Loyalists,"Offer bundle discounts, volume incentives, brand engagement newsletters."
13017,2011-12-02 15:53:00,2011-12-02 15:53:00,1,48,204.0,1,0.0,0.0,0.0,7,7,204.0,7.0,2,0.119,-0.3995,15.4,89.74,172.58,Promising New,"Welcome discount on 2nd purchase, onboarding email journey, product tips."
13021,2010-12-16 10:12:00,2011-12-05 16:37:00,9,1352,2616.38,101,3.0,16.0,25.0,4,359,290.71,44.4,0,0.5706,0.0098,10.2,310.54,597.2,Champions (VIP),"Exclusive VIP preview, concierge service, high-tier loyalty gifts."
13023,2011-08-02 09:34:00,2011-10-06 16:27:00,2,286,689.9,36,0.0,0.0,0.0,64,130,344.95,66.0,2,-0.0759,-0.0042,35.0,163.68,314.77,Potential Loyalists,"Offer bundle discounts, volume incentives, brand engagement newsletters."
13026,2011-03-09 11:35:00,2011-12-08 16:58:00,5,1620,975.36,32,3.0,34.0,37.5,1,276,195.07,68.8,0,0.5791,-0.2565,8.9,152.76,293.77,Loyal Customers,"Cross-sell premium categories, early bird access, referral incentives."
13027,2010-12-20 12:45:00,2011-08-18 09:39:00,6,17280,6912.0,6,0.0,0.0,0.0,114,355,1152.0,48.2,3,0.072,0.3511,69.6,280.86,540.11,Potential Loyalists,"Offer bundle discounts, volume incentives, brand engagement newsletters."
13028,2011-10-25 14:09:00,2011-11-17 11:10:00,2,798,661.32,40,1.0,2.0,33.33,23,45,330.66,22.0,2,0.07,-0.1266,27.1,250.69,482.1,Promising New,"Welcome discount on 2nd purchase, onboarding email journey, product tips."
13029,2010-12-21 13:53:00,2011-11-09 09:13:00,3,134,1247.5,8,0.0,0.0,0.0,31,353,415.83,161.0,3,0.1016,-0.0008,17.2,138.84,267.01,Loyal Customers,"Cross-sell premium categories, early bird access, referral incentives."
13030,2010-12-06 14:31:00,2011-11-28 14:30:00,2,348,752.44,76,0.0,0.0,0.0,11,368,376.22,357.0,2,0.1767,-0.2049,11.2,86.15,165.68,Loyal Customers,"Cross-sell premium categories, early bird access, referral incentives."
13032,2011-09-13 16:40:00,2011-10-18 15:54:00,2,375,1010.18,55,1.0,8.0,33.33,52,87,505.09,35.0,2,-0.0334,-0.0127,41.3,308.35,592.98,Loyal Customers,"Cross-sell premium categories, early bird access, referral incentives."
13033,2010-12-17 14:23:00,2010-12-17 14:23:00,1,83,190.55,11,0.0,0.0,0.0,357,357,190.55,357.0,1,-0.4452,0.0575,61.3,9.8,18.85,Hibernating / Inactive,"Automated reactivation campaign, steep 20% discount offer, clearance alerts."
13034,2010-12-05 14:52:00,2011-10-16 12:21:00,2,369,642.77,37,0.0,0.0,0.0,55,369,321.38,314.0,2,-0.0562,-0.0253,22.4,64.14,123.34,Potential Loyalists,"Offer bundle discounts, volume incentives, brand engagement newsletters."
13035,2011-03-24 09:21:00,2011-09-27 08:57:00,2,644,921.88,23,1.0,17.0,33.33,74,261,460.94,187.0,3,-0.0877,0.0254,29.0,118.99,228.84,Potential Loyalists,"Offer bundle discounts, volume incentives, brand engagement newsletters."
13037,2011-03-28 15:42:00,2011-07-24 15:46:00,3,431,881.07,44,0.0,0.0,0.0,138,256,293.69,59.0,1,-0.1268,0.1621,74.6,41.48,79.77,Potential Loyalists,"Offer bundle discounts, volume incentives, brand engagement newsletters."
13038,2011-02-22 11:43:00,2011-09-20 14:37:00,3,360,908.46,24,0.0,0.0,0.0,80,291,302.82,105.5,3,-0.046,0.0981,35.2,95.99,184.6,Potential Loyalists,"Offer bundle discounts, volume incentives, brand engagement newsletters."
13040,2011-11-06 13:53:00,2011-12-01 10:38:00,2,355,676.99,38,0.0,0.0,0.0,9,33,338.5,24.0,2,0.2002,-0.2315,14.4,301.35,579.51,Promising New,"Welcome discount on 2nd purchase, onboarding email journey, product tips."
13043,2011-03-11 14:52:00,2011-03-11 14:52:00,1,254,516.42,13,1.0,3.0,50.0,273,273,516.42,273.0,1,-0.3735,0.0674,61.3,34.74,66.8,Hibernating / Inactive,"Automated reactivation campaign, steep 20% discount offer, clearance alerts."
13044,2011-02-21 15:20:00,2011-02-21 15:20:00,1,429,560.47,33,0.0,0.0,0.0,291,291,560.47,291.0,1,-0.3803,0.0785,61.3,35.37,68.01,Hibernating / Inactive,"Automated reactivation campaign, steep 20% discount offer, clearance alerts."
13045,2011-09-01 15:04:00,2011-09-01 15:04:00,1,221,305.28,18,0.0,0.0,0.0,99,99,305.28,99.0,1,-0.2414,-0.0769,43.3,82.96,159.54,Low Value Occasional,Target with low-barrier impulse buys and seasonal holiday campaigns.
13046,2011-03-18 15:43:00,2011-11-09 08:36:00,2,264,629.31,33,0.0,0.0,0.0,31,266,314.65,235.0,2,0.0259,-0.0939,16.6,93.62,180.04,Promising New,"Welcome discount on 2nd purchase, onboarding email journey, product tips."
13047,2010-12-01 08:34:00,2011-11-08 12:06:00,10,1391,3237.54,106,8.0,36.0,44.44,32,374,323.75,38.0,3,0.3163,0.2684,25.8,304.77,586.1,Loyal Customers,"Cross-sell premium categories, early bird access, referral incentives."
13048,2011-01-16 14:36:00,2011-11-25 13:23:00,4,1228,1819.41,77,1.0,8.0,20.0,14,327,454.85,104.3,0,0.2674,-0.0268,12.9,229.95,442.21,Champions (VIP),"Exclusive VIP preview, concierge service, high-tier loyalty gifts."
13049,2011-01-25 16:33:00,2011-10-06 15:31:00,2,268,656.68,14,0.0,0.0,0.0,64,318,328.34,254.0,2,-0.0775,-0.0063,25.2,73.29,140.95,Potential Loyalists,"Offer bundle discounts, volume incentives, brand engagement newsletters."
13050,2010-12-08 09:30:00,2011-11-25 09:18:00,17,3748,5836.86,246,11.0,41.0,39.29,15,367,343.34,22.0,0,0.5341,0.3153,19.7,605.98,1165.35,Champions (VIP),"Exclusive VIP preview, concierge service, high-tier loyalty gifts."
13052,2011-05-11 14:12:00,2011-05-11 14:12:00,1,222,348.15,18,0.0,0.0,0.0,212,212,348.15,212.0,1,-0.349,0.0202,61.3,30.16,57.99,Hibernating / Inactive,"Automated reactivation campaign, steep 20% discount offer, clearance alerts."
13055,2011-05-10 08:58:00,2011-09-22 14:26:00,3,894,1214.41,74,1.0,3.0,25.0,78,214,404.8,68.0,3,-0.0329,0.1074,41.1,158.6,305.0,Potential Loyalists,"Offer bundle discounts, volume incentives, brand engagement newsletters."
13058,2011-07-11 12:01:00,2011-11-15 12:43:00,3,52,271.4,5,0.0,0.0,0.0,25,152,90.47,63.5,2,0.083,-0.0907,18.1,69.39,133.44,Low Value Occasional,Target with low-barrier impulse buys and seasonal holiday campaigns.
13059,2011-04-04 10:40:00,2011-04-04 10:40:00,1,35,183.4,8,0.0,0.0,0.0,250,250,183.4,250.0,1,-0.3939,0.0129,61.3,13.47,25.91,Hibernating / Inactive,"Automated reactivation campaign, steep 20% discount offer, clearance alerts."
13060,2011-03-31 11:37:00,2011-03-31 11:37:00,1,123,307.53,15,0.0,0.0,0.0,254,254,307.53,254.0,1,-0.3796,0.0367,61.3,22.23,42.76,Hibernating / Inactive,"Automated reactivation campaign, steep 20% discount offer, clearance alerts."
13061,2011-09-28 16:04:00,2011-09-28 16:04:00,1,107,248.61,10,0.0,0.0,0.0,72,72,248.61,72.0,1,-0.2015,-0.1236,37.3,81.06,155.88,Low Value Occasional,Target with low-barrier impulse buys and seasonal holiday campaigns.
13062,2011-06-01 15:12:00,2011-06-01 15:12:00,1,343,346.98,11,0.0,0.0,0.0,191,191,346.98,191.0,1,-0.3337,0.0075,61.3,33.36,64.15,Hibernating / Inactive,"Automated reactivation campaign, steep 20% discount offer, clearance alerts."
13064,2011-01-16 13:41:00,2011-11-27 12:31:00,4,514,1105.59,51,0.0,0.0,0.0,13,327,276.4,104.7,0,0.2615,-0.0563,12.5,140.38,269.95,Loyal Customers,"Cross-sell premium categories, early bird access, referral incentives."
13065,2010-12-01 16:52:00,2010-12-01 16:52:00,1,74,205.86,14,0.0,0.0,0.0,373,373,205.86,373.0,1,-0.4491,0.066,61.3,10.13,19.49,Hibernating / Inactive,"Automated reactivation campaign, steep 20% discount offer, clearance alerts."
13066,2011-11-07 17:06:00,2011-11-15 12:57:00,2,322,470.8,48,1.0,2.0,33.33,24,32,235.4,8.0,2,0.053,-0.136,39.2,148.85,286.25,Promising New,"Welcome discount on 2nd purchase, onboarding email journey, product tips."
13067,2011-09-18 13:38:00,2011-09-18 13:38:00,1,32,115.46,14,0.0,0.0,0.0,82,82,115.46,82.0,1,-0.2452,-0.1405,39.5,36.32,69.85,Low Value Occasional,Target with low-barrier impulse buys and seasonal holiday campaigns.
13068,2011-01-24 08:20:00,2011-11-29 15:00:00,2,200,344.0,1,0.0,0.0,0.0,10,320,172.0,310.0,2,0.1643,-0.2487,11.0,45.4,87.3,Promising New,"Welcome discount on 2nd purchase, onboarding email journey, product tips."
13069,2010-12-05 11:02:00,2011-12-09 08:39:00,24,5873,4431.44,281,3.0,419.0,11.11,1,370,184.64,16.0,0,0.8938,0.1251,9.3,515.44,991.23,Champions (VIP),"Exclusive VIP preview, concierge service, high-tier loyalty gifts."
13070,2011-05-31 13:45:00,2011-05-31 13:45:00,1,110,228.8,9,0.0,0.0,0.0,192,192,228.8,192.0,1,-0.3479,-0.0095,61.3,21.88,42.08,Hibernating / Inactive,"Automated reactivation campaign, steep 20% discount offer, clearance alerts."
13072,2011-03-18 08:12:00,2011-03-18 08:12:00,1,69,177.15,7,0.0,0.0,0.0,267,267,177.15,267.0,1,-0.4047,0.0194,61.3,12.18,23.43,Hibernating / Inactive,"Automated reactivation campaign, steep 20% discount offer, clearance alerts."
13075,2011-08-02 10:19:00,2011-08-02 10:19:00,1,485,919.61,22,0.0,0.0,0.0,130,130,919.61,130.0,1,-0.2458,0.0026,50.1,167.49,322.1,Potential Loyalists,"Offer bundle discounts, volume incentives, brand engagement newsletters."
13077,2010-12-08 14:59:00,2011-12-08 19:24:00,4,862,728.02,99,0.0,0.0,0.0,1,366,182.0,121.7,0,0.5356,-0.3095,8.8,86.08,165.53,Loyal Customers,"Cross-sell premium categories, early bird access, referral incentives."
13079,2011-07-22 14:41:00,2011-12-05 16:53:00,5,62,220.1,2,0.0,0.0,0.0,4,140,44.02,34.0,0,0.3956,-0.2088,10.5,66.77,128.39,Potential Loyalists,"Offer bundle discounts, volume incentives, brand engagement newsletters."
13080,2011-06-13 14:59:00,2011-06-13 14:59:00,1,120,58.08,6,0.0,0.0,0.0,179,179,58.08,179.0,1,-0.3815,-0.0757,61.0,6.0,11.55,Hibernating / Inactive,"Automated reactivation campaign, steep 20% discount offer, clearance alerts."
13081,2010-12-03 17:20:00,2011-11-28 10:54:00,11,19068,28337.38,503,10.0,139.0,47.62,12,371,2576.13,35.9,0,0.5404,0.2672,14.5,3098.77,5959.17,Champions (VIP),"Exclusive VIP preview, concierge service, high-tier loyalty gifts."
13082,2011-01-05 15:42:00,2011-08-05 16:16:00,9,4324,3613.63,63,1.0,11.0,10.0,126,338,401.51,26.5,3,0.1028,0.4149,86.8,66.96,128.77,At-Risk High Spenders,"High-priority win-back promotion, dedicated account check-in, special survey."
13083,2011-09-25 10:46:00,2011-12-05 15:01:00,2,187,303.75,15,0.0,0.0,0.0,4,76,151.88,72.0,2,0.2768,-0.3493,9.9,142.32,273.69,Promising New,"Welcome discount on 2nd purchase, onboarding email journey, product tips."
13085,2011-02-17 13:57:00,2011-07-05 12:11:00,2,216,416.08,17,1.0,108.0,33.33,158,295,208.04,137.0,1,-0.2245,0.0825,59.0,27.44,52.77,Hibernating / Inactive,"Automated reactivation campaign, steep 20% discount offer, clearance alerts."
13090,2010-12-02 07:48:00,2011-12-01 12:39:00,14,2263,8910.82,98,4.0,69.0,22.22,9,373,636.49,28.0,0,0.5833,0.2359,13.7,978.27,1881.28,Champions (VIP),"Exclusive VIP preview, concierge service, high-tier loyalty gifts."
13091,2011-11-11 15:54:00,2011-11-11 15:54:00,1,466,345.82,21,1.0,16.0,50.0,28,28,345.82,28.0,2,-0.0544,-0.2213,27.5,130.37,250.72,Promising New,"Welcome discount on 2nd purchase, onboarding email journey, product tips."
13092,2010-12-15 12:27:00,2011-09-30 11:18:00,5,279,477.83,19,1.0,8.0,16.67,71,360,95.57,72.2,3,0.0262,0.1467,36.8,39.81,76.55,Potential Loyalists,"Offer bundle discounts, volume incentives, brand engagement newsletters."
13093,2010-12-01 15:00:00,2011-03-09 12:14:00,8,3961,7832.47,97,5.0,18.0,38.46,276,373,979.06,13.9,3,-0.0071,0.5187,98.0,19.93,38.32,At-Risk High Spenders,"High-priority win-back promotion, dedicated account check-in, special survey."
13094,2010-12-06 10:34:00,2011-11-18 14:07:00,12,1716,1927.32,4,4.0,174.0,25.0,21,369,160.61,31.6,0,0.3906,0.2344,20.8,196.29,377.47,Champions (VIP),"Exclusive VIP preview, concierge service, high-tier loyalty gifts."
13095,2011-09-30 12:03:00,2011-09-30 12:03:00,1,144,74.4,6,0.0,0.0,0.0,71,71,74.4,71.0,1,-0.2382,-0.1762,37.0,24.37,46.87,Low Value Occasional,Target with low-barrier impulse buys and seasonal holiday campaigns.
13097,2010-12-14 15:13:00,2011-11-07 10:43:00,10,2360,6003.22,214,4.0,22.0,28.57,33,360,600.32,36.3,3,0.3318,0.2982,27.1,576.82,1109.28,Loyal Customers,"Cross-sell premium categories, early bird access, referral incentives."
13099,2011-09-01 17:40:00,2011-09-01 17:40:00,1,288,207.36,1,0.0,0.0,0.0,99,99,207.36,99.0,1,-0.2539,-0.0932,43.3,56.35,108.37,Low Value Occasional,Target with low-barrier impulse buys and seasonal holiday campaigns.
13101,2011-04-19 14:37:00,2011-04-19 14:37:00,1,113,101.19,8,0.0,0.0,0.0,234,234,101.19,234.0,1,-0.4032,-0.0202,61.3,7.94,15.27,Hibernating / Inactive,"Automated reactivation campaign, steep 20% discount offer, clearance alerts."
13103,2011-10-31 09:38:00,2011-10-31 09:38:00,1,82,243.94,8,0.0,0.0,0.0,40,40,243.94,40.0,2,-0.1168,-0.1942,30.1,88.67,170.51,Promising New,"Welcome discount on 2nd purchase, onboarding email journey, product tips."
13104,2010-12-20 11:58:00,2011-12-06 13:10:00,6,504,1098.48,14,0.0,0.0,0.0,3,355,183.08,70.4,0,0.5091,-0.1334,9.6,132.73,255.25,Loyal Customers,"Cross-sell premium categories, early bird access, referral incentives."
13106,2011-07-29 15:12:00,2011-07-29 15:12:00,1,18,76.5,1,1.0,4.0,50.0,133,133,76.5,133.0,1,-0.3291,-0.0999,50.8,13.43,25.82,Low Value Occasional,Target with low-barrier impulse buys and seasonal holiday campaigns.
13107,2011-01-10 12:28:00,2011-10-26 14:52:00,4,1293,1531.62,54,1.0,5.0,20.0,44,334,382.9,96.7,3,0.0994,0.0988,23.1,167.33,321.78,Loyal Customers,"Cross-sell premium categories, early bird access, referral incentives."
13108,2010-12-02 10:35:00,2010-12-02 10:35:00,1,298,350.06,10,0.0,0.0,0.0,373,373,350.06,373.0,1,-0.432,0.0885,61.3,17.23,33.14,Hibernating / Inactive,"Automated reactivation campaign, steep 20% discount offer, clearance alerts."
13109,2011-07-05 14:56:00,2011-10-11 10:16:00,2,520,786.54,41,3.0,6.0,60.0,60,157,393.27,97.0,2,-0.0623,-0.0063,28.8,169.25,325.49,Loyal Customers,"Cross-sell premium categories, early bird access, referral incentives."
13110,2011-02-01 15:24:00,2011-11-08 14:30:00,7,388,1488.67,109,1.0,4.0,12.5,31,311,212.67,46.7,3,0.2364,0.1608,23.0,174.89,336.33,Loyal Customers,"Cross-sell premium categories, early bird access, referral incentives."
13115,2011-06-08 16:15:00,2011-11-28 12:38:00,4,1567,2294.78,88,10.0,33.0,71.43,12,184,573.7,57.3,0,0.296,-0.0343,13.2,513.67,987.82,Champions (VIP),"Exclusive VIP preview, concierge service, high-tier loyalty gifts."
13116,2011-07-24 14:33:00,2011-07-24 14:33:00,1,291,501.14,30,1.0,1.0,50.0,138,138,501.14,138.0,1,-0.2741,-0.016,51.9,82.88,159.39,Potential Loyalists,"Offer bundle discounts, volume incentives, brand engagement newsletters."
13117,2010-12-02 13:11:00,2011-11-18 12:02:00,8,945,984.91,66,0.0,0.0,0.0,22,372,123.11,50.0,0,0.2938,0.1295,18.0,103.01,198.1,Loyal Customers,"Cross-sell premium categories, early bird access, referral incentives."
13118,2011-02-24 12:32:00,2011-11-20 12:46:00,5,410,1197.81,68,2.0,21.0,28.57,20,289,239.56,67.2,3,0.2381,0.0367,15.9,165.39,318.06,Loyal Customers,"Cross-sell premium categories, early bird access, referral incentives."
13120,2011-04-15 10:19:00,2011-04-15 10:19:00,1,12,30.6,1,0.0,0.0,0.0,239,239,30.6,239.0,1,-0.4443,-0.0675,61.3,2.35,4.52,Hibernating / Inactive,"Automated reactivation campaign, steep 20% discount offer, clearance alerts."
13121,2011-03-15 16:47:00,2011-03-15 16:47:00,1,252,283.73,50,1.0,25.0,50.0,269,269,283.73,269.0,1,-0.3906,0.0402,61.3,19.37,37.25,Hibernating / Inactive,"Automated reactivation campaign, steep 20% discount offer, clearance alerts."
13122,2011-04-13 14:12:00,2011-09-06 15:53:00,2,585,922.39,54,0.0,0.0,0.0,94,240,461.2,146.0,1,-0.1226,0.054,36.7,115.44,222.0,Potential Loyalists,"Offer bundle discounts, volume incentives, brand engagement newsletters."
13124,2010-12-15 15:00:00,2011-09-11 12:45:00,3,2119,3756.33,185,0.0,0.0,0.0,90,359,1252.11,134.5,3,-0.0173,0.1724,36.2,316.76,609.15,Potential Loyalists,"Offer bundle discounts, volume incentives, brand engagement newsletters."
13126,2010-12-08 11:42:00,2011-12-05 10:00:00,8,2143,2099.64,124,2.0,13.0,20.0,5,367,262.46,51.7,0,0.5169,-0.0009,10.5,242.97,467.24,Champions (VIP),"Exclusive VIP preview, concierge service, high-tier loyalty gifts."
13127,2011-09-23 10:26:00,2011-09-23 10:26:00,1,127,259.17,15,0.0,0.0,0.0,78,78,259.17,78.0,1,-0.2119,-0.1123,38.6,82.75,159.13,Low Value Occasional,Target with low-barrier impulse buys and seasonal holiday campaigns.
13130,2011-09-06 15:30:00,2011-09-06 15:30:00,1,32,64.0,2,0.0,0.0,0.0,94,94,64.0,94.0,1,-0.284,-0.149,42.1,18.71,35.97,Low Value Occasional,Target with low-barrier impulse buys and seasonal holiday campaigns.
13131,2011-06-05 10:54:00,2011-11-16 13:21:00,3,447,1073.3,30,1.0,4.0,25.0,23,188,357.77,82.5,3,0.1392,-0.042,16.4,226.47,435.52,Loyal Customers,"Cross-sell premium categories, early bird access, referral incentives."
13132,2011-03-23 12:44:00,2011-03-23 12:44:00,1,20,77.3,3,0.0,0.0,0.0,262,262,77.3,262.0,1,-0.4285,-0.0179,61.3,5.42,10.42,Hibernating / Inactive,"Automated reactivation campaign, steep 20% discount offer, clearance alerts."
13133,2011-02-08 15:48:00,2011-03-11 10:31:00,2,32,109.8,7,0.0,0.0,0.0,274,304,54.9,30.0,1,-0.3483,0.0925,98.0,0.34,0.66,Hibernating / Inactive,"Automated reactivation campaign, steep 20% discount offer, clearance alerts."
13134,2011-04-13 12:57:00,2011-09-15 10:35:00,4,1059,1793.58,94,3.0,15.0,42.86,86,240,448.4,51.3,3,0.007,0.1852,52.3,169.15,325.29,Potential Loyalists,"Offer bundle discounts, volume incentives, brand engagement newsletters."
13135,2011-05-27 10:52:00,2011-05-27 10:52:00,1,4300,3096.0,1,0.0,0.0,0.0,197,197,3096.0,197.0,1,-0.2676,0.1041,61.3,288.59,554.98,At-Risk High Spenders,"High-priority win-back promotion, dedicated account check-in, special survey."
13136,2011-05-11 12:47:00,2011-10-14 13:41:00,5,1328,2607.61,94,6.0,16.0,54.55,56,213,521.52,39.2,3,0.1156,0.1905,41.2,341.57,656.86,Loyal Customers,"Cross-sell premium categories, early bird access, referral incentives."
13137,2011-02-04 11:54:00,2011-11-29 12:09:00,8,2204,3603.29,345,1.0,1.0,11.11,11,309,450.41,42.6,0,0.4319,0.1059,13.5,478.62,920.43,Champions (VIP),"Exclusive VIP preview, concierge service, high-tier loyalty gifts."
13138,2010-12-02 15:03:00,2011-11-17 16:51:00,6,473,962.39,31,0.0,0.0,0.0,22,372,160.4,70.0,3,0.2463,0.0726,16.5,102.5,197.12,Loyal Customers,"Cross-sell premium categories, early bird access, referral incentives."
13139,2011-03-25 11:57:00,2011-11-23 13:54:00,7,2425,5064.94,132,1.0,7.0,12.5,16,260,723.56,40.7,0,0.3695,0.1363,16.1,775.53,1491.4,Champions (VIP),"Exclusive VIP preview, concierge service, high-tier loyalty gifts."
13140,2010-12-08 15:12:00,2011-08-23 15:33:00,3,185,422.47,40,0.0,0.0,0.0,108,366,140.82,129.0,1,-0.1146,0.1015,42.7,31.38,60.35,Potential Loyalists,"Offer bundle discounts, volume incentives, brand engagement newsletters."
13141,2011-01-28 13:04:00,2011-09-16 09:54:00,5,1548,2388.75,113,1.0,1.0,16.67,85,315,477.75,57.5,3,0.0519,0.2365,48.5,185.31,356.37,Potential Loyalists,"Offer bundle discounts, volume incentives, brand engagement newsletters."
13142,2011-11-20 16:07:00,2011-11-20 16:07:00,1,258,307.09,23,0.0,0.0,0.0,19,19,307.09,19.0,2,-0.0033,-0.2713,25.5,118.97,228.78,Promising New,"Welcome discount on 2nd purchase, onboarding email journey, product tips."
13144,2011-01-11 11:15:00,2011-01-11 11:15:00,1,21,110.95,3,0.0,0.0,0.0,333,333,110.95,333.0,1,-0.4523,0.0262,61.3,6.12,11.77,Hibernating / Inactive,"Automated reactivation campaign, steep 20% discount offer, clearance alerts."
13145,2010-12-02 18:06:00,2011-10-31 12:45:00,4,145,618.52,5,1.0,3.0,20.0,40,372,154.63,110.7,3,0.0838,0.049,21.1,62.25,119.71,Potential Loyalists,"Offer bundle discounts, volume incentives, brand engagement newsletters."
13146,2011-11-13 15:29:00,2011-11-13 15:29:00,1,154,228.91,16,0.0,0.0,0.0,26,26,228.91,26.0,2,-0.0571,-0.2474,27.0,86.89,167.1,Promising New,"Welcome discount on 2nd purchase, onboarding email journey, product tips."
13147,2011-09-01 12:28:00,2011-11-29 13:59:00,4,144,712.8,1,0.0,0.0,0.0,10,100,178.2,30.0,0,0.2829,-0.1042,14.1,290.53,558.72,Loyal Customers,"Cross-sell premium categories, early bird access, referral incentives."
13148,2010-12-10 13:06:00,2011-11-10 15:23:00,12,1965,3683.26,231,5.0,147.0,29.41,29,364,306.94,30.5,0,0.3657,0.2995,26.9,350.98,674.97,Champions (VIP),"Exclusive VIP preview, concierge service, high-tier loyalty gifts."
13149,2011-02-23 13:57:00,2011-11-25 13:09:00,4,1280,1676.06,76,0.0,0.0,0.0,14,289,419.02,91.7,0,0.2647,-0.0303,13.0,239.42,460.41,Champions (VIP),"Exclusive VIP preview, concierge service, high-tier loyalty gifts."
13151,2011-02-17 12:29:00,2011-02-17 12:29:00,1,363,1257.87,73,1.0,2.0,50.0,296,296,1257.87,296.0,1,-0.3567,0.1149,61.3,78.04,150.07,At-Risk High Spenders,"High-priority win-back promotion, dedicated account check-in, special survey."
13153,2011-12-04 12:14:00,2011-12-04 12:14:00,1,418,486.22,15,0.0,0.0,0.0,6,6,486.22,6.0,2,0.1667,-0.3788,14.3,216.68,416.69,Promising New,"Welcome discount on 2nd purchase, onboarding email journey, product tips."
13155,2010-12-06 12:44:00,2011-11-06 15:41:00,4,497,971.76,67,0.0,0.0,0.0,33,369,242.94,112.0,3,0.1261,0.0455,18.8,101.47,195.13,Loyal Customers,"Cross-sell premium categories, early bird access, referral incentives."
13157,2011-02-14 14:03:00,2011-10-21 13:50:00,4,1439,1741.22,69,1.0,9.0,20.0,49,298,435.3,83.0,3,0.0879,0.1169,26.0,205.16,394.55,Loyal Customers,"Cross-sell premium categories, early bird access, referral incentives."
13158,2011-01-25 09:58:00,2011-09-06 11:58:00,4,784,1201.06,59,0.0,0.0,0.0,95,319,300.26,74.7,3,-0.0205,0.1801,47.0,94.68,182.09,Potential Loyalists,"Offer bundle discounts, volume incentives, brand engagement newsletters."
13159,2011-08-16 11:44:00,2011-12-01 11:20:00,4,1058,1429.35,114,1.0,14.0,20.0,9,116,357.34,35.7,0,0.3195,-0.0861,13.0,508.67,978.22,Loyal Customers,"Cross-sell premium categories, early bird access, referral incentives."
13160,2011-11-17 13:07:00,2011-11-17 13:07:00,1,56,91.8,4,0.0,0.0,0.0,22,22,91.8,22.0,2,-0.0628,-0.3054,26.1,35.28,67.84,Promising New,"Welcome discount on 2nd purchase, onboarding email journey, product tips."
13161,2011-01-30 14:03:00,2011-01-30 14:03:00,1,29,112.75,8,0.0,0.0,0.0,313,313,112.75,313.0,1,-0.4426,0.0195,61.3,6.61,12.72,Hibernating / Inactive,"Automated reactivation campaign, steep 20% discount offer, clearance alerts."
13162,2011-01-09 10:43:00,2011-08-09 15:59:00,4,1713,1688.29,74,1.0,50.0,20.0,122,335,422.07,71.0,3,-0.0461,0.2245,61.0,93.26,179.35,At-Risk High Spenders,"High-priority win-back promotion, dedicated account check-in, special survey."
13165,2010-12-23 14:06:00,2011-10-24 15:05:00,2,1376,1021.48,40,0.0,0.0,0.0,46,351,510.74,305.0,2,-0.0153,-0.0268,20.1,110.33,212.18,Loyal Customers,"Cross-sell premium categories, early bird access, referral incentives."
13166,2011-03-01 15:16:00,2011-03-01 15:16:00,1,216,417.2,39,1.0,2.0,50.0,283,283,417.2,283.0,1,-0.3857,0.0627,61.3,27.07,52.06,Hibernating / Inactive,"Automated reactivation campaign, steep 20% discount offer, clearance alerts."
13167,2011-07-19 12:13:00,2011-11-21 12:24:00,4,785,791.33,51,0.0,0.0,0.0,19,144,197.83,41.7,3,0.1979,-0.0274,17.6,214.86,413.19,Loyal Customers,"Cross-sell premium categories, early bird access, referral incentives."
13168,2011-01-25 13:55:00,2011-11-03 12:56:00,4,670,1299.59,102,1.0,2.0,20.0,36,318,324.9,94.0,3,0.123,0.0681,20.4,154.36,296.84,Loyal Customers,"Cross-sell premium categories, early bird access, referral incentives."
13169,2011-04-01 14:24:00,2011-10-07 12:11:00,2,272,712.88,11,0.0,0.0,0.0,64,252,356.44,188.0,2,-0.0749,-0.0028,26.2,99.06,190.5,Potential Loyalists,"Offer bundle discounts, volume incentives, brand engagement newsletters."
13170,2011-11-13 12:19:00,2011-11-13 12:19:00,1,141,108.81,29,0.0,0.0,0.0,27,27,108.81,27.0,2,-0.0864,-0.2745,27.3,41.13,79.1,Promising New,"Welcome discount on 2nd purchase, onboarding email journey, product tips."
13171,2011-02-13 14:16:00,2011-11-18 10:27:00,3,229,468.41,37,2.0,2.0,40.0,22,299,156.14,138.5,2,0.1188,-0.0824,14.9,63.26,121.65,Potential Loyalists,"Offer bundle discounts, volume incentives, brand engagement newsletters."
13173,2010-12-07 14:30:00,2011-12-05 15:51:00,2,277,353.65,41,0.0,0.0,0.0,4,367,176.82,363.0,2,0.2817,-0.3429,9.5,41.38,79.58,Promising New,"Welcome discount on 2nd purchase, onboarding email journey, product tips."
13174,2010-12-05 16:24:00,2011-11-23 14:35:00,3,1352,2742.82,228,0.0,0.0,0.0,16,369,914.27,176.5,3,0.2205,-0.0439,12.9,307.2,590.77,Champions (VIP),"Exclusive VIP preview, concierge service, high-tier loyalty gifts."
13176,2011-10-24 15:43:00,2011-10-24 15:43:00,1,448,481.49,66,0.0,0.0,0.0,46,46,481.49,46.0,2,-0.1151,-0.1489,31.5,171.51,329.82,Potential Loyalists,"Offer bundle discounts, volume incentives, brand engagement newsletters."
13177,2011-10-06 09:56:00,2011-10-06 09:56:00,1,91,282.45,17,0.0,0.0,0.0,65,65,282.45,65.0,2,-0.1825,-0.1304,35.7,94.44,181.62,Low Value Occasional,Target with low-barrier impulse buys and seasonal holiday campaigns.
13178,2010-12-14 12:22:00,2011-11-13 16:14:00,11,3570,5725.47,95,0.0,0.0,0.0,26,361,520.5,33.5,0,0.3806,0.2877,23.5,575.71,1107.13,Champions (VIP),"Exclusive VIP preview, concierge service, high-tier loyalty gifts."
13182,2011-10-25 13:46:00,2011-10-25 13:46:00,1,201,121.18,11,0.0,0.0,0.0,45,45,121.18,45.0,2,-0.1563,-0.2099,31.3,43.29,83.25,Promising New,"Welcome discount on 2nd purchase, onboarding email journey, product tips."
13183,2011-01-09 10:50:00,2011-12-02 10:30:00,9,2208,3957.78,51,0.0,0.0,0.0,8,335,439.75,40.9,0,0.4971,0.0985,12.2,492.19,946.52,Champions (VIP),"Exclusive VIP preview, concierge service, high-tier loyalty gifts."
13184,2011-02-22 17:25:00,2011-11-25 12:02:00,10,1662,1668.95,138,2.0,30.0,16.67,15,290,166.9,30.6,0,0.4019,0.1526,17.1,226.39,435.36,Champions (VIP),"Exclusive VIP preview, concierge service, high-tier loyalty gifts."
13185,2011-03-17 11:56:00,2011-03-17 11:56:00,1,12,71.4,1,0.0,0.0,0.0,268,268,71.4,268.0,1,-0.4344,-0.0185,61.3,4.89,9.41,Hibernating / Inactive,"Automated reactivation campaign, steep 20% discount offer, clearance alerts."
13186,2011-08-03 09:09:00,2011-10-31 11:40:00,3,820,1575.89,69,2.0,16.0,40.0,40,129,525.3,44.5,3,0.0725,0.0391,28.5,414.46,797.04,Loyal Customers,"Cross-sell premium categories, early bird access, referral incentives."
13187,2011-01-06 18:57:00,2011-01-06 18:57:00,1,95,236.02,37,0.0,0.0,0.0,337,337,236.02,337.0,1,-0.4298,0.0596,61.3,12.86,24.73,Hibernating / Inactive,"Automated reactivation campaign, steep 20% discount offer, clearance alerts."
13188,2011-11-28 15:28:00,2011-11-28 15:28:00,1,25,114.6,2,0.0,0.0,0.0,11,11,114.6,11.0,2,0.0405,-0.3748,20.3,47.49,91.34,Promising New,"Welcome discount on 2nd purchase, onboarding email journey, product tips."
13189,2011-08-16 13:12:00,2011-11-21 10:39:00,2,842,260.68,29,0.0,0.0,0.0,19,115,130.34,96.0,2,0.0669,-0.1881,14.6,91.86,176.64,Promising New,"Welcome discount on 2nd purchase, onboarding email journey, product tips."
13192,2011-05-18 14:57:00,2011-09-05 14:13:00,2,595,911.94,57,0.0,0.0,0.0,95,205,455.97,110.0,1,-0.1246,0.0548,40.2,126.23,242.74,Potential Loyalists,"Offer bundle discounts, volume incentives, brand engagement newsletters."
13193,2011-10-09 14:30:00,2011-10-09 14:30:00,1,46,112.08,22,0.0,0.0,0.0,61,61,112.08,61.0,2,-0.203,-0.177,34.8,38.0,73.08,Low Value Occasional,Target with low-barrier impulse buys and seasonal holiday campaigns.
13194,2011-07-27 09:01:00,2011-07-27 09:01:00,1,26,60.7,3,0.0,0.0,0.0,136,136,60.7,136.0,1,-0.3398,-0.1069,51.5,10.27,19.75,Low Value Occasional,Target with low-barrier impulse buys and seasonal holiday campaigns.
13196,2011-03-22 14:24:00,2011-11-28 13:54:00,4,1224,1797.78,97,0.0,0.0,0.0,11,262,449.44,83.7,0,0.3,-0.0543,12.2,285.87,549.74,Champions (VIP),"Exclusive VIP preview, concierge service, high-tier loyalty gifts."
13198,2010-12-13 09:29:00,2011-11-29 15:17:00,6,2648,3401.24,199,2.0,3.0,25.0,10,362,566.87,70.4,0,0.3961,0.0371,12.1,391.88,753.61,Champions (VIP),"Exclusive VIP preview, concierge service, high-tier loyalty gifts."
13200,2011-08-05 14:50:00,2011-11-20 15:35:00,4,516,870.09,42,0.0,0.0,0.0,19,126,217.52,35.7,3,0.201,-0.0234,18.5,267.04,513.55,Loyal Customers,"Cross-sell premium categories, early bird access, referral incentives."
13203,2011-04-11 14:40:00,2011-11-30 10:45:00,4,800,869.46,56,0.0,0.0,0.0,10,242,217.36,77.3,0,0.2894,-0.0957,11.9,150.19,288.82,Loyal Customers,"Cross-sell premium categories, early bird access, referral incentives."
13207,2011-07-12 11:35:00,2011-11-24 14:52:00,2,130,250.26,7,0.0,0.0,0.0,15,151,125.13,136.0,2,0.0986,-0.2168,12.9,68.5,131.72,Promising New,"Welcome discount on 2nd purchase, onboarding email journey, product tips."
13208,2011-02-03 19:32:00,2011-10-12 09:54:00,6,803,1217.65,124,1.0,18.0,14.29,59,309,202.94,50.0,3,0.1121,0.1986,37.4,117.05,225.1,Loyal Customers,"Cross-sell premium categories, early bird access, referral incentives."
13209,2010-12-13 10:31:00,2011-11-09 13:54:00,8,4253,5891.61,255,3.0,21.0,27.27,30,362,736.45,47.4,3,0.3075,0.2416,22.3,600.04,1153.93,Champions (VIP),"Exclusive VIP preview, concierge service, high-tier loyalty gifts."
13210,2011-09-07 08:18:00,2011-09-07 08:18:00,1,316,353.48,22,0.0,0.0,0.0,94,94,353.48,94.0,1,-0.2291,-0.0768,42.1,103.31,198.68,Low Value Occasional,Target with low-barrier impulse buys and seasonal holiday campaigns.
13211,2010-12-13 16:17:00,2011-11-29 14:43:00,3,834,1095.42,45,0.0,0.0,0.0,10,361,365.14,175.5,2,0.2552,-0.1355,11.2,127.86,245.88,Loyal Customers,"Cross-sell premium categories, early bird access, referral incentives."
13212,2011-10-09 14:48:00,2011-11-20 12:40:00,3,309,786.83,128,1.0,1.0,25.0,20,61,262.28,20.5,2,0.149,-0.0714,25.3,305.64,587.77,Loyal Customers,"Cross-sell premium categories, early bird access, referral incentives."
13213,2011-05-24 12:22:00,2011-10-14 11:42:00,5,1360,1520.58,82,1.0,3.0,16.67,57,200,304.12,35.8,3,0.0956,0.1697,44.3,200.94,386.43,Loyal Customers,"Cross-sell premium categories, early bird access, referral incentives."
13216,2011-03-17 12:18:00,2011-03-17 12:18:00,1,297,333.74,5,0.0,0.0,0.0,268,268,333.74,268.0,1,-0.3849,0.0466,61.3,22.87,43.98,Hibernating / Inactive,"Automated reactivation campaign, steep 20% discount offer, clearance alerts."
13217,2011-07-06 12:08:00,2011-08-09 15:32:00,3,262,533.98,3,2.0,148.0,40.0,122,157,177.99,17.5,1,-0.1249,0.126,87.0,20.98,40.35,Potential Loyalists,"Offer bundle discounts, volume incentives, brand engagement newsletters."
13218,2011-08-04 16:59:00,2011-08-04 16:59:00,1,88,62.64,5,0.0,0.0,0.0,127,127,62.64,127.0,1,-0.3287,-0.1138,49.5,11.82,22.73,Low Value Occasional,Target with low-barrier impulse buys and seasonal holiday campaigns.
13220,2011-04-17 10:59:00,2011-09-22 13:38:00,4,196,819.29,18,0.0,0.0,0.0,78,237,204.82,53.0,3,-0.004,0.1403,46.8,87.26,167.81,Potential Loyalists,"Offer bundle discounts, volume incentives, brand engagement newsletters."
13221,2010-12-15 13:24:00,2011-04-13 16:58:00,2,244,847.41,62,0.0,0.0,0.0,240,359,423.7,119.0,1,-0.263,0.163,79.0,23.52,45.23,Hibernating / Inactive,"Automated reactivation campaign, steep 20% discount offer, clearance alerts."
13223,2011-04-21 15:16:00,2011-05-23 13:03:00,2,88,163.2,5,0.0,0.0,0.0,200,232,81.6,32.0,1,-0.2893,0.0713,98.0,0.67,1.28,Hibernating / Inactive,"Automated reactivation campaign, steep 20% discount offer, clearance alerts."
13224,2011-07-11 14:10:00,2011-10-10 14:55:00,2,1518,2155.95,101,1.0,6.0,33.33,60,151,1077.97,91.0,3,-0.0297,0.0365,29.4,478.3,919.81,Loyal Customers,"Cross-sell premium categories, early bird access, referral incentives."
13225,2010-12-13 09:49:00,2011-12-06 13:29:00,7,3416,6463.84,23,1.0,64.0,12.5,3,362,923.41,59.8,0,0.5913,-0.0283,9.6,765.93,1472.94,Champions (VIP),"Exclusive VIP preview, concierge service, high-tier loyalty gifts."
13226,2011-03-11 14:35:00,2011-03-11 14:35:00,1,80,108.21,16,0.0,0.0,0.0,273,273,108.21,273.0,1,-0.4238,0.0012,61.3,7.28,14.0,Hibernating / Inactive,"Automated reactivation campaign, steep 20% discount offer, clearance alerts."
13227,2011-05-22 11:47:00,2011-05-22 11:47:00,1,99,257.7,9,0.0,0.0,0.0,202,202,257.7,202.0,1,-0.3516,0.0016,61.3,23.43,45.05,Hibernating / Inactive,"Automated reactivation campaign, steep 20% discount offer, clearance alerts."
13228,2011-09-19 14:28:00,2011-09-19 14:28:00,1,200,358.0,2,0.0,0.0,0.0,81,81,358.0,81.0,1,-0.207,-0.0941,39.3,113.0,217.31,Low Value Occasional,Target with low-barrier impulse buys and seasonal holiday campaigns.
13229,2011-04-28 12:07:00,2011-04-28 12:07:00,1,63,160.95,10,0.0,0.0,0.0,226,226,160.95,226.0,1,-0.3832,-0.0048,61.3,13.08,25.15,Hibernating / Inactive,"Automated reactivation campaign, steep 20% discount offer, clearance alerts."
13230,2010-12-09 19:28:00,2011-12-05 16:03:00,14,1638,2755.63,393,1.0,121.0,6.67,4,365,196.83,27.8,0,0.6478,0.1022,10.7,319.9,615.19,Champions (VIP),"Exclusive VIP preview, concierge service, high-tier loyalty gifts."
13232,2011-04-10 13:48:00,2011-11-27 10:39:00,7,773,1328.35,147,0.0,0.0,0.0,13,243,189.76,38.3,0,0.3549,0.056,14.8,220.99,424.98,Loyal Customers,"Cross-sell premium categories, early bird access, referral incentives."
13233,2011-01-07 14:49:00,2011-09-26 13:25:00,2,1004,605.12,43,0.0,0.0,0.0,74,336,302.56,262.0,1,-0.1013,0.0075,27.7,61.78,118.82,Potential Loyalists,"Offer bundle discounts, volume incentives, brand engagement newsletters."
13235,2011-05-11 17:13:00,2011-05-11 17:13:00,1,441,1031.07,53,1.0,1.0,50.0,212,212,1031.07,212.0,1,-0.3139,0.0663,61.3,89.31,171.75,At-Risk High Spenders,"High-priority win-back promotion, dedicated account check-in, special survey."
13236,2011-08-25 08:58:00,2011-11-15 12:50:00,2,416,744.85,34,1.0,5.0,33.33,24,107,372.42,83.0,2,0.0678,-0.1166,16.7,275.14,529.12,Loyal Customers,"Cross-sell premium categories, early bird access, referral incentives."
13238,2010-12-14 14:37:00,2011-11-22 15:37:00,4,298,700.73,20,1.0,2.0,20.0,17,360,175.18,114.3,3,0.2096,-0.0453,13.7,79.71,153.28,Loyal Customers,"Cross-sell premium categories, early bird access, referral incentives."
13239,2011-03-23 10:25:00,2011-03-23 10:25:00,1,327,329.56,21,0.0,0.0,0.0,262,262,329.56,262.0,1,-0.3819,0.0434,61.3,23.1,44.42,Hibernating / Inactive,"Automated reactivation campaign, steep 20% discount offer, clearance alerts."
13240,2010-12-09 12:49:00,2011-09-04 14:08:00,4,298,663.65,59,0.0,0.0,0.0,96,366,165.91,90.0,3,-0.0412,0.1561,43.7,48.44,93.15,Potential Loyalists,"Offer bundle discounts, volume incentives, brand engagement newsletters."
13242,2011-05-10 12:26:00,2011-08-19 12:53:00,3,130,270.4,12,0.0,0.0,0.0,112,214,90.13,51.0,1,-0.1343,0.0869,66.7,19.96,38.39,Low Value Occasional,Target with low-barrier impulse buys and seasonal holiday campaigns.
13243,2011-05-20 13:14:00,2011-05-20 13:14:00,1,232,585.12,56,0.0,0.0,0.0,203,203,585.12,203.0,1,-0.3259,0.037,61.3,52.93,101.79,Hibernating / Inactive,"Automated reactivation campaign, steep 20% discount offer, clearance alerts."
13244,2011-09-08 11:46:00,2011-09-08 11:46:00,1,38,121.74,27,0.0,0.0,0.0,93,93,121.74,93.0,1,-0.2619,-0.1232,41.9,36.09,69.4,Low Value Occasional,Target with low-barrier impulse buys and seasonal holiday campaigns.
13245,2011-10-20 11:40:00,2011-10-20 11:40:00,1,125,430.5,16,0.0,0.0,0.0,51,51,430.5,51.0,2,-0.1337,-0.1414,32.6,150.88,290.16,Potential Loyalists,"Offer bundle discounts, volume incentives, brand engagement newsletters."
13246,2011-01-13 13:36:00,2011-11-21 16:50:00,6,1587,1961.52,110,1.0,50.0,14.29,18,330,326.92,62.4,0,0.2975,0.0798,15.4,238.61,458.86,Champions (VIP),"Exclusive VIP preview, concierge service, high-tier loyalty gifts."
13247,2011-09-18 11:31:00,2011-11-22 10:59:00,4,328,501.12,18,0.0,0.0,0.0,18,83,125.28,21.7,3,0.1908,-0.053,22.5,201.95,388.37,Potential Loyalists,"Offer bundle discounts, volume incentives, brand engagement newsletters."
13248,2011-06-03 13:05:00,2011-08-07 12:40:00,2,305,465.68,25,0.0,0.0,0.0,125,189,232.84,64.0,1,-0.1865,0.0592,65.7,40.1,77.12,Potential Loyalists,"Offer bundle discounts, volume incentives, brand engagement newsletters."
13249,2011-03-23 15:26:00,2011-09-08 13:26:00,3,546,711.41,21,0.0,0.0,0.0,92,261,237.14,84.5,3,-0.0743,0.1044,43.2,73.46,141.28,Potential Loyalists,"Offer bundle discounts, volume incentives, brand engagement newsletters."
13253,2011-01-04 15:43:00,2011-07-06 10:09:00,2,1572,1030.4,35,0.0,0.0,0.0,157,339,515.2,182.0,1,-0.1943,0.1203,53.9,66.49,127.86,At-Risk High Spenders,"High-priority win-back promotion, dedicated account check-in, special survey."
13255,2010-12-01 11:58:00,2011-11-30 13:14:00,2,177,399.51,13,1.0,3.0,33.33,9,374,199.76,365.0,2,0.1832,-0.2538,10.7,45.26,87.05,Promising New,"Welcome discount on 2nd purchase, onboarding email journey, product tips."
13258,2011-05-18 13:11:00,2011-11-28 09:31:00,3,282,672.83,28,0.0,0.0,0.0,12,205,224.28,96.5,2,0.2148,-0.136,12.3,136.58,262.66,Potential Loyalists,"Offer bundle discounts, volume incentives, brand engagement newsletters."
13259,2011-10-09 10:48:00,2011-10-09 10:48:00,1,126,283.18,77,0.0,0.0,0.0,62,62,283.18,62.0,2,-0.1756,-0.1359,35.0,95.71,184.07,Low Value Occasional,Target with low-barrier impulse buys and seasonal holiday campaigns.
13260,2011-10-09 13:21:00,2011-10-09 13:21:00,1,142,557.62,8,0.0,0.0,0.0,61,61,557.62,61.0,2,-0.1513,-0.1091,34.8,189.06,363.57,Potential Loyalists,"Offer bundle discounts, volume incentives, brand engagement newsletters."
13261,2011-02-27 10:41:00,2011-03-16 12:22:00,2,210,944.1,8,0.0,0.0,0.0,269,286,472.05,17.0,1,-0.2763,0.1814,98.0,3.13,6.02,Hibernating / Inactive,"Automated reactivation campaign, steep 20% discount offer, clearance alerts."
13262,2011-03-21 15:06:00,2011-03-21 15:06:00,1,125,200.29,11,0.0,0.0,0.0,263,263,200.29,263.0,1,-0.3985,0.0227,61.3,13.98,26.89,Hibernating / Inactive,"Automated reactivation campaign, steep 20% discount offer, clearance alerts."
13265,2011-03-11 09:54:00,2011-10-17 15:02:00,5,1740,2092.66,66,0.0,0.0,0.0,53,274,418.53,55.2,3,0.1165,0.1746,32.4,244.98,471.11,Loyal Customers,"Cross-sell premium categories, early bird access, referral incentives."
13266,2011-03-28 10:14:00,2011-11-28 14:39:00,12,4428,3834.26,82,7.0,129.0,36.84,11,257,319.52,22.4,0,0.5024,0.1903,16.2,593.23,1140.84,Champions (VIP),"Exclusive VIP preview, concierge service, high-tier loyalty gifts."
13267,2010-12-08 09:20:00,2011-12-07 11:12:00,19,1969,4521.49,88,8.0,30.0,29.63,3,367,237.97,20.2,0,0.7504,0.1602,10.6,522.62,1005.03,Champions (VIP),"Exclusive VIP preview, concierge service, high-tier loyalty gifts."
13268,2011-03-17 13:20:00,2011-11-22 11:51:00,11,3624,3174.75,257,4.0,23.0,26.67,18,267,288.61,24.9,0,0.4135,0.2201,20.9,446.28,858.23,Champions (VIP),"Exclusive VIP preview, concierge service, high-tier loyalty gifts."
13269,2010-12-05 11:51:00,2011-12-08 14:53:00,15,3513,5343.28,177,2.0,5.0,11.76,1,370,356.22,26.4,0,0.8167,0.0338,9.1,622.89,1197.86,Champions (VIP),"Exclusive VIP preview, concierge service, high-tier loyalty gifts."
13270,2010-12-08 14:53:00,2010-12-08 14:53:00,1,200,590.0,1,0.0,0.0,0.0,366,366,590.0,366.0,1,-0.4124,0.1084,61.3,29.6,56.93,Hibernating / Inactive,"Automated reactivation campaign, steep 20% discount offer, clearance alerts."
13271,2011-11-02 14:31:00,2011-11-02 14:31:00,1,240,211.49,79,1.0,72.0,50.0,37,37,211.49,37.0,2,-0.1102,-0.2095,29.5,77.53,149.1,Promising New,"Welcome discount on 2nd purchase, onboarding email journey, product tips."
13272,2011-09-11 12:06:00,2011-11-08 14:00:00,2,96,276.56,15,0.0,0.0,0.0,31,90,138.28,59.0,2,-0.0006,-0.1287,21.1,113.47,218.21,Promising New,"Welcome discount on 2nd purchase, onboarding email journey, product tips."
13273,2011-08-18 14:02:00,2011-08-18 14:02:00,1,153,138.98,16,0.0,0.0,0.0,113,113,138.98,113.0,1,-0.2861,-0.0943,46.4,31.28,60.15,Low Value Occasional,Target with low-barrier impulse buys and seasonal holiday campaigns.
13276,2011-09-01 10:03:00,2011-10-07 12:44:00,2,161,590.93,30,0.0,0.0,0.0,64,100,295.47,36.0,2,-0.0809,-0.0108,49.2,142.44,273.93,Potential Loyalists,"Offer bundle discounts, volume incentives, brand engagement newsletters."
13277,2011-07-29 10:06:00,2011-11-24 09:21:00,4,176,258.4,5,0.0,0.0,0.0,16,134,64.6,39.3,2,0.1859,-0.0945,16.3,76.59,147.28,Potential Loyalists,"Offer bundle discounts, volume incentives, brand engagement newsletters."
13278,2011-10-30 11:49:00,2011-10-30 11:49:00,1,537,542.73,46,0.0,0.0,0.0,41,41,542.73,41.0,2,-0.0946,-0.1574,30.4,196.42,377.74,Promising New,"Welcome discount on 2nd purchase, onboarding email journey, product tips."
13279,2011-09-22 17:24:00,2011-09-22 17:24:00,1,73,137.75,9,1.0,3.0,50.0,78,78,137.75,78.0,1,-0.2322,-0.139,38.6,43.98,84.58,Low Value Occasional,Target with low-barrier impulse buys and seasonal holiday campaigns.
13280,2011-01-06 17:10:00,2011-08-09 13:14:00,3,518,798.46,67,0.0,0.0,0.0,122,337,266.15,107.5,3,-0.1119,0.1431,50.6,55.54,106.8,Potential Loyalists,"Offer bundle discounts, volume incentives, brand engagement newsletters."
13282,2011-05-03 12:03:00,2011-11-21 15:33:00,3,307,1132.14,29,3.0,18.0,50.0,18,221,377.38,101.5,2,0.1755,-0.068,14.2,208.56,401.08,Loyal Customers,"Cross-sell premium categories, early bird access, referral incentives."
13283,2011-06-07 12:39:00,2011-10-11 09:50:00,2,90,93.66,7,0.0,0.0,0.0,60,186,46.83,126.0,2,-0.1308,-0.0964,26.9,17.47,33.59,Low Value Occasional,Target with low-barrier impulse buys and seasonal holiday campaigns.
13284,2011-01-13 09:23:00,2011-01-13 09:23:00,1,91,201.19,13,1.0,12.0,50.0,331,331,201.19,331.0,1,-0.4323,0.0507,61.3,11.16,21.46,Hibernating / Inactive,"Automated reactivation campaign, steep 20% discount offer, clearance alerts."
13285,2011-02-22 17:13:00,2011-11-16 13:19:00,4,2051,2709.12,157,0.0,0.0,0.0,23,290,677.28,89.0,3,0.2107,0.0469,16.1,371.9,715.2,Champions (VIP),"Exclusive VIP preview, concierge service, high-tier loyalty gifts."
13291,2011-07-07 10:36:00,2011-07-07 10:36:00,1,233,361.11,41,0.0,0.0,0.0,156,156,361.11,156.0,1,-0.3027,-0.0152,55.9,48.44,93.15,Hibernating / Inactive,"Automated reactivation campaign, steep 20% discount offer, clearance alerts."
13292,2011-02-28 15:00:00,2011-11-01 10:04:00,2,347,578.94,29,0.0,0.0,0.0,39,284,289.47,245.0,2,-0.0098,-0.0704,18.7,78.64,151.23,Promising New,"Welcome discount on 2nd purchase, onboarding email journey, product tips."
13294,2011-04-04 12:37:00,2011-06-03 08:54:00,2,453,873.74,48,0.0,0.0,0.0,190,250,436.87,60.0,1,-0.2276,0.1362,92.8,11.94,22.96,Hibernating / Inactive,"Automated reactivation campaign, steep 20% discount offer, clearance alerts."
13295,2010-12-15 11:21:00,2010-12-15 11:21:00,1,82,201.2,10,1.0,1.0,50.0,360,360,201.2,360.0,1,-0.4446,0.0608,61.3,10.26,19.74,Hibernating / Inactive,"Automated reactivation campaign, steep 20% discount offer, clearance alerts."
13296,2011-07-25 13:46:00,2011-07-25 13:46:00,1,78,87.4,5,0.0,0.0,0.0,137,137,87.4,137.0,1,-0.3292,-0.0907,51.7,14.62,28.12,Low Value Occasional,Target with low-barrier impulse buys and seasonal holiday campaigns.
13297,2011-10-03 15:08:00,2011-12-02 09:32:00,4,963,2089.85,52,0.0,0.0,0.0,8,67,522.46,19.7,0,0.3473,-0.0827,14.5,929.14,1786.81,Champions (VIP),"Exclusive VIP preview, concierge service, high-tier loyalty gifts."
13298,2011-12-08 13:11:00,2011-12-08 13:11:00,1,96,360.0,2,0.0,0.0,0.0,1,1,360.0,1.0,2,0.3422,-0.5431,9.4,169.6,326.16,Promising New,"Welcome discount on 2nd purchase, onboarding email journey, product tips."
13299,2011-03-16 12:55:00,2011-03-16 12:55:00,1,30,142.5,5,0.0,0.0,0.0,268,268,142.5,268.0,1,-0.4122,0.0106,61.3,9.76,18.78,Hibernating / Inactive,"Automated reactivation campaign, steep 20% discount offer, clearance alerts."
13300,2011-06-23 13:09:00,2011-06-23 13:09:00,1,203,371.89,20,1.0,2.0,50.0,169,169,371.89,169.0,1,-0.3135,-0.0043,58.8,43.02,82.73,Hibernating / Inactive,"Automated reactivation campaign, steep 20% discount offer, clearance alerts."
13301,2011-02-20 13:13:00,2011-08-28 11:25:00,4,345,618.09,75,0.0,0.0,0.0,104,292,154.52,62.7,3,-0.0552,0.1627,56.0,44.19,84.99,Potential Loyalists,"Offer bundle discounts, volume incentives, brand engagement newsletters."
13302,2011-07-07 17:56:00,2011-07-07 17:56:00,1,5,63.75,1,0.0,0.0,0.0,155,155,63.75,155.0,1,-0.3574,-0.0891,55.7,8.65,16.63,Hibernating / Inactive,"Automated reactivation campaign, steep 20% discount offer, clearance alerts."
13304,2010-12-23 14:35:00,2010-12-23 14:35:00,1,238,300.42,21,0.0,0.0,0.0,351,351,300.42,351.0,1,-0.428,0.0747,61.3,15.72,30.22,Hibernating / Inactive,"Automated reactivation campaign, steep 20% discount offer, clearance alerts."
13305,2010-12-02 12:10:00,2011-12-05 15:15:00,10,1232,2000.86,50,0.0,0.0,0.0,4,373,200.09,41.0,0,0.5797,0.0196,10.3,228.32,439.08,Champions (VIP),"Exclusive VIP preview, concierge service, high-tier loyalty gifts."
13307,2011-08-11 17:14:00,2011-08-11 17:14:00,1,4,15.0,1,0.0,0.0,0.0,120,120,15.0,120.0,1,-0.3651,-0.1793,47.9,3.09,5.94,Low Value Occasional,Target with low-barrier impulse buys and seasonal holiday campaigns.
13308,2011-05-20 13:13:00,2011-11-17 09:31:00,3,843,1385.51,49,1.0,3.0,25.0,23,203,461.84,90.0,3,0.1475,-0.0312,16.1,271.72,522.53,Loyal Customers,"Cross-sell premium categories, early bird access, referral incentives."
13309,2011-02-04 12:29:00,2011-12-02 16:34:00,5,1544,1456.79,82,0.0,0.0,0.0,7,309,291.36,75.5,0,0.3871,-0.0718,10.9,199.32,383.31,Loyal Customers,"Cross-sell premium categories, early bird access, referral incentives."
13310,2011-01-19 14:50:00,2011-11-11 17:23:00,3,587,1132.03,65,3.0,12.0,50.0,28,324,377.34,148.0,3,0.113,-0.0169,16.5,138.43,266.21,Loyal Customers,"Cross-sell premium categories, early bird access, referral incentives."
13311,2011-07-12 14:26:00,2011-12-05 12:55:00,2,305,598.57,25,0.0,0.0,0.0,4,150,299.29,146.0,2,0.2987,-0.3205,9.6,171.17,329.18,Promising New,"Welcome discount on 2nd purchase, onboarding email journey, product tips."
13313,2011-01-04 10:00:00,2011-11-17 16:48:00,5,851,1555.32,47,0.0,0.0,0.0,22,340,311.06,79.5,3,0.2331,0.0588,16.1,182.11,350.21,Champions (VIP),"Exclusive VIP preview, concierge service, high-tier loyalty gifts."
13314,2011-09-27 10:20:00,2011-12-08 12:29:00,3,560,775.94,55,1.0,73.0,25.0,2,74,258.65,36.0,0,0.4362,-0.3074,9.5,365.16,702.23,Loyal Customers,"Cross-sell premium categories, early bird access, referral incentives."
13316,2011-03-30 13:01:00,2011-11-02 13:40:00,4,5508,5732.93,66,1.0,1.0,20.0,37,254,1433.23,72.3,3,0.167,0.1344,22.3,832.15,1600.28,Loyal Customers,"Cross-sell premium categories, early bird access, referral incentives."
13317,2010-12-16 09:22:00,2011-10-04 13:35:00,6,1035,2273.68,100,3.0,32.0,33.33,66,359,378.95,58.6,3,0.116,0.2385,38.1,186.02,357.74,Potential Loyalists,"Offer bundle discounts, volume incentives, brand engagement newsletters."
13318,2011-11-02 13:26:00,2011-12-08 18:51:00,3,304,640.76,14,0.0,0.0,0.0,1,37,213.59,18.0,0,0.49,-0.3645,9.2,302.55,581.82,Potential Loyalists,"Offer bundle discounts, volume incentives, brand engagement newsletters."
13320,2011-05-10 10:29:00,2011-09-22 18:07:00,4,1086,1532.2,77,2.0,30.0,33.33,78,214,383.05,45.3,3,0.0162,0.1669,51.3,165.45,318.17,Potential Loyalists,"Offer bundle discounts, volume incentives, brand engagement newsletters."
13321,2011-09-14 15:18:00,2011-09-28 15:24:00,2,372,567.36,10,0.0,0.0,0.0,72,86,283.68,14.0,2,-0.0994,0.0015,75.3,72.87,140.14,Potential Loyalists,"Offer bundle discounts, volume incentives, brand engagement newsletters."
13322,2011-11-22 14:21:00,2011-11-22 14:21:00,1,117,199.48,25,0.0,0.0,0.0,17,17,199.48,17.0,2,-0.0016,-0.3023,25.0,77.8,149.61,Promising New,"Welcome discount on 2nd purchase, onboarding email journey, product tips."
13323,2011-09-16 13:23:00,2011-12-06 17:12:00,5,175,787.85,6,0.0,0.0,0.0,3,84,157.57,20.2,0,0.4697,-0.1817,10.6,366.26,704.34,Loyal Customers,"Cross-sell premium categories, early bird access, referral incentives."
13324,2010-12-14 09:50:00,2011-11-03 16:28:00,10,5205,7121.95,25,2.0,5.0,16.67,36,361,712.2,36.1,3,0.3249,0.3157,29.2,662.77,1274.56,Loyal Customers,"Cross-sell premium categories, early bird access, referral incentives."
13325,2011-09-19 10:36:00,2011-09-19 10:36:00,1,240,675.3,12,0.0,0.0,0.0,82,82,675.3,82.0,1,-0.1883,-0.0657,39.5,212.45,408.56,Potential Loyalists,"Offer bundle discounts, volume incentives, brand engagement newsletters."
13327,2010-12-09 15:32:00,2011-11-01 10:21:00,8,1600,3627.77,74,1.0,12.0,11.11,39,365,453.47,46.6,3,0.2541,0.2519,27.3,342.86,659.35,Loyal Customers,"Cross-sell premium categories, early bird access, referral incentives."
13328,2011-01-27 15:22:00,2011-01-27 15:22:00,1,680,1308.48,17,0.0,0.0,0.0,316,316,1308.48,316.0,1,-0.365,0.1245,61.3,76.04,146.23,At-Risk High Spenders,"High-priority win-back promotion, dedicated account check-in, special survey."
13329,2010-12-08 10:11:00,2011-11-08 10:29:00,2,463,789.0,16,2.0,36.0,50.0,32,367,394.5,335.0,2,0.0286,-0.0805,16.5,85.18,163.81,Loyal Customers,"Cross-sell premium categories, early bird access, referral incentives."
13330,2011-01-28 10:08:00,2011-09-08 12:27:00,3,751,1140.93,37,0.0,0.0,0.0,93,316,380.31,111.5,3,-0.0606,0.1257,39.3,103.99,199.98,Potential Loyalists,"Offer bundle discounts, volume incentives, brand engagement newsletters."
13332,2011-11-25 13:30:00,2011-11-25 13:30:00,1,179,350.9,21,0.0,0.0,0.0,14,14,350.9,14.0,2,0.0435,-0.3005,24.4,137.95,265.28,Promising New,"Welcome discount on 2nd purchase, onboarding email journey, product tips."
13334,2011-02-07 11:42:00,2011-09-18 15:21:00,3,1764,3502.32,207,0.0,0.0,0.0,82,306,1167.44,112.0,3,-0.006,0.1583,35.3,351.38,675.73,Potential Loyalists,"Offer bundle discounts, volume incentives, brand engagement newsletters."
13336,2011-09-23 14:05:00,2011-09-23 14:05:00,1,559,795.12,51,0.0,0.0,0.0,77,77,795.12,77.0,1,-0.1738,-0.0663,38.4,254.69,489.79,Potential Loyalists,"Offer bundle discounts, volume incentives, brand engagement newsletters."
13338,2011-07-05 09:06:00,2011-07-05 09:06:00,1,256,487.02,19,2.0,9.0,66.67,158,158,487.02,158.0,1,-0.2949,-0.001,56.4,63.77,122.63,Hibernating / Inactive,"Automated reactivation campaign, steep 20% discount offer, clearance alerts."
13339,2011-05-23 08:31:00,2011-05-23 08:31:00,1,326,860.12,54,0.0,0.0,0.0,201,201,860.12,201.0,1,-0.312,0.0521,61.3,78.58,151.11,Hibernating / Inactive,"Automated reactivation campaign, steep 20% discount offer, clearance alerts."
13340,2011-03-08 11:39:00,2011-10-25 13:15:00,7,5770,10736.48,128,0.0,0.0,0.0,45,277,1533.78,38.7,3,0.2466,0.2887,34.0,1213.84,2334.31,Loyal Customers,"Cross-sell premium categories, early bird access, referral incentives."
13341,2011-03-24 09:50:00,2011-03-24 09:50:00,1,301,775.85,42,0.0,0.0,0.0,261,261,775.85,261.0,1,-0.3537,0.0792,61.3,54.59,104.97,Hibernating / Inactive,"Automated reactivation campaign, steep 20% discount offer, clearance alerts."
13343,2011-06-15 12:24:00,2011-06-15 12:24:00,1,135,353.43,19,1.0,9.0,50.0,178,178,353.43,178.0,1,-0.3228,-0.0002,60.8,36.93,71.02,Hibernating / Inactive,"Automated reactivation campaign, steep 20% discount offer, clearance alerts."
13344,2011-03-07 10:28:00,2011-10-03 09:45:00,3,952,2511.69,115,0.0,0.0,0.0,68,278,837.23,105.0,3,0.0106,0.1219,31.0,295.81,568.86,Potential Loyalists,"Offer bundle discounts, volume incentives, brand engagement newsletters."
13345,2011-02-25 09:01:00,2011-02-25 09:01:00,1,141,389.5,20,1.0,2.0,50.0,288,288,389.5,288.0,1,-0.3905,0.0619,61.3,24.83,47.76,Hibernating / Inactive,"Automated reactivation campaign, steep 20% discount offer, clearance alerts."
13347,2011-09-30 13:28:00,2011-09-30 13:28:00,1,205,341.36,8,0.0,0.0,0.0,70,70,341.36,70.0,1,-0.1872,-0.1136,36.8,112.18,215.74,Low Value Occasional,Target with low-barrier impulse buys and seasonal holiday campaigns.
13348,2011-10-06 17:28:00,2011-10-06 17:28:00,1,136,233.76,14,0.0,0.0,0.0,64,64,233.76,64.0,2,-0.1863,-0.1403,35.5,78.4,150.78,Low Value Occasional,Target with low-barrier impulse buys and seasonal holiday campaigns.
13349,2011-11-29 08:07:00,2011-11-29 08:07:00,1,225,247.32,16,0.0,0.0,0.0,11,11,247.32,11.0,2,0.0652,-0.3423,20.3,102.5,197.11,Promising New,"Welcome discount on 2nd purchase, onboarding email journey, product tips."
13350,2011-09-21 13:33:00,2011-11-23 16:33:00,2,287,979.12,36,1.0,3.0,33.33,16,79,489.56,63.0,2,0.1337,-0.1516,14.5,435.32,837.15,Loyal Customers,"Cross-sell premium categories, early bird access, referral incentives."
13351,2011-10-04 12:55:00,2011-10-04 12:55:00,1,117,373.94,16,0.0,0.0,0.0,66,66,373.94,66.0,2,-0.1757,-0.1167,35.9,124.64,239.7,Low Value Occasional,Target with low-barrier impulse buys and seasonal holiday campaigns.
13352,2011-10-10 13:55:00,2011-10-10 13:55:00,1,321,397.98,24,1.0,6.0,50.0,60,60,397.98,60.0,2,-0.1598,-0.1254,34.6,135.35,260.28,Low Value Occasional,Target with low-barrier impulse buys and seasonal holiday campaigns.
13354,2011-09-29 13:17:00,2011-09-29 13:17:00,1,604,743.53,51,0.0,0.0,0.0,71,71,743.53,71.0,1,-0.1642,-0.0788,37.0,243.58,468.42,Potential Loyalists,"Offer bundle discounts, volume incentives, brand engagement newsletters."
13355,2011-08-09 14:48:00,2011-08-09 14:48:00,1,314,674.7,32,0.0,0.0,0.0,122,122,674.7,122.0,1,-0.2465,-0.0182,48.4,135.41,260.4,Potential Loyalists,"Offer bundle discounts, volume incentives, brand engagement newsletters."
13356,2011-09-20 14:33:00,2011-09-20 14:33:00,1,325,768.24,42,0.0,0.0,0.0,80,80,768.24,80.0,1,-0.1805,-0.0632,39.0,243.69,468.63,Potential Loyalists,"Offer bundle discounts, volume incentives, brand engagement newsletters."
13357,2011-03-27 13:56:00,2011-03-27 13:56:00,1,321,609.4,85,0.0,0.0,0.0,257,257,609.4,257.0,1,-0.3593,0.0671,61.3,43.54,83.74,Hibernating / Inactive,"Automated reactivation campaign, steep 20% discount offer, clearance alerts."
13358,2011-03-16 11:52:00,2011-03-16 11:52:00,1,285,439.03,29,0.0,0.0,0.0,269,269,439.03,269.0,1,-0.3766,0.0587,61.3,29.97,57.63,Hibernating / Inactive,"Automated reactivation campaign, steep 20% discount offer, clearance alerts."
13359,2011-10-07 09:30:00,2011-10-07 09:30:00,1,161,439.56,23,1.0,2.0,50.0,64,64,439.56,64.0,2,-0.166,-0.1135,35.5,147.43,283.52,Potential Loyalists,"Offer bundle discounts, volume incentives, brand engagement newsletters."
13362,2011-02-25 11:33:00,2011-11-30 14:41:00,4,1382,3090.74,128,1.0,3.0,20.0,9,288,772.68,93.0,0,0.3444,-0.0534,11.4,451.17,867.63,Champions (VIP),"Exclusive VIP preview, concierge service, high-tier loyalty gifts."
13363,2011-10-27 10:46:00,2011-11-22 12:40:00,2,710,992.5,47,0.0,0.0,0.0,18,44,496.25,26.0,2,0.1177,-0.1376,20.5,410.3,789.04,Loyal Customers,"Cross-sell premium categories, early bird access, referral incentives."
13364,2011-09-29 18:13:00,2011-09-29 18:13:00,1,71,134.96,10,1.0,71.0,50.0,71,71,134.96,71.0,1,-0.2191,-0.1511,37.0,44.21,85.02,Low Value Occasional,Target with low-barrier impulse buys and seasonal holiday campaigns.
13365,2011-05-06 12:00:00,2011-11-06 12:36:00,2,1247,2225.37,122,1.0,9.0,33.33,34,218,1112.68,184.0,2,0.0534,-0.0294,17.8,398.15,765.68,Loyal Customers,"Cross-sell premium categories, early bird access, referral incentives."
13366,2011-10-20 13:37:00,2011-10-20 13:37:00,1,144,56.16,1,0.0,0.0,0.0,50,50,56.16,50.0,2,-0.1962,-0.2297,32.4,19.74,37.96,Low Value Occasional,Target with low-barrier impulse buys and seasonal holiday campaigns.
13368,2011-01-06 12:32:00,2011-03-28 09:59:00,2,327,623.4,29,0.0,0.0,0.0,257,338,311.7,81.0,1,-0.283,0.1582,92.9,6.21,11.95,Hibernating / Inactive,"Automated reactivation campaign, steep 20% discount offer, clearance alerts."
13369,2010-12-09 11:30:00,2010-12-09 11:30:00,1,149,308.28,14,1.0,22.0,50.0,366,366,308.28,366.0,1,-0.4333,0.0808,61.3,15.47,29.74,Hibernating / Inactive,"Automated reactivation campaign, steep 20% discount offer, clearance alerts."
13370,2010-12-03 10:26:00,2010-12-03 10:26:00,1,343,754.87,39,1.0,7.0,50.0,372,372,754.87,372.0,1,-0.4068,0.1208,61.3,37.26,71.66,Hibernating / Inactive,"Automated reactivation campaign, steep 20% discount offer, clearance alerts."
13372,2011-09-11 12:46:00,2011-09-11 12:46:00,1,159,378.64,23,0.0,0.0,0.0,90,90,378.64,90.0,1,-0.2206,-0.0791,41.3,115.58,222.26,Low Value Occasional,Target with low-barrier impulse buys and seasonal holiday campaigns.
13373,2011-03-08 14:35:00,2011-10-10 10:51:00,3,1651,3312.25,135,0.0,0.0,0.0,61,276,1104.08,107.5,3,0.0353,0.1207,28.3,408.29,785.17,Potential Loyalists,"Offer bundle discounts, volume incentives, brand engagement newsletters."
13375,2011-09-12 10:19:00,2011-09-12 10:19:00,1,442,778.65,37,1.0,1.0,50.0,89,89,778.65,89.0,1,-0.1957,-0.0499,41.0,238.89,459.4,Potential Loyalists,"Offer bundle discounts, volume incentives, brand engagement newsletters."
13376,2011-04-19 13:03:00,2011-09-01 16:16:00,3,493,1019.76,45,0.0,0.0,0.0,99,234,339.92,67.5,3,-0.0734,0.1285,51.4,100.5,193.26,Potential Loyalists,"Offer bundle discounts, volume incentives, brand engagement newsletters."
13379,2011-07-26 12:26:00,2011-11-13 13:45:00,3,601,572.56,85,0.0,0.0,0.0,26,137,190.85,55.5,2,0.1015,-0.0544,19.3,160.03,307.75,Potential Loyalists,"Offer bundle discounts, volume incentives, brand engagement newsletters."
13381,2011-02-14 10:10:00,2011-11-08 11:58:00,6,2029,3639.31,77,1.0,2.0,14.29,32,299,606.55,53.4,3,0.2359,0.1728,22.3,448.75,862.98,Loyal Customers,"Cross-sell premium categories, early bird access, referral incentives."
13382,2011-03-04 10:03:00,2011-03-04 10:03:00,1,131,222.99,15,0.0,0.0,0.0,281,281,222.99,281.0,1,-0.4048,0.0353,61.3,14.57,28.02,Hibernating / Inactive,"Automated reactivation campaign, steep 20% discount offer, clearance alerts."
13384,2011-06-14 12:47:00,2011-11-09 11:04:00,7,2422,4151.93,123,2.0,7.0,22.22,31,179,593.13,24.7,3,0.2696,0.2044,32.5,742.91,1428.67,Loyal Customers,"Cross-sell premium categories, early bird access, referral incentives."
13385,2011-01-14 09:52:00,2011-01-14 09:52:00,1,281,534.57,35,0.0,0.0,0.0,330,330,534.57,330.0,1,-0.4003,0.0917,61.3,29.75,57.21,Hibernating / Inactive,"Automated reactivation campaign, steep 20% discount offer, clearance alerts."
13388,2011-07-31 12:52:00,2011-07-31 12:52:00,2,282,677.1,35,1.0,1.0,33.33,131,131,338.55,0.0,1,-0.1813,0.0807,89.1,26.73,51.41,Potential Loyalists,"Offer bundle discounts, volume incentives, brand engagement newsletters."
13389,2011-04-21 12:12:00,2011-11-28 14:01:00,3,429,797.96,50,0.0,0.0,0.0,11,233,265.99,111.0,2,0.2321,-0.1385,11.9,143.17,275.32,Loyal Customers,"Cross-sell premium categories, early bird access, referral incentives."
13390,2011-09-26 08:38:00,2011-09-26 08:38:00,1,224,544.08,13,0.0,0.0,0.0,75,75,544.08,75.0,1,-0.1822,-0.0855,37.9,175.69,337.87,Potential Loyalists,"Offer bundle discounts, volume incentives, brand engagement newsletters."
13391,2011-05-20 10:50:00,2011-05-20 10:50:00,1,4,59.8,1,0.0,0.0,0.0,204,204,59.8,204.0,1,-0.3998,-0.0588,61.3,5.38,10.35,Hibernating / Inactive,"Automated reactivation campaign, steep 20% discount offer, clearance alerts."
13394,2011-02-03 10:39:00,2011-12-08 11:36:00,8,2392,2520.02,124,2.0,177.0,20.0,2,310,315.0,44.0,0,0.6253,-0.077,9.4,349.46,672.05,Champions (VIP),"Exclusive VIP preview, concierge service, high-tier loyalty gifts."
13395,2011-06-07 15:04:00,2011-06-07 15:04:00,1,336,307.72,21,0.0,0.0,0.0,185,185,307.72,185.0,1,-0.3329,-0.0014,61.3,30.54,58.74,Hibernating / Inactive,"Automated reactivation campaign, steep 20% discount offer, clearance alerts."
13396,2011-01-24 13:37:00,2011-11-10 16:59:00,2,600,1360.99,42,2.0,8.0,50.0,29,319,680.5,290.0,2,0.0603,-0.0689,15.9,170.25,327.41,Loyal Customers,"Cross-sell premium categories, early bird access, referral incentives."
13397,2011-01-04 13:50:00,2011-09-28 10:56:00,5,430,1544.13,28,1.0,1.0,16.67,73,339,308.83,66.5,3,0.0601,0.1998,39.1,131.63,253.13,Potential Loyalists,"Offer bundle discounts, volume incentives, brand engagement newsletters."
13398,2011-05-31 13:17:00,2011-05-31 13:17:00,1,281,457.34,26,0.0,0.0,0.0,192,192,457.34,192.0,1,-0.3256,0.0198,61.3,43.74,84.12,Hibernating / Inactive,"Automated reactivation campaign, steep 20% discount offer, clearance alerts."
13402,2010-12-02 17:12:00,2011-08-04 15:51:00,2,479,621.23,32,0.0,0.0,0.0,127,372,310.62,245.0,1,-0.1795,0.0733,42.3,45.72,87.93,Potential Loyalists,"Offer bundle discounts, volume incentives, brand engagement newsletters."
13403,2011-11-22 08:28:00,2011-11-22 08:28:00,1,44,75.0,3,0.0,0.0,0.0,18,18,75.0,18.0,2,-0.041,-0.337,25.3,29.13,56.02,Promising New,"Welcome discount on 2nd purchase, onboarding email journey, product tips."
13404,2011-05-11 11:57:00,2011-12-08 15:37:00,2,111,252.49,11,0.0,0.0,0.0,1,213,126.24,212.0,0,0.4063,-0.468,8.8,51.3,98.65,Promising New,"Welcome discount on 2nd purchase, onboarding email journey, product tips."
13405,2011-01-26 09:27:00,2011-09-26 17:01:00,3,165,572.45,25,0.0,0.0,0.0,74,318,190.82,122.0,3,-0.0495,0.0691,31.7,58.34,112.19,Potential Loyalists,"Offer bundle discounts, volume incentives, brand engagement newsletters."
13410,2011-02-21 14:38:00,2011-11-15 15:33:00,5,518,1003.06,15,2.0,5.0,28.57,24,291,200.61,66.8,3,0.2066,0.0502,17.5,134.93,259.49,Loyal Customers,"Cross-sell premium categories, early bird access, referral incentives."
13411,2011-08-24 13:57:00,2011-08-24 13:57:00,1,72,213.55,17,0.0,0.0,0.0,107,107,213.55,107.0,1,-0.2643,-0.0827,45.0,52.09,100.16,Low Value Occasional,Target with low-barrier impulse buys and seasonal holiday campaigns.
13414,2011-02-16 12:13:00,2011-07-29 11:45:00,3,1574,1390.5,23,0.0,0.0,0.0,134,297,463.5,81.5,3,-0.1077,0.1779,62.4,83.53,160.63,At-Risk High Spenders,"High-priority win-back promotion, dedicated account check-in, special survey."
13416,2011-09-19 14:43:00,2011-10-27 08:56:00,2,142,712.5,11,0.0,0.0,0.0,44,81,356.25,37.0,2,-0.0205,-0.0473,34.2,243.79,468.82,Loyal Customers,"Cross-sell premium categories, early bird access, referral incentives."
13417,2011-05-18 16:26:00,2011-12-05 08:49:00,2,162,640.83,26,0.0,0.0,0.0,5,205,320.42,200.0,2,0.2739,-0.2956,9.8,133.79,257.3,Promising New,"Welcome discount on 2nd purchase, onboarding email journey, product tips."
13419,2011-10-07 12:49:00,2011-10-07 12:49:00,1,275,221.06,16,0.0,0.0,0.0,64,64,221.06,64.0,2,-0.1881,-0.1426,35.5,74.14,142.58,Low Value Occasional,Target with low-barrier impulse buys and seasonal holiday campaigns.
13420,2011-06-22 11:35:00,2011-07-13 08:48:00,2,101,159.85,8,2.0,13.0,50.0,150,171,79.92,21.0,1,-0.2477,0.0358,93.3,2.97,5.71,Low Value Occasional,Target with low-barrier impulse buys and seasonal holiday campaigns.
13421,2011-02-22 15:46:00,2011-10-30 14:21:00,2,1128,1833.71,88,1.0,1.0,33.33,40,290,916.86,250.0,2,0.0238,-0.0184,18.9,243.33,467.94,Loyal Customers,"Cross-sell premium categories, early bird access, referral incentives."
13422,2011-10-06 13:42:00,2011-10-06 13:42:00,1,1326,2626.3,127,1.0,5.0,50.0,64,64,2626.3,64.0,2,-0.1083,-0.0376,35.5,880.86,1693.96,Potential Loyalists,"Offer bundle discounts, volume incentives, brand engagement newsletters."
13425,2011-02-18 08:34:00,2011-08-23 17:13:00,3,1123,1624.21,66,0.0,0.0,0.0,108,295,541.4,93.5,3,-0.0711,0.1587,47.9,136.11,261.75,Potential Loyalists,"Offer bundle discounts, volume incentives, brand engagement newsletters."
13426,2010-12-15 12:43:00,2011-12-09 08:59:00,10,2245,3641.32,103,2.0,21.0,16.67,1,360,364.13,39.9,0,0.7345,-0.0658,9.0,436.75,839.9,Champions (VIP),"Exclusive VIP preview, concierge service, high-tier loyalty gifts."
13427,2011-05-08 15:58:00,2011-11-20 13:02:00,3,545,582.6,25,0.0,0.0,0.0,19,215,194.2,98.0,2,0.1465,-0.09,14.6,109.81,211.17,Potential Loyalists,"Offer bundle discounts, volume incentives, brand engagement newsletters."
13428,2011-11-29 14:20:00,2011-11-29 14:20:00,1,151,201.78,70,0.0,0.0,0.0,10,10,201.78,10.0,2,0.0716,-0.3614,19.0,84.99,163.44,Promising New,"Welcome discount on 2nd purchase, onboarding email journey, product tips."
13429,2011-09-25 15:59:00,2011-11-29 09:10:00,4,1390,1006.8,55,0.0,0.0,0.0,11,75,251.7,21.3,0,0.2812,-0.079,16.5,437.15,840.68,Loyal Customers,"Cross-sell premium categories, early bird access, referral incentives."
13430,2011-09-14 14:26:00,2011-11-21 08:19:00,2,751,679.45,48,2.0,13.0,50.0,19,86,339.72,67.0,2,0.0978,-0.1475,15.5,298.55,574.13,Promising New,"Welcome discount on 2nd purchase, onboarding email journey, product tips."
13431,2011-09-12 11:25:00,2011-10-03 13:49:00,2,672,1269.1,44,0.0,0.0,0.0,67,89,634.55,22.0,3,-0.0629,0.0271,66.8,219.1,421.34,Potential Loyalists,"Offer bundle discounts, volume incentives, brand engagement newsletters."
13434,2011-09-04 10:35:00,2011-09-26 14:30:00,2,300,534.24,9,0.0,0.0,0.0,74,97,267.12,23.0,1,-0.1053,0.0022,69.7,79.19,152.28,Potential Loyalists,"Offer bundle discounts, volume incentives, brand engagement newsletters."
13435,2011-06-03 17:07:00,2011-12-04 14:45:00,7,2129,3809.89,68,2.0,4.0,22.22,5,189,544.27,30.7,0,0.5143,-0.0018,11.2,849.38,1633.41,Champions (VIP),"Exclusive VIP preview, concierge service, high-tier loyalty gifts."
13436,2011-12-08 10:33:00,2011-12-08 10:33:00,1,76,196.89,12,0.0,0.0,0.0,2,2,196.89,2.0,2,0.2628,-0.5196,10.3,91.84,176.61,Promising New,"Welcome discount on 2nd purchase, onboarding email journey, product tips."
13437,2011-06-02 14:30:00,2011-11-25 14:00:00,7,1283,3408.06,143,0.0,0.0,0.0,14,190,486.87,29.3,0,0.3752,0.1043,16.7,708.99,1363.44,Champions (VIP),"Exclusive VIP preview, concierge service, high-tier loyalty gifts."
13439,2011-03-29 14:20:00,2011-03-29 14:20:00,1,242,283.71,54,0.0,0.0,0.0,255,255,283.71,255.0,1,-0.3828,0.0338,61.3,20.43,39.29,Hibernating / Inactive,"Automated reactivation campaign, steep 20% discount offer, clearance alerts."
13441,2011-09-09 09:38:00,2011-09-09 09:38:00,1,204,296.64,13,0.0,0.0,0.0,92,92,296.64,92.0,1,-0.2316,-0.0869,41.7,89.2,171.53,Low Value Occasional,Target with low-barrier impulse buys and seasonal holiday campaigns.
13447,2011-11-04 10:10:00,2011-11-16 13:38:00,3,584,1129.14,55,1.0,7.0,25.0,23,36,376.38,6.5,3,0.1409,-0.0399,37.7,365.8,703.45,Loyal Customers,"Cross-sell premium categories, early bird access, referral incentives."
13448,2010-12-01 10:52:00,2011-11-23 12:33:00,6,1648,3534.69,137,4.0,22.0,40.0,17,374,589.12,71.4,0,0.3245,0.0983,14.6,382.98,736.5,Champions (VIP),"Exclusive VIP preview, concierge service, high-tier loyalty gifts."
13449,2011-11-16 08:28:00,2011-11-16 08:28:00,1,222,291.88,19,0.0,0.0,0.0,24,24,291.88,24.0,2,-0.0379,-0.2465,26.6,111.4,214.24,Promising New,"Welcome discount on 2nd purchase, onboarding email journey, product tips."
13450,2011-05-05 19:48:00,2011-11-13 11:54:00,6,1982,2043.72,32,0.0,0.0,0.0,27,218,340.62,38.2,3,0.2415,0.1284,22.7,343.86,661.27,Champions (VIP),"Exclusive VIP preview, concierge service, high-tier loyalty gifts."
13451,2011-01-09 15:35:00,2011-11-13 15:58:00,5,2128,2898.26,315,1.0,6.0,16.67,26,334,579.65,77.0,3,0.2295,0.1046,17.7,338.86,651.66,Champions (VIP),"Exclusive VIP preview, concierge service, high-tier loyalty gifts."
13452,2011-03-14 11:38:00,2011-03-25 14:19:00,2,2,590.0,1,0.0,0.0,0.0,259,271,295.0,12.0,1,-0.2859,0.1568,98.0,2.07,3.97,Hibernating / Inactive,"Automated reactivation campaign, steep 20% discount offer, clearance alerts."
13453,2011-02-23 09:44:00,2011-06-27 09:34:00,2,134,356.98,16,0.0,0.0,0.0,166,290,178.49,124.0,1,-0.2367,0.082,64.0,21.03,40.44,Hibernating / Inactive,"Automated reactivation campaign, steep 20% discount offer, clearance alerts."
13455,2010-12-08 13:11:00,2011-11-15 11:21:00,2,354,1058.34,42,2.0,9.0,50.0,25,366,529.17,341.0,2,0.0734,-0.0969,14.7,117.04,225.07,Loyal Customers,"Cross-sell premium categories, early bird access, referral incentives."
13456,2011-05-16 15:34:00,2011-11-22 09:18:00,6,765,1766.72,43,1.0,9.0,14.29,18,207,294.45,37.8,0,0.2941,0.0753,17.6,333.7,641.73,Champions (VIP),"Exclusive VIP preview, concierge service, high-tier loyalty gifts."
13458,2010-12-15 12:05:00,2011-12-02 15:29:00,14,5508,9646.57,242,8.0,48.0,36.36,7,360,689.04,27.2,0,0.6189,0.2123,12.6,1111.26,2137.05,Champions (VIP),"Exclusive VIP preview, concierge service, high-tier loyalty gifts."
13460,2011-10-21 09:50:00,2011-11-10 17:17:00,2,286,183.44,16,0.0,0.0,0.0,29,50,91.72,21.0,2,-0.0043,-0.1539,34.3,62.67,120.52,Promising New,"Welcome discount on 2nd purchase, onboarding email journey, product tips."
13461,2011-06-29 10:23:00,2011-11-01 09:01:00,3,1170,1445.0,14,0.0,0.0,0.0,39,164,481.67,62.5,3,0.0733,0.0324,24.2,316.91,609.44,Loyal Customers,"Cross-sell premium categories, early bird access, referral incentives."
13462,2011-04-01 11:20:00,2011-04-01 11:20:00,1,62,151.5,9,1.0,1.0,50.0,253,253,151.5,253.0,1,-0.4018,0.0063,61.3,11.0,21.15,Hibernating / Inactive,"Automated reactivation campaign, steep 20% discount offer, clearance alerts."
13464,2011-10-12 15:01:00,2011-10-12 15:01:00,1,403,674.68,41,0.0,0.0,0.0,58,58,674.68,58.0,2,-0.1379,-0.107,34.1,231.2,444.61,Potential Loyalists,"Offer bundle discounts, volume incentives, brand engagement newsletters."
13466,2011-06-08 16:39:00,2011-06-08 16:39:00,1,259,307.9,17,1.0,1.0,50.0,184,184,307.9,184.0,1,-0.3321,-0.0021,61.3,30.73,59.09,Hibernating / Inactive,"Automated reactivation campaign, steep 20% discount offer, clearance alerts."
13467,2011-11-03 16:56:00,2011-11-29 10:01:00,2,580,1071.91,89,0.0,0.0,0.0,11,36,535.96,25.0,2,0.1881,-0.1899,15.6,470.44,904.7,Loyal Customers,"Cross-sell premium categories, early bird access, referral incentives."
13470,2011-08-16 17:06:00,2011-09-01 14:57:00,2,100,165.0,7,0.0,0.0,0.0,99,115,82.5,16.0,1,-0.1857,-0.0127,81.8,12.39,23.83,Low Value Occasional,Target with low-barrier impulse buys and seasonal holiday campaigns.
13471,2011-10-23 13:10:00,2011-12-08 15:44:00,4,1583,2501.84,214,0.0,0.0,0.0,1,47,625.46,15.3,0,0.5755,-0.2571,9.3,1179.97,2269.17,Champions (VIP),"Exclusive VIP preview, concierge service, high-tier loyalty gifts."
13473,2011-01-11 08:45:00,2011-10-10 11:20:00,2,266,422.64,21,1.0,6.0,33.33,61,333,211.32,272.0,2,-0.0847,-0.0307,24.2,45.65,87.79,Potential Loyalists,"Offer bundle discounts, volume incentives, brand engagement newsletters."
13474,2011-04-17 13:53:00,2011-04-17 13:53:00,1,129,226.84,59,0.0,0.0,0.0,236,236,226.84,236.0,1,-0.3786,0.015,61.3,17.65,33.94,Hibernating / Inactive,"Automated reactivation campaign, steep 20% discount offer, clearance alerts."
13475,2011-02-14 12:36:00,2011-06-01 13:52:00,4,1012,1431.78,64,0.0,0.0,0.0,191,299,357.94,36.0,3,-0.1173,0.2714,98.0,4.54,8.74,At-Risk High Spenders,"High-priority win-back promotion, dedicated account check-in, special survey."
13476,2011-03-03 14:43:00,2011-06-14 12:00:00,2,417,1238.47,56,2.0,3.0,50.0,179,281,619.24,102.0,1,-0.2076,0.1438,74.3,53.75,103.36,At-Risk High Spenders,"High-priority win-back promotion, dedicated account check-in, special survey."
13477,2011-02-21 12:29:00,2011-11-02 12:04:00,6,1021,1454.58,57,2.0,3.0,25.0,38,292,242.43,50.8,3,0.1815,0.1541,25.8,175.39,337.28,Loyal Customers,"Cross-sell premium categories, early bird access, referral incentives."
13479,2011-04-19 11:27:00,2011-05-23 10:45:00,2,134,300.95,14,1.0,1.0,33.33,201,235,150.48,34.0,1,-0.2703,0.0978,98.0,1.22,2.34,Hibernating / Inactive,"Automated reactivation campaign, steep 20% discount offer, clearance alerts."
13481,2011-03-28 09:07:00,2011-10-25 09:07:00,5,1142,1804.56,98,3.0,15.0,37.5,46,257,360.91,52.8,3,0.1322,0.1515,29.4,235.22,452.35,Loyal Customers,"Cross-sell premium categories, early bird access, referral incentives."
13482,2011-04-21 17:03:00,2011-04-21 17:03:00,1,116,184.64,11,0.0,0.0,0.0,232,232,184.64,232.0,1,-0.3827,0.0042,61.3,14.61,28.1,Hibernating / Inactive,"Automated reactivation campaign, steep 20% discount offer, clearance alerts."
13483,2011-10-05 11:53:00,2011-10-05 11:53:00,1,160,140.34,10,0.0,0.0,0.0,66,66,140.34,66.0,1,-0.2072,-0.1582,35.9,46.78,89.96,Low Value Occasional,Target with low-barrier impulse buys and seasonal holiday campaigns.
13484,2011-04-12 16:30:00,2011-04-12 16:30:00,1,44,313.8,8,0.0,0.0,0.0,241,241,313.8,241.0,1,-0.3712,0.0312,61.3,23.91,45.98,Hibernating / Inactive,"Automated reactivation campaign, steep 20% discount offer, clearance alerts."
13485,2011-04-20 13:58:00,2011-04-20 13:58:00,1,277,454.24,23,0.0,0.0,0.0,233,233,454.24,233.0,1,-0.3543,0.0428,61.3,35.8,68.85,Hibernating / Inactive,"Automated reactivation campaign, steep 20% discount offer, clearance alerts."
13486,2011-07-07 17:19:00,2011-09-22 13:13:00,3,669,1122.41,69,0.0,0.0,0.0,78,155,374.14,38.5,3,-0.0354,0.104,56.5,149.47,287.44,Potential Loyalists,"Offer bundle discounts, volume incentives, brand engagement newsletters."
13487,2010-12-21 14:54:00,2011-10-13 12:07:00,3,265,575.4,26,0.0,0.0,0.0,58,353,191.8,147.5,3,-0.0139,0.0403,25.5,57.62,110.81,Potential Loyalists,"Offer bundle discounts, volume incentives, brand engagement newsletters."
13488,2010-12-07 13:01:00,2011-11-22 14:41:00,13,4518,8968.31,271,4.0,6.0,23.53,17,367,689.87,29.2,0,0.4838,0.292,18.7,942.7,1812.88,Champions (VIP),"Exclusive VIP preview, concierge service, high-tier loyalty gifts."
13489,2011-02-18 10:42:00,2011-08-26 13:16:00,4,560,449.52,11,0.0,0.0,0.0,105,295,112.38,63.3,3,-0.0669,0.1503,56.2,31.67,60.9,Potential Loyalists,"Offer bundle discounts, volume incentives, brand engagement newsletters."
13491,2010-12-02 14:30:00,2011-10-19 08:32:00,10,903,1215.82,73,0.0,0.0,0.0,52,372,121.58,35.6,3,0.2146,0.2841,40.8,91.81,176.55,Loyal Customers,"Cross-sell premium categories, early bird access, referral incentives."
13494,2011-02-01 11:58:00,2011-02-01 11:58:00,1,162,316.26,18,0.0,0.0,0.0,312,312,316.26,312.0,1,-0.409,0.0627,61.3,18.61,35.8,Hibernating / Inactive,"Automated reactivation campaign, steep 20% discount offer, clearance alerts."
13495,2010-12-06 15:14:00,2011-12-02 11:21:00,5,829,2044.87,34,1.0,15.0,16.67,8,368,408.97,90.0,0,0.3806,-0.0431,11.1,234.4,450.76,Champions (VIP),"Exclusive VIP preview, concierge service, high-tier loyalty gifts."
13496,2010-12-15 10:17:00,2011-11-29 10:58:00,2,341,653.33,28,1.0,12.0,33.33,11,360,326.67,349.0,2,0.1721,-0.2109,11.2,76.47,147.06,Promising New,"Welcome discount on 2nd purchase, onboarding email journey, product tips."
13497,2010-12-06 11:37:00,2011-03-02 09:04:00,2,163,348.05,19,1.0,4.0,33.33,283,369,174.02,86.0,1,-0.316,0.1451,93.7,2.82,5.42,Hibernating / Inactive,"Automated reactivation campaign, steep 20% discount offer, clearance alerts."
13499,2011-03-15 08:52:00,2011-11-22 11:21:00,5,1365,1159.11,31,2.0,7.0,28.57,18,270,231.82,63.0,3,0.2518,0.0231,15.3,172.53,331.8,Loyal Customers,"Cross-sell premium categories, early bird access, referral incentives."
13500,2011-08-09 12:20:00,2011-11-16 15:35:00,3,609,1166.77,60,1.0,24.0,25.0,23,123,388.92,50.0,3,0.1419,-0.0385,18.5,366.83,705.45,Loyal Customers,"Cross-sell premium categories, early bird access, referral incentives."
13502,2011-01-20 09:03:00,2011-11-23 10:39:00,3,264,292.0,17,0.0,0.0,0.0,17,324,97.33,153.5,2,0.1398,-0.1321,13.3,37.07,71.3,Low Value Occasional,Target with low-barrier impulse buys and seasonal holiday campaigns.
13503,2011-09-29 13:23:00,2011-09-29 13:23:00,1,248,216.85,17,0.0,0.0,0.0,71,71,216.85,71.0,1,-0.2039,-0.1311,37.0,71.04,136.62,Low Value Occasional,Target with low-barrier impulse buys and seasonal holiday campaigns.
13504,2011-10-06 13:20:00,2011-10-06 13:20:00,1,178,295.93,22,0.0,0.0,0.0,64,64,295.93,64.0,2,-0.1788,-0.1303,35.5,99.25,190.87,Low Value Occasional,Target with low-barrier impulse buys and seasonal holiday campaigns.
13506,2010-12-05 12:15:00,2011-01-27 13:53:00,2,324,458.52,26,1.0,3.0,33.33,316,370,229.26,54.0,1,-0.3234,0.1701,98.0,1.18,2.26,Hibernating / Inactive,"Automated reactivation campaign, steep 20% discount offer, clearance alerts."
13507,2011-07-17 11:50:00,2011-12-06 13:13:00,4,1597,2479.16,146,0.0,0.0,0.0,3,146,619.79,47.7,0,0.4728,-0.1736,9.7,727.57,1399.18,Champions (VIP),"Exclusive VIP preview, concierge service, high-tier loyalty gifts."
13508,2011-04-10 11:58:00,2011-04-10 11:58:00,1,24,110.97,12,0.0,0.0,0.0,244,244,110.97,244.0,1,-0.4064,-0.0112,61.3,8.35,16.06,Hibernating / Inactive,"Automated reactivation campaign, steep 20% discount offer, clearance alerts."
13509,2011-02-28 13:27:00,2011-12-01 10:10:00,7,1106,979.72,27,0.0,0.0,0.0,9,284,139.96,45.8,0,0.3949,0.0023,12.4,143.39,275.75,Loyal Customers,"Cross-sell premium categories, early bird access, referral incentives."
13510,2011-06-09 09:32:00,2011-12-08 13:46:00,4,1386,1791.56,86,1.0,4.0,20.0,1,184,447.89,61.0,0,0.5647,-0.2712,8.9,420.89,809.4,Champions (VIP),"Exclusive VIP preview, concierge service, high-tier loyalty gifts."
13512,2011-03-24 10:03:00,2011-03-24 10:03:00,1,143,251.21,15,0.0,0.0,0.0,261,261,251.21,261.0,1,-0.3901,0.0314,61.3,17.67,33.99,Hibernating / Inactive,"Automated reactivation campaign, steep 20% discount offer, clearance alerts."
13513,2011-08-05 11:50:00,2011-08-05 11:50:00,1,109,205.1,10,0.0,0.0,0.0,127,127,205.1,127.0,1,-0.2907,-0.0638,49.5,38.7,74.42,Low Value Occasional,Target with low-barrier impulse buys and seasonal holiday campaigns.
13514,2011-09-27 09:39:00,2011-09-27 09:39:00,1,40,152.2,4,0.0,0.0,0.0,74,74,152.2,74.0,1,-0.2213,-0.1411,37.7,49.31,94.82,Low Value Occasional,Target with low-barrier impulse buys and seasonal holiday campaigns.
13515,2011-04-06 10:33:00,2011-09-28 11:26:00,4,681,891.12,50,0.0,0.0,0.0,73,248,222.78,58.3,3,0.0083,0.1359,41.8,99.23,190.83,Potential Loyalists,"Offer bundle discounts, volume incentives, brand engagement newsletters."
13516,2011-04-15 11:06:00,2011-11-18 13:15:00,3,985,1389.41,43,0.0,0.0,0.0,21,239,463.14,109.0,3,0.1604,-0.0416,15.0,234.47,450.91,Loyal Customers,"Cross-sell premium categories, early bird access, referral incentives."
13517,2011-06-13 08:44:00,2011-10-11 11:43:00,3,1369,2128.42,125,2.0,9.0,40.0,60,180,709.47,60.0,3,0.0235,0.0999,34.6,366.94,705.66,Loyal Customers,"Cross-sell premium categories, early bird access, referral incentives."
13518,2011-09-15 10:29:00,2011-09-15 10:29:00,1,382,627.16,36,0.0,0.0,0.0,86,86,627.16,86.0,1,-0.1976,-0.0632,40.4,194.37,373.79,Potential Loyalists,"Offer bundle discounts, volume incentives, brand engagement newsletters."
13519,2011-09-22 18:24:00,2011-09-22 18:24:00,1,23,122.75,8,1.0,1.0,50.0,78,78,122.75,78.0,1,-0.2359,-0.1439,38.6,39.19,75.37,Low Value Occasional,Target with low-barrier impulse buys and seasonal holiday campaigns.
13521,2011-11-29 15:09:00,2011-12-08 13:50:00,3,718,1071.73,313,0.0,0.0,0.0,1,10,357.24,4.5,0,0.5066,-0.3427,9.4,504.91,970.98,Loyal Customers,"Cross-sell premium categories, early bird access, referral incentives."
13522,2011-11-09 15:11:00,2011-11-09 15:11:00,1,44,125.8,5,0.0,0.0,0.0,30,30,125.8,30.0,2,-0.0968,-0.256,27.9,47.16,90.7,Promising New,"Welcome discount on 2nd purchase, onboarding email journey, product tips."
13523,2010-12-08 14:22:00,2011-11-06 15:11:00,5,1752,3964.88,157,1.0,7.0,16.67,33,366,792.98,83.2,3,0.2055,0.1458,19.9,411.74,791.8,Loyal Customers,"Cross-sell premium categories, early bird access, referral incentives."
13524,2011-05-04 12:26:00,2011-10-30 12:34:00,5,324,680.18,17,0.0,0.0,0.0,41,220,136.04,44.8,3,0.1173,0.0965,29.0,104.16,200.31,Potential Loyalists,"Offer bundle discounts, volume incentives, brand engagement newsletters."
13525,2011-04-05 15:36:00,2011-11-25 12:01:00,2,394,628.78,5,0.0,0.0,0.0,15,248,314.39,233.0,2,0.1283,-0.1777,12.4,105.39,202.67,Promising New,"Welcome discount on 2nd purchase, onboarding email journey, product tips."
13527,2011-01-17 11:17:00,2011-11-06 12:04:00,7,1683,2242.36,153,1.0,19.0,12.5,34,327,320.34,48.8,3,0.2364,0.1891,24.1,246.97,474.94,Loyal Customers,"Cross-sell premium categories, early bird access, referral incentives."
13529,2011-05-19 11:50:00,2011-09-22 09:15:00,2,74,307.76,15,0.0,0.0,0.0,79,205,153.88,126.0,1,-0.1327,-0.0133,33.1,47.66,91.65,Low Value Occasional,Target with low-barrier impulse buys and seasonal holiday campaigns.
13531,2010-12-08 15:03:00,2011-05-18 16:56:00,2,174,483.8,17,0.0,0.0,0.0,205,366,241.9,161.0,1,-0.2579,0.1203,65.9,21.39,41.13,Hibernating / Inactive,"Automated reactivation campaign, steep 20% discount offer, clearance alerts."
13532,2011-11-06 12:25:00,2011-11-06 12:25:00,1,129,210.31,66,0.0,0.0,0.0,34,34,210.31,34.0,2,-0.0982,-0.2196,28.8,77.87,149.74,Promising New,"Welcome discount on 2nd purchase, onboarding email journey, product tips."
13533,2011-03-17 12:47:00,2011-06-10 11:54:00,3,202,269.09,61,0.0,0.0,0.0,183,268,89.7,42.5,1,-0.2065,0.1457,98.0,0.95,1.83,Hibernating / Inactive,"Automated reactivation campaign, steep 20% discount offer, clearance alerts."
13536,2011-09-25 13:30:00,2011-12-08 16:38:00,7,2126,3444.39,91,0.0,0.0,0.0,1,75,492.06,12.3,0,0.6734,-0.139,9.4,1622.74,3120.64,Champions (VIP),"Exclusive VIP preview, concierge service, high-tier loyalty gifts."
13538,2011-01-28 10:40:00,2011-10-27 16:34:00,7,175,1280.85,10,0.0,0.0,0.0,43,316,182.98,45.5,3,0.1845,0.1929,29.9,134.82,259.28,Loyal Customers,"Cross-sell premium categories, early bird access, referral incentives."
13539,2011-02-03 15:23:00,2011-09-15 10:18:00,3,320,631.34,35,1.0,6.0,25.0,86,309,210.45,111.5,3,-0.0683,0.0912,36.8,61.27,117.83,Potential Loyalists,"Offer bundle discounts, volume incentives, brand engagement newsletters."
13544,2011-04-13 12:09:00,2011-10-31 11:57:00,2,112,276.06,76,0.0,0.0,0.0,40,241,138.03,201.0,2,-0.0373,-0.0988,19.3,43.86,84.35,Promising New,"Welcome discount on 2nd purchase, onboarding email journey, product tips."
13546,2011-05-23 12:14:00,2011-11-27 14:50:00,3,357,621.09,72,0.0,0.0,0.0,12,201,207.03,94.5,2,0.2122,-0.1394,12.4,128.44,247.0,Potential Loyalists,"Offer bundle discounts, volume incentives, brand engagement newsletters."
13548,2011-04-10 11:35:00,2011-09-04 14:50:00,2,436,678.16,114,0.0,0.0,0.0,96,244,339.08,148.0,1,-0.1357,0.0435,37.2,82.82,159.27,Potential Loyalists,"Offer bundle discounts, volume incentives, brand engagement newsletters."
13549,2011-04-11 13:42:00,2011-11-14 09:20:00,7,458,918.2,37,1.0,1.0,12.5,26,242,131.17,36.0,3,0.2459,0.1197,22.7,139.17,267.63,Loyal Customers,"Cross-sell premium categories, early bird access, referral incentives."
13551,2011-01-24 14:46:00,2011-01-24 14:46:00,1,12,91.8,4,0.0,0.0,0.0,319,319,91.8,319.0,1,-0.452,0.0131,61.3,5.28,10.16,Hibernating / Inactive,"Automated reactivation campaign, steep 20% discount offer, clearance alerts."
13552,2011-01-28 10:10:00,2011-10-04 15:19:00,12,1417,3740.07,82,4.0,31.0,25.0,66,316,311.67,22.7,3,0.2474,0.3973,65.3,194.87,374.76,Potential Loyalists,"Offer bundle discounts, volume incentives, brand engagement newsletters."
13555,2011-05-22 11:06:00,2011-09-27 12:36:00,4,2636,4098.88,128,0.0,0.0,0.0,74,202,1024.72,42.7,3,0.0557,0.2024,50.6,475.64,914.69,Potential Loyalists,"Offer bundle discounts, volume incentives, brand engagement newsletters."
13557,2011-03-04 12:14:00,2011-11-11 15:24:00,2,546,584.06,31,0.0,0.0,0.0,28,281,292.03,253.0,2,0.038,-0.1089,15.8,83.04,159.7,Promising New,"Welcome discount on 2nd purchase, onboarding email journey, product tips."
13558,2011-10-02 13:01:00,2011-12-04 11:24:00,4,338,594.52,123,0.0,0.0,0.0,6,68,148.63,20.7,0,0.3439,-0.1665,12.7,269.89,519.02,Potential Loyalists,"Offer bundle discounts, volume incentives, brand engagement newsletters."
13560,2011-12-02 13:11:00,2011-12-02 13:11:00,1,63,171.42,32,0.0,0.0,0.0,7,7,171.42,7.0,2,0.1134,-0.4068,15.4,75.41,145.02,Promising New,"Welcome discount on 2nd purchase, onboarding email journey, product tips."
13561,2011-05-08 12:39:00,2011-05-08 12:39:00,1,83,141.86,14,0.0,0.0,0.0,216,216,141.86,216.0,1,-0.3806,-0.0156,61.3,12.06,23.19,Hibernating / Inactive,"Automated reactivation campaign, steep 20% discount offer, clearance alerts."
13562,2011-04-08 12:42:00,2011-09-19 10:51:00,3,757,1799.33,50,0.0,0.0,0.0,82,246,599.78,82.0,3,-0.0275,0.13,39.5,209.98,403.8,Potential Loyalists,"Offer bundle discounts, volume incentives, brand engagement newsletters."
13563,2011-07-22 17:21:00,2011-09-16 14:45:00,2,209,777.53,49,0.0,0.0,0.0,84,140,388.76,56.0,1,-0.1117,0.0333,48.7,135.19,259.98,Potential Loyalists,"Offer bundle discounts, volume incentives, brand engagement newsletters."
13564,2010-12-06 17:26:00,2011-07-18 14:33:00,3,636,1724.67,68,2.0,2.0,40.0,144,368,574.89,112.0,3,-0.1113,0.1957,58.2,92.95,178.76,At-Risk High Spenders,"High-priority win-back promotion, dedicated account check-in, special survey."
13565,2011-01-09 14:28:00,2011-11-20 14:33:00,2,172,240.22,35,0.0,0.0,0.0,19,334,120.11,315.0,2,0.0643,-0.1915,13.3,29.59,56.9,Promising New,"Welcome discount on 2nd purchase, onboarding email journey, product tips."
13566,2011-09-18 12:40:00,2011-10-30 11:59:00,2,567,856.84,134,0.0,0.0,0.0,41,83,428.42,42.0,2,-0.0044,-0.0479,30.0,311.89,599.79,Loyal Customers,"Cross-sell premium categories, early bird access, referral incentives."
13568,2011-06-19 14:42:00,2011-06-19 14:42:00,1,66,187.05,41,0.0,0.0,0.0,173,173,187.05,173.0,1,-0.3391,-0.0306,59.7,20.68,39.76,Hibernating / Inactive,"Automated reactivation campaign, steep 20% discount offer, clearance alerts."
13569,2010-12-07 12:29:00,2011-11-22 13:07:00,2,156,338.62,73,0.0,0.0,0.0,17,368,169.31,351.0,2,0.091,-0.1897,12.7,38.12,73.3,Promising New,"Welcome discount on 2nd purchase, onboarding email journey, product tips."
13570,2011-04-10 13:36:00,2011-04-10 13:36:00,1,161,239.49,27,0.0,0.0,0.0,243,243,239.49,243.0,1,-0.3811,0.0208,61.3,18.1,34.8,Hibernating / Inactive,"Automated reactivation campaign, steep 20% discount offer, clearance alerts."
13571,2011-03-31 12:43:00,2011-11-27 10:47:00,12,1757,2088.94,157,0.0,0.0,0.0,13,254,174.08,21.9,0,0.46,0.1832,18.0,320.0,615.38,Champions (VIP),"Exclusive VIP preview, concierge service, high-tier loyalty gifts."
13572,2011-05-18 11:59:00,2011-05-18 11:59:00,1,534,1384.25,32,0.0,0.0,0.0,206,206,1384.25,206.0,1,-0.3002,0.0753,61.3,123.39,237.3,At-Risk High Spenders,"High-priority win-back promotion, dedicated account check-in, special survey."
13573,2011-03-31 14:47:00,2011-10-20 14:33:00,2,302,290.25,24,0.0,0.0,0.0,50,253,145.12,203.0,2,-0.068,-0.0703,22.0,42.46,81.65,Low Value Occasional,Target with low-barrier impulse buys and seasonal holiday campaigns.
13575,2011-06-16 14:24:00,2011-11-16 13:14:00,5,449,732.07,41,0.0,0.0,0.0,23,176,146.41,38.2,3,0.2024,0.0319,20.4,157.1,302.12,Loyal Customers,"Cross-sell premium categories, early bird access, referral incentives."
13577,2011-04-12 10:33:00,2011-11-14 15:19:00,4,791,1687.6,61,1.0,20.0,20.0,25,242,421.9,72.3,3,0.1836,0.0365,17.6,272.66,524.34,Champions (VIP),"Exclusive VIP preview, concierge service, high-tier loyalty gifts."
13579,2010-12-05 16:10:00,2011-11-25 08:41:00,2,176,467.04,19,0.0,0.0,0.0,15,369,233.52,354.0,2,0.1187,-0.1904,12.2,52.73,101.4,Promising New,"Welcome discount on 2nd purchase, onboarding email journey, product tips."
13581,2011-02-03 14:41:00,2011-02-03 14:41:00,1,30,118.0,10,0.0,0.0,0.0,309,309,118.0,309.0,1,-0.4393,0.0198,61.3,7.01,13.49,Hibernating / Inactive,"Automated reactivation campaign, steep 20% discount offer, clearance alerts."
13583,2011-07-07 10:40:00,2011-07-07 10:40:00,1,725,781.03,53,0.0,0.0,0.0,156,156,781.03,156.0,1,-0.2778,0.0176,55.9,104.77,201.47,Hibernating / Inactive,"Automated reactivation campaign, steep 20% discount offer, clearance alerts."
13584,2011-02-06 12:49:00,2011-02-06 12:49:00,1,37,142.4,24,0.0,0.0,0.0,307,307,142.4,307.0,1,-0.4323,0.027,61.3,8.52,16.38,Hibernating / Inactive,"Automated reactivation campaign, steep 20% discount offer, clearance alerts."
13587,2011-10-07 12:31:00,2011-10-07 12:31:00,1,180,712.4,8,2.0,20.0,66.67,64,64,712.4,64.0,2,-0.1504,-0.093,35.5,238.94,459.5,Potential Loyalists,"Offer bundle discounts, volume incentives, brand engagement newsletters."
13588,2011-03-29 15:53:00,2011-11-24 10:42:00,9,2606,2478.95,131,4.0,33.0,30.77,16,255,275.44,29.9,0,0.388,0.1556,17.9,378.71,728.29,Champions (VIP),"Exclusive VIP preview, concierge service, high-tier loyalty gifts."
13589,2011-06-13 12:44:00,2011-11-25 12:10:00,2,114,379.65,21,0.0,0.0,0.0,15,180,189.82,165.0,2,0.1121,-0.1991,12.7,87.37,168.01,Promising New,"Welcome discount on 2nd purchase, onboarding email journey, product tips."
13590,2011-02-09 13:25:00,2011-11-28 12:54:00,6,1848,1981.92,70,1.0,2.0,14.29,11,303,330.32,58.4,0,0.3658,0.0246,12.7,270.95,521.06,Champions (VIP),"Exclusive VIP preview, concierge service, high-tier loyalty gifts."
13591,2011-03-18 12:18:00,2011-10-06 12:26:00,3,485,1117.13,56,0.0,0.0,0.0,65,267,372.38,101.0,3,-0.009,0.0821,30.3,138.38,266.11,Potential Loyalists,"Offer bundle discounts, volume incentives, brand engagement newsletters."
13592,2011-03-20 14:01:00,2011-11-04 09:49:00,4,84,247.96,15,0.0,0.0,0.0,36,264,61.99,76.0,3,0.0695,-0.0022,21.6,34.94,67.19,Potential Loyalists,"Offer bundle discounts, volume incentives, brand engagement newsletters."
13593,2011-01-07 16:32:00,2011-08-23 13:35:00,5,719,2011.88,77,1.0,24.0,16.67,108,336,402.38,57.0,3,0.0114,0.2579,61.0,110.81,213.09,Potential Loyalists,"Offer bundle discounts, volume incentives, brand engagement newsletters."
13594,2011-10-18 10:19:00,2011-10-18 10:19:00,1,359,396.97,26,0.0,0.0,0.0,53,53,396.97,53.0,2,-0.1419,-0.1403,33.0,138.3,265.97,Low Value Occasional,Target with low-barrier impulse buys and seasonal holiday campaigns.
13596,2011-11-27 11:57:00,2011-12-04 12:01:00,2,384,664.11,133,0.0,0.0,0.0,6,13,332.06,7.0,2,0.2523,-0.2754,14.3,295.96,569.15,Promising New,"Welcome discount on 2nd purchase, onboarding email journey, product tips."
13598,2011-10-23 14:28:00,2011-10-23 14:28:00,1,52,160.04,33,1.0,1.0,50.0,47,47,160.04,47.0,2,-0.1537,-0.193,31.7,56.84,109.31,Low Value Occasional,Target with low-barrier impulse buys and seasonal holiday campaigns.
13599,2010-12-08 10:11:00,2011-12-08 16:10:00,21,3293,5149.92,171,12.0,125.0,36.36,1,367,245.23,18.3,0,0.8749,0.1031,9.2,604.57,1162.64,Champions (VIP),"Exclusive VIP preview, concierge service, high-tier loyalty gifts."
13600,2011-01-31 15:27:00,2011-01-31 15:27:00,1,324,219.52,19,0.0,0.0,0.0,312,312,219.52,312.0,1,-0.4207,0.0472,61.3,12.92,24.85,Hibernating / Inactive,"Automated reactivation campaign, steep 20% discount offer, clearance alerts."
13601,2011-05-12 16:52:00,2011-10-25 17:31:00,2,548,693.32,90,0.0,0.0,0.0,45,211,346.66,166.0,2,-0.0246,-0.0458,21.2,122.86,236.27,Promising New,"Welcome discount on 2nd purchase, onboarding email journey, product tips."
13602,2011-10-06 11:47:00,2011-10-06 11:47:00,1,267,428.89,23,0.0,0.0,0.0,65,65,428.89,65.0,2,-0.169,-0.1127,35.7,143.4,275.78,Potential Loyalists,"Offer bundle discounts, volume incentives, brand engagement newsletters."
13603,2011-11-13 15:57:00,2011-11-13 15:57:00,1,164,164.34,27,0.0,0.0,0.0,26,26,164.34,26.0,2,-0.0678,-0.2615,27.0,62.38,119.97,Promising New,"Welcome discount on 2nd purchase, onboarding email journey, product tips."
13606,2011-02-01 11:42:00,2011-11-10 17:46:00,3,276,276.75,40,0.0,0.0,0.0,29,312,92.25,141.5,2,0.0625,-0.0725,16.9,34.98,67.26,Low Value Occasional,Target with low-barrier impulse buys and seasonal holiday campaigns.
13607,2011-10-30 16:17:00,2011-10-30 16:17:00,1,288,675.51,93,0.0,0.0,0.0,40,40,675.51,40.0,2,-0.084,-0.151,30.1,245.53,472.18,Promising New,"Welcome discount on 2nd purchase, onboarding email journey, product tips."
13610,2011-02-27 14:44:00,2011-11-27 15:38:00,7,488,1082.33,165,2.0,2.0,22.22,12,285,154.62,45.5,0,0.3593,0.0383,13.8,155.33,298.72,Loyal Customers,"Cross-sell premium categories, early bird access, referral incentives."
13611,2010-12-15 10:31:00,2011-09-11 14:51:00,3,754,1154.4,67,1.0,4.0,25.0,89,360,384.8,135.5,3,-0.0538,0.121,35.8,97.68,187.85,Potential Loyalists,"Offer bundle discounts, volume incentives, brand engagement newsletters."
13614,2011-01-13 12:37:00,2011-11-15 14:47:00,4,564,1585.46,171,0.0,0.0,0.0,24,331,396.36,102.3,3,0.1874,0.0291,16.1,190.69,366.7,Champions (VIP),"Exclusive VIP preview, concierge service, high-tier loyalty gifts."
13615,2011-01-25 08:21:00,2011-01-25 08:21:00,1,189,417.69,23,1.0,6.0,50.0,319,319,417.69,319.0,1,-0.4033,0.0771,61.3,24.04,46.24,Hibernating / Inactive,"Automated reactivation campaign, steep 20% discount offer, clearance alerts."
13617,2011-06-12 12:55:00,2011-10-30 13:50:00,3,300,544.18,31,0.0,0.0,0.0,40,180,181.39,70.0,3,0.0381,-0.0061,23.7,109.45,210.48,Potential Loyalists,"Offer bundle discounts, volume incentives, brand engagement newsletters."
13618,2011-06-19 11:09:00,2011-06-19 11:09:00,1,246,177.34,13,0.0,0.0,0.0,174,174,177.34,174.0,1,-0.3417,-0.0322,59.9,19.39,37.29,Hibernating / Inactive,"Automated reactivation campaign, steep 20% discount offer, clearance alerts."
13621,2011-08-15 08:26:00,2011-08-15 08:26:00,1,343,213.85,19,0.0,0.0,0.0,117,117,213.85,117.0,1,-0.2774,-0.0719,47.3,45.71,87.9,Low Value Occasional,Target with low-barrier impulse buys and seasonal holiday campaigns.
13623,2011-02-15 13:08:00,2011-11-09 12:00:00,5,286,727.74,75,2.0,8.0,28.57,31,297,145.55,66.5,3,0.1597,0.0664,20.3,92.67,178.2,Loyal Customers,"Cross-sell premium categories, early bird access, referral incentives."
13626,2011-04-01 10:05:00,2011-04-01 10:05:00,1,209,257.23,19,0.0,0.0,0.0,253,253,257.23,253.0,1,-0.3848,0.0287,61.3,18.67,35.9,Hibernating / Inactive,"Automated reactivation campaign, steep 20% discount offer, clearance alerts."
13627,2010-12-17 09:52:00,2011-10-11 14:20:00,5,1269,1638.47,84,2.0,3.0,28.57,59,358,327.69,74.8,3,0.093,0.177,31.0,149.84,288.16,Loyal Customers,"Cross-sell premium categories, early bird access, referral incentives."
13629,2011-01-05 12:09:00,2011-11-16 13:21:00,11,4372,7792.36,28,0.0,0.0,0.0,23,339,708.4,31.6,0,0.408,0.2865,22.1,849.66,1633.96,Champions (VIP),"Exclusive VIP preview, concierge service, high-tier loyalty gifts."
13630,2011-02-27 12:49:00,2011-12-04 15:16:00,7,1391,2031.78,51,4.0,14.0,36.36,5,286,290.25,46.8,0,0.4939,-0.0285,10.6,301.35,579.53,Champions (VIP),"Exclusive VIP preview, concierge service, high-tier loyalty gifts."
13631,2011-03-17 17:13:00,2011-09-01 09:57:00,11,467,3070.42,6,1.0,7.0,8.33,100,267,279.13,16.7,3,0.1654,0.4208,81.9,98.76,189.93,Potential Loyalists,"Offer bundle discounts, volume incentives, brand engagement newsletters."
13632,2011-04-10 15:07:00,2011-11-15 10:51:00,5,1031,2118.93,121,1.0,1.0,16.67,25,243,423.79,54.5,3,0.2249,0.0867,18.9,335.56,645.31,Champions (VIP),"Exclusive VIP preview, concierge service, high-tier loyalty gifts."
13634,2011-01-16 15:30:00,2011-11-06 13:40:00,5,700,1547.36,156,0.0,0.0,0.0,33,327,309.47,73.5,3,0.1751,0.1058,20.6,178.28,342.84,Loyal Customers,"Cross-sell premium categories, early bird access, referral incentives."
13635,2011-10-03 10:55:00,2011-10-03 10:55:00,1,677,1071.03,62,0.0,0.0,0.0,68,68,1071.03,68.0,2,-0.1461,-0.0685,36.4,354.21,681.18,Potential Loyalists,"Offer bundle discounts, volume incentives, brand engagement newsletters."
13636,2011-02-27 14:29:00,2011-11-03 10:30:00,5,592,949.12,57,1.0,6.0,16.67,37,285,189.82,62.0,3,0.1429,0.0985,23.4,121.04,232.77,Loyal Customers,"Cross-sell premium categories, early bird access, referral incentives."
13637,2011-04-27 13:06:00,2011-10-18 13:32:00,3,405,804.3,79,0.0,0.0,0.0,52,226,268.1,87.0,3,0.0128,0.0416,26.7,123.78,238.04,Loyal Customers,"Cross-sell premium categories, early bird access, referral incentives."
13638,2011-11-24 10:38:00,2011-11-24 10:38:00,1,93,122.64,8,0.0,0.0,0.0,16,16,122.64,16.0,2,-0.0088,-0.3298,24.8,47.96,92.23,Promising New,"Welcome discount on 2nd purchase, onboarding email journey, product tips."
13639,2011-09-26 13:36:00,2011-09-26 13:36:00,1,800,1033.34,39,0.0,0.0,0.0,74,74,1033.34,74.0,1,-0.1596,-0.0599,37.7,334.76,643.77,Potential Loyalists,"Offer bundle discounts, volume incentives, brand engagement newsletters."
13642,2011-05-08 12:34:00,2011-05-08 12:34:00,1,151,312.28,57,0.0,0.0,0.0,216,216,312.28,216.0,1,-0.3552,0.0178,61.3,26.55,51.05,Hibernating / Inactive,"Automated reactivation campaign, steep 20% discount offer, clearance alerts."
13643,2011-06-07 11:40:00,2011-11-08 15:37:00,3,273,519.44,24,0.0,0.0,0.0,31,186,173.15,77.5,2,0.0733,-0.038,19.5,106.68,205.14,Potential Loyalists,"Offer bundle discounts, volume incentives, brand engagement newsletters."
13644,2011-08-26 11:53:00,2011-11-23 14:07:00,4,2067,2624.26,144,1.0,7.0,20.0,16,106,656.06,30.0,0,0.2607,0.0039,17.9,964.44,1854.7,Champions (VIP),"Exclusive VIP preview, concierge service, high-tier loyalty gifts."
13645,2011-08-11 16:11:00,2011-08-11 16:11:00,1,158,252.1,5,0.0,0.0,0.0,120,120,252.1,120.0,1,-0.2758,-0.0619,47.9,51.94,99.88,Low Value Occasional,Target with low-barrier impulse buys and seasonal holiday campaigns.
13647,2011-04-19 09:49:00,2011-11-30 12:00:00,4,887,1648.12,65,1.0,1.0,20.0,10,235,412.03,75.0,0,0.31,-0.0686,12.0,292.85,563.17,Champions (VIP),"Exclusive VIP preview, concierge service, high-tier loyalty gifts."
13649,2010-12-08 14:46:00,2011-03-28 11:51:00,2,139,346.6,23,0.0,0.0,0.0,257,366,173.3,109.0,1,-0.3019,0.1333,84.2,7.1,13.65,Hibernating / Inactive,"Automated reactivation campaign, steep 20% discount offer, clearance alerts."
13650,2011-03-17 12:37:00,2011-11-23 12:22:00,6,922,1836.34,79,1.0,4.0,14.29,17,268,306.06,50.2,0,0.3034,0.0704,15.7,274.09,527.09,Champions (VIP),"Exclusive VIP preview, concierge service, high-tier loyalty gifts."
13651,2011-10-31 12:11:00,2011-11-04 14:59:00,2,33,94.2,6,0.0,0.0,0.0,35,40,47.1,5.0,2,-0.0526,-0.16,53.9,22.58,43.43,Promising New,"Welcome discount on 2nd purchase, onboarding email journey, product tips."
13652,2010-12-06 09:21:00,2011-10-25 08:51:00,3,578,1095.08,48,0.0,0.0,0.0,46,369,365.03,161.5,3,0.0405,0.0401,21.5,110.54,212.58,Loyal Customers,"Cross-sell premium categories, early bird access, referral incentives."
13654,2011-03-11 12:54:00,2011-10-27 16:24:00,6,2182,2707.33,157,0.0,0.0,0.0,43,273,451.22,46.0,3,0.1838,0.1951,29.8,330.33,635.25,Loyal Customers,"Cross-sell premium categories, early bird access, referral incentives."
13655,2011-04-12 09:53:00,2011-08-17 14:25:00,2,605,932.97,52,0.0,0.0,0.0,114,242,466.48,128.0,1,-0.1505,0.0776,44.8,100.98,194.19,Potential Loyalists,"Offer bundle discounts, volume incentives, brand engagement newsletters."
13656,2011-01-06 15:42:00,2011-06-28 10:31:00,2,490,379.65,49,0.0,0.0,0.0,165,337,189.82,172.0,1,-0.2338,0.0839,57.3,22.82,43.89,Hibernating / Inactive,"Automated reactivation campaign, steep 20% discount offer, clearance alerts."
13657,2011-05-22 12:35:00,2011-11-29 12:32:00,2,209,382.14,16,0.0,0.0,0.0,11,202,191.07,191.0,2,0.1548,-0.2337,11.5,79.44,152.77,Promising New,"Welcome discount on 2nd purchase, onboarding email journey, product tips."
13658,2011-05-19 17:15:00,2011-11-30 10:13:00,5,1019,2639.17,91,2.0,10.0,28.57,10,204,527.83,48.5,0,0.3592,-0.008,12.7,535.9,1030.58,Champions (VIP),"Exclusive VIP preview, concierge service, high-tier loyalty gifts."
13659,2011-01-23 12:08:00,2011-05-18 12:37:00,2,882,1563.0,92,1.0,15.0,33.33,206,321,781.5,115.0,1,-0.2207,0.1706,75.2,57.3,110.19,At-Risk High Spenders,"High-priority win-back promotion, dedicated account check-in, special survey."
13662,2011-03-25 13:23:00,2011-09-15 12:04:00,3,533,881.26,50,4.0,5.0,57.14,86,259,293.75,86.5,3,-0.0575,0.1054,40.3,96.39,185.36,Potential Loyalists,"Offer bundle discounts, volume incentives, brand engagement newsletters."
13663,2011-06-13 15:44:00,2011-06-13 15:44:00,1,91,189.47,13,0.0,0.0,0.0,179,179,189.47,179.0,1,-0.3437,-0.0259,61.0,19.59,37.67,Hibernating / Inactive,"Automated reactivation campaign, steep 20% discount offer, clearance alerts."
13666,2011-02-25 13:05:00,2011-10-10 15:39:00,3,41,84.65,12,0.0,0.0,0.0,60,287,28.22,113.5,2,-0.0804,-0.0367,27.6,10.13,19.49,Low Value Occasional,Target with low-barrier impulse buys and seasonal holiday campaigns.
13667,2011-07-13 15:42:00,2011-07-13 15:42:00,1,149,299.05,82,0.0,0.0,0.0,149,149,299.05,149.0,1,-0.302,-0.0287,54.4,43.43,83.51,Low Value Occasional,Target with low-barrier impulse buys and seasonal holiday campaigns.
13669,2011-07-13 11:44:00,2011-10-20 09:32:00,2,237,218.55,9,0.0,0.0,0.0,51,150,109.28,99.0,2,-0.08,-0.08,25.4,51.58,99.19,Low Value Occasional,Target with low-barrier impulse buys and seasonal holiday campaigns.
13670,2011-09-25 15:25:00,2011-09-25 15:25:00,1,282,349.7,25,0.0,0.0,0.0,75,75,349.7,75.0,1,-0.1965,-0.1043,37.9,112.93,217.16,Low Value Occasional,Target with low-barrier impulse buys and seasonal holiday campaigns.
13672,2011-01-11 13:54:00,2011-02-11 13:53:00,2,57,186.39,4,4.0,58.0,66.67,301,332,93.2,31.0,1,-0.3452,0.1261,98.0,0.53,1.02,Hibernating / Inactive,"Automated reactivation campaign, steep 20% discount offer, clearance alerts."
13673,2011-11-07 15:40:00,2011-11-21 12:11:00,2,114,387.44,47,0.0,0.0,0.0,19,32,193.72,13.0,2,0.0797,-0.1713,31.7,137.6,264.62,Promising New,"Welcome discount on 2nd purchase, onboarding email journey, product tips."
13675,2011-02-28 12:14:00,2011-07-11 12:57:00,2,330,486.82,25,0.0,0.0,0.0,151,285,243.41,134.0,1,-0.2128,0.0837,56.9,34.93,67.18,Hibernating / Inactive,"Automated reactivation campaign, steep 20% discount offer, clearance alerts."
13678,2011-07-11 10:14:00,2011-07-11 10:14:00,1,924,232.6,16,0.0,0.0,0.0,152,152,232.6,152.0,1,-0.3131,-0.0369,55.0,32.67,62.84,Hibernating / Inactive,"Automated reactivation campaign, steep 20% discount offer, clearance alerts."
13680,2011-01-04 14:12:00,2011-12-08 13:47:00,4,1934,3719.12,164,1.0,669.0,20.0,1,339,929.78,112.7,0,0.5883,-0.2402,8.8,474.76,912.99,Champions (VIP),"Exclusive VIP preview, concierge service, high-tier loyalty gifts."
13681,2011-07-07 15:21:00,2011-11-22 11:13:00,4,360,827.83,37,0.0,0.0,0.0,18,155,206.96,45.7,3,0.207,-0.0317,16.6,211.36,406.46,Loyal Customers,"Cross-sell premium categories, early bird access, referral incentives."
13682,2011-06-05 14:06:00,2011-06-05 14:06:00,1,10,59.5,3,0.0,0.0,0.0,187,187,59.5,187.0,1,-0.3872,-0.0694,61.3,5.84,11.24,Hibernating / Inactive,"Automated reactivation campaign, steep 20% discount offer, clearance alerts."
13684,2011-02-27 10:13:00,2011-02-27 10:13:00,1,38,65.13,29,1.0,1.0,50.0,286,286,65.13,286.0,1,-0.4469,-0.0145,61.3,4.18,8.04,Hibernating / Inactive,"Automated reactivation campaign, steep 20% discount offer, clearance alerts."
13685,2011-10-10 12:59:00,2011-12-07 11:41:00,7,5056,3119.44,29,0.0,0.0,0.0,3,60,445.63,9.5,0,0.5677,-0.0593,11.2,1440.42,2770.04,Champions (VIP),"Exclusive VIP preview, concierge service, high-tier loyalty gifts."
13686,2011-06-10 09:10:00,2011-06-10 09:10:00,1,70,72.0,8,0.0,0.0,0.0,183,183,72.0,183.0,1,-0.3779,-0.0641,61.3,7.22,13.89,Hibernating / Inactive,"Automated reactivation campaign, steep 20% discount offer, clearance alerts."
13689,2011-10-07 13:21:00,2011-10-07 13:21:00,1,512,910.0,6,0.0,0.0,0.0,63,63,910.0,63.0,2,-0.1402,-0.0845,35.3,306.16,588.77,Potential Loyalists,"Offer bundle discounts, volume incentives, brand engagement newsletters."
13690,2011-10-11 15:03:00,2011-10-11 15:03:00,1,67,172.25,9,0.0,0.0,0.0,59,59,172.25,59.0,2,-0.1843,-0.1629,34.4,58.76,113.0,Low Value Occasional,Target with low-barrier impulse buys and seasonal holiday campaigns.
13692,2011-04-17 12:57:00,2011-11-15 11:17:00,3,1226,1488.32,48,2.0,2.0,40.0,25,236,496.11,105.5,3,0.138,-0.0184,16.4,250.17,481.09,Loyal Customers,"Cross-sell premium categories, early bird access, referral incentives."
13695,2011-03-25 11:31:00,2011-11-08 14:26:00,15,1603,2504.13,46,0.0,0.0,0.0,31,260,166.94,16.4,0,0.3823,0.337,43.8,256.83,493.91,Loyal Customers,"Cross-sell premium categories, early bird access, referral incentives."
13697,2011-11-01 09:14:00,2011-11-01 09:14:00,1,177,151.3,12,0.0,0.0,0.0,39,39,151.3,39.0,2,-0.1286,-0.2174,29.9,55.15,106.06,Promising New,"Welcome discount on 2nd purchase, onboarding email journey, product tips."
13699,2011-07-07 16:51:00,2011-07-07 16:51:00,1,66,308.58,14,0.0,0.0,0.0,155,155,308.58,155.0,1,-0.3068,-0.0226,55.7,41.85,80.48,Hibernating / Inactive,"Automated reactivation campaign, steep 20% discount offer, clearance alerts."
13700,2011-01-16 13:18:00,2011-11-13 13:00:00,10,2281,2248.63,139,0.0,0.0,0.0,26,327,224.86,33.4,0,0.3342,0.2286,23.5,249.61,480.02,Champions (VIP),"Exclusive VIP preview, concierge service, high-tier loyalty gifts."
13703,2011-01-25 13:10:00,2011-01-25 13:10:00,1,10,99.5,1,0.0,0.0,0.0,318,318,99.5,318.0,1,-0.449,0.0161,61.3,5.75,11.05,Hibernating / Inactive,"Automated reactivation campaign, steep 20% discount offer, clearance alerts."
13704,2011-09-12 14:40:00,2011-12-04 15:13:00,9,1531,2308.06,111,1.0,3.0,10.0,5,88,256.45,10.4,0,0.5396,0.0266,13.3,1040.56,2001.08,Champions (VIP),"Exclusive VIP preview, concierge service, high-tier loyalty gifts."
13705,2010-12-01 10:29:00,2011-12-02 12:32:00,3,363,711.86,25,0.0,0.0,0.0,8,374,237.29,183.0,2,0.271,-0.1781,10.7,80.65,155.1,Loyal Customers,"Cross-sell premium categories, early bird access, referral incentives."
13706,2011-02-10 09:21:00,2011-02-10 09:21:00,1,189,330.79,20,0.0,0.0,0.0,303,303,330.79,303.0,1,-0.4032,0.0611,61.3,20.05,38.55,Hibernating / Inactive,"Automated reactivation campaign, steep 20% discount offer, clearance alerts."
13707,2011-01-28 13:27:00,2011-03-17 18:03:00,2,351,806.41,48,0.0,0.0,0.0,267,315,403.2,48.0,1,-0.2803,0.1738,98.0,2.43,4.67,Hibernating / Inactive,"Automated reactivation campaign, steep 20% discount offer, clearance alerts."
13708,2011-03-13 13:46:00,2011-03-13 13:46:00,1,301,285.33,49,0.0,0.0,0.0,271,271,285.33,271.0,1,-0.3915,0.0413,61.3,19.33,37.18,Hibernating / Inactive,"Automated reactivation campaign, steep 20% discount offer, clearance alerts."
13709,2011-01-28 14:57:00,2011-12-06 10:28:00,13,3508,6307.65,244,4.0,15.0,23.53,4,315,485.2,25.9,0,0.6618,0.1221,10.8,847.53,1629.86,Champions (VIP),"Exclusive VIP preview, concierge service, high-tier loyalty gifts."
13710,2011-11-08 08:16:00,2011-11-08 08:16:00,1,176,180.48,8,0.0,0.0,0.0,32,32,180.48,32.0,2,-0.0945,-0.2332,28.4,67.2,129.22,Promising New,"Welcome discount on 2nd purchase, onboarding email journey, product tips."
13711,2011-05-05 10:29:00,2011-05-05 10:31:00,2,140,252.06,11,0.0,0.0,0.0,219,219,126.03,0.0,1,-0.2886,0.1006,98.0,1.09,2.1,Hibernating / Inactive,"Automated reactivation campaign, steep 20% discount offer, clearance alerts."
13712,2011-04-07 12:33:00,2011-04-07 12:33:00,1,352,228.84,10,0.0,0.0,0.0,247,247,228.84,247.0,1,-0.385,0.0208,61.3,17.01,32.72,Hibernating / Inactive,"Automated reactivation campaign, steep 20% discount offer, clearance alerts."
13715,2010-12-02 08:52:00,2011-03-03 19:21:00,5,562,1077.39,89,3.0,8.0,37.5,281,373,215.48,23.0,3,-0.1494,0.3464,98.0,2.74,5.27,At-Risk High Spenders,"High-priority win-back promotion, dedicated account check-in, special survey."
13716,2011-03-15 13:49:00,2011-03-15 13:49:00,1,138,138.28,21,0.0,0.0,0.0,269,269,138.28,269.0,1,-0.4138,0.0098,61.3,9.44,18.15,Hibernating / Inactive,"Automated reactivation campaign, steep 20% discount offer, clearance alerts."
13717,2011-02-14 13:21:00,2011-11-07 14:13:00,6,1959,1445.01,92,1.0,1.0,14.29,32,298,240.84,53.2,3,0.206,0.1336,22.3,178.78,343.81,Loyal Customers,"Cross-sell premium categories, early bird access, referral incentives."
13718,2011-02-17 11:58:00,2011-04-07 13:24:00,2,173,306.55,9,0.0,0.0,0.0,246,296,153.28,50.0,1,-0.2994,0.1229,98.0,0.98,1.89,Hibernating / Inactive,"Automated reactivation campaign, steep 20% discount offer, clearance alerts."
13719,2011-04-19 13:56:00,2011-11-24 15:26:00,5,609,1041.68,56,0.0,0.0,0.0,15,234,208.34,54.8,0,0.2738,-0.0022,14.5,180.6,347.32,Loyal Customers,"Cross-sell premium categories, early bird access, referral incentives."
13720,2011-03-30 09:17:00,2011-08-15 12:46:00,4,501,799.9,42,0.0,0.0,0.0,117,255,199.98,46.0,3,-0.0641,0.1878,72.7,40.64,78.15,Potential Loyalists,"Offer bundle discounts, volume incentives, brand engagement newsletters."
13721,2011-11-03 14:05:00,2011-11-03 14:05:00,1,316,524.14,28,0.0,0.0,0.0,36,36,524.14,36.0,2,-0.077,-0.1742,29.3,192.69,370.57,Promising New,"Welcome discount on 2nd purchase, onboarding email journey, product tips."
13722,2011-03-02 11:43:00,2011-07-31 12:44:00,3,1401,2375.41,75,1.0,1.0,25.0,132,283,791.8,75.5,3,-0.0882,0.1989,63.8,144.18,277.26,At-Risk High Spenders,"High-priority win-back promotion, dedicated account check-in, special survey."
13723,2011-05-06 17:04:00,2011-05-06 17:04:00,1,43,199.85,6,0.0,0.0,0.0,217,217,199.85,217.0,1,-0.3703,-0.0005,61.3,16.91,32.52,Hibernating / Inactive,"Automated reactivation campaign, steep 20% discount offer, clearance alerts."
13725,2011-02-04 12:18:00,2011-10-21 10:03:00,8,806,1980.56,95,3.0,147.0,27.27,50,309,247.57,37.0,3,0.1987,0.2555,38.4,187.35,360.28,Loyal Customers,"Cross-sell premium categories, early bird access, referral incentives."
13726,2011-08-31 11:06:00,2011-11-01 10:49:00,2,1054,1079.66,39,0.0,0.0,0.0,39,101,539.83,62.0,2,0.0103,-0.0439,24.3,383.97,738.4,Loyal Customers,"Cross-sell premium categories, early bird access, referral incentives."
13727,2011-11-06 12:16:00,2011-11-11 09:46:00,2,162,333.48,19,0.0,0.0,0.0,29,34,166.74,5.0,2,0.0149,-0.1286,46.3,93.12,179.08,Promising New,"Welcome discount on 2nd purchase, onboarding email journey, product tips."
13728,2011-02-02 12:09:00,2011-11-03 10:49:00,6,458,1016.14,38,0.0,0.0,0.0,37,311,169.36,54.8,3,0.1738,0.1357,24.5,117.05,225.1,Loyal Customers,"Cross-sell premium categories, early bird access, referral incentives."
13730,2011-07-01 12:47:00,2011-07-27 08:35:00,2,488,752.6,38,0.0,0.0,0.0,136,162,376.3,26.0,1,-0.1833,0.0897,89.5,23.15,44.51,Potential Loyalists,"Offer bundle discounts, volume incentives, brand engagement newsletters."
13731,2011-04-07 10:10:00,2011-05-04 14:33:00,2,278,610.59,36,0.0,0.0,0.0,219,247,305.3,28.0,1,-0.2601,0.1381,98.0,2.35,4.51,Hibernating / Inactive,"Automated reactivation campaign, steep 20% discount offer, clearance alerts."
13732,2011-11-11 15:49:00,2011-11-11 15:49:00,1,498,491.86,33,0.0,0.0,0.0,28,28,491.86,28.0,2,-0.043,-0.2064,27.5,185.43,356.6,Promising New,"Welcome discount on 2nd purchase, onboarding email journey, product tips."
13735,2011-04-19 13:49:00,2011-11-15 11:14:00,4,1128,2883.54,158,4.0,47.0,50.0,25,234,720.88,69.7,3,0.2009,0.0593,17.7,481.22,925.42,Champions (VIP),"Exclusive VIP preview, concierge service, high-tier loyalty gifts."
13736,2011-03-24 13:04:00,2011-12-04 15:19:00,2,496,729.8,166,1.0,4.0,33.33,5,260,364.9,255.0,2,0.2781,-0.2901,9.8,120.14,231.03,Loyal Customers,"Cross-sell premium categories, early bird access, referral incentives."
13737,2011-05-23 16:32:00,2011-05-23 16:32:00,1,125,339.6,29,0.0,0.0,0.0,200,200,339.6,200.0,1,-0.3412,0.0121,61.3,31.18,59.96,Hibernating / Inactive,"Automated reactivation campaign, steep 20% discount offer, clearance alerts."
13739,2011-11-21 13:35:00,2011-11-21 13:35:00,1,54,216.9,3,0.0,0.0,0.0,18,18,216.9,18.0,2,-0.0069,-0.2922,25.3,84.25,162.02,Promising New,"Welcome discount on 2nd purchase, onboarding email journey, product tips."
13740,2011-04-13 10:32:00,2011-04-13 10:32:00,1,425,350.75,23,0.0,0.0,0.0,241,241,350.75,241.0,1,-0.3676,0.0359,61.3,26.73,51.4,Hibernating / Inactive,"Automated reactivation campaign, steep 20% discount offer, clearance alerts."
13741,2011-05-06 13:43:00,2011-09-29 09:19:00,3,218,668.43,34,1.0,1.0,25.0,72,217,222.81,72.5,3,-0.0405,0.0724,37.1,91.94,176.8,Potential Loyalists,"Offer bundle discounts, volume incentives, brand engagement newsletters."
13742,2011-01-23 14:59:00,2011-11-23 11:07:00,12,1115,3107.87,200,2.0,8.0,14.29,17,320,258.99,27.5,0,0.4357,0.2304,19.2,372.36,716.07,Champions (VIP),"Exclusive VIP preview, concierge service, high-tier loyalty gifts."
13743,2011-03-25 14:46:00,2011-12-07 10:09:00,7,1776,1341.6,8,1.0,1.0,12.5,3,259,191.66,42.7,0,0.5405,-0.0952,9.8,221.7,426.35,Loyal Customers,"Cross-sell premium categories, early bird access, referral incentives."
13744,2011-02-20 14:08:00,2011-09-05 15:19:00,2,1153,1080.52,54,0.0,0.0,0.0,95,292,540.26,197.0,1,-0.1191,0.062,34.8,114.48,220.16,Potential Loyalists,"Offer bundle discounts, volume incentives, brand engagement newsletters."
13745,2011-06-30 16:43:00,2011-06-30 16:43:00,1,496,300.04,25,1.0,10.0,50.0,162,162,300.04,162.0,1,-0.3142,-0.0185,57.3,37.53,72.16,Hibernating / Inactive,"Automated reactivation campaign, steep 20% discount offer, clearance alerts."
13747,2010-12-01 10:37:00,2010-12-01 10:37:00,1,8,79.6,1,0.0,0.0,0.0,374,374,79.6,374.0,1,-0.48,0.0263,61.3,3.91,7.52,Hibernating / Inactive,"Automated reactivation campaign, steep 20% discount offer, clearance alerts."
13748,2010-12-01 09:00:00,2011-09-05 09:45:00,5,439,948.25,24,0.0,0.0,0.0,96,374,189.65,69.5,3,0.0043,0.2118,49.2,61.12,117.53,Potential Loyalists,"Offer bundle discounts, volume incentives, brand engagement newsletters."
13750,2011-01-07 11:49:00,2011-10-17 12:16:00,5,516,1647.26,20,0.0,0.0,0.0,54,337,329.45,70.8,3,0.106,0.1667,29.5,163.51,314.45,Loyal Customers,"Cross-sell premium categories, early bird access, referral incentives."
13751,2011-02-24 15:56:00,2011-02-24 15:56:00,1,152,296.25,9,0.0,0.0,0.0,288,288,296.25,288.0,1,-0.3993,0.0503,61.3,18.89,36.33,Hibernating / Inactive,"Automated reactivation campaign, steep 20% discount offer, clearance alerts."
13752,2011-04-07 12:04:00,2011-08-07 14:16:00,6,874,1175.38,64,0.0,0.0,0.0,124,247,195.9,24.6,3,0.0025,0.2859,86.7,30.03,57.75,At-Risk High Spenders,"High-priority win-back promotion, dedicated account check-in, special survey."
13753,2011-02-25 12:48:00,2011-02-25 12:48:00,1,512,741.26,35,0.0,0.0,0.0,288,288,741.26,288.0,1,-0.3697,0.0892,61.3,47.26,90.89,Hibernating / Inactive,"Automated reactivation campaign, steep 20% discount offer, clearance alerts."
13754,2011-01-26 14:58:00,2011-07-11 11:51:00,2,214,282.6,11,0.0,0.0,0.0,152,317,141.3,165.0,1,-0.2313,0.0615,53.8,19.54,37.58,Hibernating / Inactive,"Automated reactivation campaign, steep 20% discount offer, clearance alerts."
13755,2011-10-07 15:45:00,2011-12-06 12:26:00,9,1242,2108.06,232,1.0,23.0,10.0,4,63,234.23,7.4,0,0.5637,0.0006,12.2,962.46,1850.89,Champions (VIP),"Exclusive VIP preview, concierge service, high-tier loyalty gifts."
13756,2010-12-07 11:41:00,2011-12-07 16:44:00,14,3188,5189.52,66,1.0,24.0,6.67,2,368,370.68,28.2,0,0.7438,0.0673,9.6,604.9,1163.27,Champions (VIP),"Exclusive VIP preview, concierge service, high-tier loyalty gifts."
13758,2010-12-01 12:08:00,2011-11-28 11:11:00,7,1844,3190.55,104,0.0,0.0,0.0,12,374,455.79,60.3,0,0.3942,0.0842,13.1,351.76,676.46,Champions (VIP),"Exclusive VIP preview, concierge service, high-tier loyalty gifts."
13759,2011-09-29 15:40:00,2011-11-06 14:47:00,2,287,659.41,24,0.0,0.0,0.0,33,71,329.71,38.0,2,0.0184,-0.0845,26.5,252.03,484.67,Promising New,"Welcome discount on 2nd purchase, onboarding email journey, product tips."
13760,2011-03-28 12:52:00,2011-10-16 16:13:00,2,197,286.79,50,0.0,0.0,0.0,54,256,143.4,202.0,2,-0.0795,-0.0617,23.1,40.88,78.61,Low Value Occasional,Target with low-barrier impulse buys and seasonal holiday campaigns.
13761,2011-06-13 08:43:00,2011-10-20 14:01:00,2,642,1070.65,68,0.0,0.0,0.0,50,180,535.33,130.0,2,-0.0259,-0.0149,23.6,215.63,414.67,Loyal Customers,"Cross-sell premium categories, early bird access, referral incentives."
13762,2011-05-05 09:15:00,2011-05-05 09:15:00,1,272,306.72,7,1.0,272.0,50.0,219,219,306.72,219.0,1,-0.3579,0.0187,61.3,25.72,49.46,Hibernating / Inactive,"Automated reactivation campaign, steep 20% discount offer, clearance alerts."
13763,2011-10-07 15:13:00,2011-10-07 15:13:00,1,728,1714.96,15,2.0,3.0,66.67,63,63,1714.96,63.0,2,-0.1197,-0.0576,35.3,576.98,1109.58,Potential Loyalists,"Offer bundle discounts, volume incentives, brand engagement newsletters."
13764,2011-01-06 14:53:00,2011-09-30 12:03:00,3,926,1519.42,183,0.0,0.0,0.0,71,337,506.47,133.0,3,-0.0119,0.1057,30.1,149.54,287.58,Potential Loyalists,"Offer bundle discounts, volume incentives, brand engagement newsletters."
13769,2010-12-07 13:28:00,2011-12-07 15:08:00,10,1163,2796.51,73,6.0,11.0,37.5,2,367,279.65,40.6,0,0.6661,-0.0279,9.4,327.58,629.96,Champions (VIP),"Exclusive VIP preview, concierge service, high-tier loyalty gifts."
13771,2011-04-06 15:47:00,2011-10-06 14:18:00,4,1477,2634.45,114,1.0,1.0,20.0,64,247,658.61,61.0,3,0.0625,0.1663,36.3,322.38,619.96,Potential Loyalists,"Offer bundle discounts, volume incentives, brand engagement newsletters."
13772,2011-04-14 12:31:00,2011-11-06 11:43:00,3,540,1122.63,141,0.0,0.0,0.0,34,240,374.21,103.0,3,0.0849,0.0055,19.4,178.89,344.03,Loyal Customers,"Cross-sell premium categories, early bird access, referral incentives."
13774,2011-09-19 12:06:00,2011-09-19 12:06:00,1,192,345.0,22,0.0,0.0,0.0,82,82,345.0,82.0,1,-0.2099,-0.0942,39.5,108.54,208.72,Low Value Occasional,Target with low-barrier impulse buys and seasonal holiday campaigns.
13778,2011-08-28 15:25:00,2011-08-28 15:25:00,1,70,178.7,9,0.0,0.0,0.0,103,103,178.7,103.0,1,-0.2645,-0.0948,44.1,46.02,88.5,Low Value Occasional,Target with low-barrier impulse buys and seasonal holiday campaigns.
13780,2011-06-22 11:43:00,2011-12-02 13:49:00,2,318,360.01,56,0.0,0.0,0.0,7,171,180.0,164.0,2,0.2128,-0.2853,10.4,89.51,172.13,Promising New,"Welcome discount on 2nd purchase, onboarding email journey, product tips."
13781,2011-04-03 12:08:00,2011-04-03 12:08:00,1,30,127.84,17,0.0,0.0,0.0,251,251,127.84,251.0,1,-0.4061,-0.0019,61.3,9.35,17.99,Hibernating / Inactive,"Automated reactivation campaign, steep 20% discount offer, clearance alerts."
13782,2011-01-16 11:08:00,2011-11-27 11:54:00,6,369,908.86,96,0.0,0.0,0.0,13,328,151.48,63.0,0,0.3178,0.0102,13.4,113.86,218.97,Loyal Customers,"Cross-sell premium categories, early bird access, referral incentives."
13784,2011-01-11 14:38:00,2011-11-30 09:33:00,11,2493,2462.79,9,0.0,0.0,0.0,10,332,223.89,32.2,0,0.4861,0.1432,13.8,303.41,583.48,Champions (VIP),"Exclusive VIP preview, concierge service, high-tier loyalty gifts."
13786,2010-12-07 13:53:00,2010-12-07 13:53:00,1,136,230.4,7,0.0,0.0,0.0,367,367,230.4,367.0,1,-0.4431,0.0688,61.3,11.53,22.17,Hibernating / Inactive,"Automated reactivation campaign, steep 20% discount offer, clearance alerts."
13787,2010-12-10 14:45:00,2011-09-25 12:06:00,2,337,309.04,24,0.0,0.0,0.0,76,364,154.52,288.0,1,-0.1269,-0.0178,28.0,29.01,55.78,Low Value Occasional,Target with low-barrier impulse buys and seasonal holiday campaigns.
13790,2011-12-05 15:48:00,2011-12-05 15:48:00,1,748,348.8,45,0.0,0.0,0.0,4,4,348.8,4.0,2,0.2057,-0.4336,12.2,159.25,306.25,Promising New,"Welcome discount on 2nd purchase, onboarding email journey, product tips."
13791,2011-06-24 16:38:00,2011-08-04 11:44:00,2,1200,1516.0,7,1.0,372.0,33.33,128,168,758.0,40.0,1,-0.1518,0.1121,81.5,79.21,152.33,At-Risk High Spenders,"High-priority win-back promotion, dedicated account check-in, special survey."
13792,2011-02-25 14:03:00,2011-10-04 14:31:00,2,92,195.55,13,0.0,0.0,0.0,66,287,97.78,221.0,2,-0.121,-0.054,26.1,23.89,45.95,Low Value Occasional,Target with low-barrier impulse buys and seasonal holiday campaigns.
13799,2011-02-18 14:18:00,2011-08-15 12:07:00,2,402,688.86,32,0.0,0.0,0.0,117,294,344.43,177.0,1,-0.1641,0.0678,42.1,64.37,123.79,Potential Loyalists,"Offer bundle discounts, volume incentives, brand engagement newsletters."
13800,2011-02-03 12:27:00,2011-02-03 12:27:00,1,331,558.32,33,0.0,0.0,0.0,310,310,558.32,310.0,1,-0.3897,0.086,61.3,33.07,63.6,Hibernating / Inactive,"Automated reactivation campaign, steep 20% discount offer, clearance alerts."
13801,2011-10-04 10:15:00,2011-10-04 10:15:00,1,168,324.8,23,0.0,0.0,0.0,67,67,324.8,67.0,1,-0.1824,-0.1209,36.1,107.92,207.55,Low Value Occasional,Target with low-barrier impulse buys and seasonal holiday campaigns.
13802,2011-02-01 12:03:00,2011-07-24 10:54:00,3,2572,4599.42,55,3.0,291.0,50.0,139,312,1533.14,86.5,3,-0.0745,0.2332,62.8,260.21,500.41,At-Risk High Spenders,"High-priority win-back promotion, dedicated account check-in, special survey."
13803,2011-03-29 12:57:00,2011-03-29 12:57:00,1,121,277.07,17,0.0,0.0,0.0,255,255,277.07,255.0,1,-0.3835,0.0328,61.3,19.95,38.37,Hibernating / Inactive,"Automated reactivation campaign, steep 20% discount offer, clearance alerts."
13804,2011-02-23 09:09:00,2011-11-09 12:32:00,7,1462,2588.39,124,0.0,0.0,0.0,31,290,369.77,43.2,3,0.2543,0.1843,23.8,322.72,620.61,Loyal Customers,"Cross-sell premium categories, early bird access, referral incentives."
13805,2011-08-02 15:29:00,2011-10-18 14:50:00,2,1900,924.6,10,0.0,0.0,0.0,52,129,462.3,77.0,2,-0.0363,-0.0165,27.8,245.55,472.21,Loyal Customers,"Cross-sell premium categories, early bird access, referral incentives."
13806,2011-10-07 11:43:00,2011-10-07 11:43:00,1,56,256.38,10,0.0,0.0,0.0,64,64,256.38,64.0,2,-0.1834,-0.1364,35.5,85.99,165.37,Low Value Occasional,Target with low-barrier impulse buys and seasonal holiday campaigns.
13807,2010-12-07 15:48:00,2010-12-07 15:48:00,1,36,112.6,7,0.0,0.0,0.0,367,367,112.6,367.0,1,-0.4661,0.0386,61.3,5.63,10.83,Hibernating / Inactive,"Automated reactivation campaign, steep 20% discount offer, clearance alerts."
13808,2011-09-04 12:07:00,2011-12-04 12:18:00,5,782,1747.66,70,0.0,0.0,0.0,6,97,349.53,22.8,0,0.4127,-0.0802,12.4,748.9,1440.19,Champions (VIP),"Exclusive VIP preview, concierge service, high-tier loyalty gifts."
13819,2011-01-24 10:38:00,2011-02-11 10:38:00,3,1109,1140.35,26,0.0,0.0,0.0,302,320,380.12,9.0,1,-0.2337,0.2673,98.0,3.38,6.5,At-Risk High Spenders,"High-priority win-back promotion, dedicated account check-in, special survey."
13821,2011-03-23 11:30:00,2011-07-18 09:49:00,2,153,385.64,51,0.0,0.0,0.0,145,262,192.82,117.0,1,-0.2143,0.069,57.6,29.61,56.95,Low Value Occasional,Target with low-barrier impulse buys and seasonal holiday campaigns.
13822,2011-10-30 15:55:00,2011-12-04 12:13:00,2,611,632.0,90,0.0,0.0,0.0,6,40,316.0,34.0,2,0.2507,-0.2775,11.5,290.85,559.32,Promising New,"Welcome discount on 2nd purchase, onboarding email journey, product tips."
13823,2011-09-09 10:42:00,2011-11-21 10:22:00,2,439,957.66,39,0.0,0.0,0.0,19,92,478.83,73.0,2,0.1089,-0.1329,15.3,418.35,804.53,Loyal Customers,"Cross-sell premium categories, early bird access, referral incentives."
13824,2011-02-02 13:07:00,2011-11-07 12:41:00,5,768,1698.94,34,0.0,0.0,0.0,33,310,339.79,69.2,3,0.1781,0.1098,20.9,205.7,395.57,Loyal Customers,"Cross-sell premium categories, early bird access, referral incentives."
13826,2011-06-16 13:48:00,2011-06-16 13:48:00,1,82,189.5,10,1.0,2.0,50.0,176,176,189.5,176.0,1,-0.3412,-0.028,60.4,20.23,38.91,Hibernating / Inactive,"Automated reactivation campaign, steep 20% discount offer, clearance alerts."
13827,2011-07-19 15:38:00,2011-10-13 12:38:00,3,138,409.8,83,0.0,0.0,0.0,58,143,136.6,42.5,3,-0.0248,0.0259,40.5,80.91,155.59,Potential Loyalists,"Offer bundle discounts, volume incentives, brand engagement newsletters."
13828,2011-11-17 16:02:00,2011-11-17 16:02:00,1,311,209.49,15,0.0,0.0,0.0,22,22,209.49,22.0,2,-0.0363,-0.2706,26.1,80.5,154.81,Promising New,"Welcome discount on 2nd purchase, onboarding email journey, product tips."
13831,2010-12-05 12:13:00,2011-11-23 15:41:00,6,743,2198.45,58,0.0,0.0,0.0,16,370,366.41,70.8,0,0.3176,0.0712,14.2,241.9,465.2,Champions (VIP),"Exclusive VIP preview, concierge service, high-tier loyalty gifts."
13832,2011-11-20 15:36:00,2011-11-20 15:36:00,1,28,52.2,3,1.0,3.0,50.0,19,19,52.2,19.0,2,-0.0601,-0.346,25.5,20.22,38.89,Promising New,"Welcome discount on 2nd purchase, onboarding email journey, product tips."
13833,2011-07-03 13:27:00,2011-07-03 13:27:00,1,117,383.85,28,0.0,0.0,0.0,159,159,383.85,159.0,1,-0.3035,-0.0103,56.6,49.72,95.61,Hibernating / Inactive,"Automated reactivation campaign, steep 20% discount offer, clearance alerts."
13835,2011-05-08 15:22:00,2011-11-14 15:37:00,4,442,834.57,48,0.0,0.0,0.0,25,215,208.64,63.3,3,0.1609,0.0066,18.1,150.85,290.09,Loyal Customers,"Cross-sell premium categories, early bird access, referral incentives."
13837,2011-01-26 12:15:00,2011-05-12 12:10:00,2,182,266.59,17,0.0,0.0,0.0,212,318,133.3,106.0,1,-0.2821,0.099,78.7,8.47,16.29,Hibernating / Inactive,"Automated reactivation campaign, steep 20% discount offer, clearance alerts."
13838,2010-12-05 10:45:00,2011-12-04 11:00:00,4,254,674.82,144,0.0,0.0,0.0,6,370,168.7,121.3,0,0.348,-0.1612,10.3,77.63,149.28,Potential Loyalists,"Offer bundle discounts, volume incentives, brand engagement newsletters."
13841,2011-04-01 12:10:00,2011-04-01 12:10:00,1,100,85.0,1,0.0,0.0,0.0,253,253,85.0,253.0,1,-0.4203,-0.0181,61.3,6.17,11.86,Hibernating / Inactive,"Automated reactivation campaign, steep 20% discount offer, clearance alerts."
13842,2010-12-08 10:39:00,2011-10-12 10:51:00,9,1768,3385.62,155,0.0,0.0,0.0,59,367,376.18,38.5,3,0.2116,0.3214,43.7,246.44,473.93,Loyal Customers,"Cross-sell premium categories, early bird access, referral incentives."
13844,2011-11-28 13:21:00,2011-11-28 13:21:00,1,196,361.62,20,0.0,0.0,0.0,11,11,361.62,11.0,2,0.0775,-0.3262,20.3,149.87,288.21,Promising New,"Welcome discount on 2nd purchase, onboarding email journey, product tips."
13845,2011-10-06 08:25:00,2011-10-06 08:25:00,1,182,312.98,9,0.0,0.0,0.0,65,65,312.98,65.0,2,-0.1792,-0.1261,35.7,104.65,201.25,Low Value Occasional,Target with low-barrier impulse buys and seasonal holiday campaigns.
13846,2010-12-14 16:07:00,2011-11-15 12:07:00,3,388,865.06,55,1.0,5.0,25.0,25,360,288.35,167.5,2,0.1204,-0.0415,15.5,96.35,185.28,Loyal Customers,"Cross-sell premium categories, early bird access, referral incentives."
13848,2010-12-08 15:10:00,2011-09-08 12:58:00,3,3700,1255.0,3,0.0,0.0,0.0,92,366,418.33,137.0,3,-0.056,0.1285,36.6,103.15,198.37,Potential Loyalists,"Offer bundle discounts, volume incentives, brand engagement newsletters."
13849,2011-06-22 10:11:00,2011-10-19 10:59:00,2,1016,1537.95,97,0.0,0.0,0.0,52,171,768.98,119.0,3,-0.0198,0.0051,24.7,321.35,617.98,Loyal Customers,"Cross-sell premium categories, early bird access, referral incentives."
13850,2011-08-02 14:04:00,2011-08-02 14:04:00,1,944,1595.48,93,1.0,3.0,50.0,129,129,1595.48,129.0,1,-0.2268,0.0251,49.9,294.02,565.42,At-Risk High Spenders,"High-priority win-back promotion, dedicated account check-in, special survey."
13851,2011-02-24 17:18:00,2011-09-05 12:36:00,3,1705,2651.46,77,0.0,0.0,0.0,96,288,883.82,96.0,3,-0.038,0.1654,42.6,250.75,482.21,Potential Loyalists,"Offer bundle discounts, volume incentives, brand engagement newsletters."
13853,2011-10-13 14:18:00,2011-10-13 14:18:00,1,312,1090.14,23,1.0,8.0,50.0,57,57,1090.14,57.0,2,-0.1198,-0.0887,33.9,374.7,720.58,Loyal Customers,"Cross-sell premium categories, early bird access, referral incentives."
13856,2011-05-20 13:13:00,2011-06-24 10:03:00,3,494,388.5,10,2.0,10.0,40.0,169,203,129.5,17.0,1,-0.183,0.1517,97.6,2.18,4.19,Hibernating / Inactive,"Automated reactivation campaign, steep 20% discount offer, clearance alerts."
13858,2011-10-13 16:17:00,2011-10-13 16:17:00,1,75,216.17,11,0.0,0.0,0.0,57,57,216.17,57.0,2,-0.172,-0.1574,33.9,74.3,142.89,Low Value Occasional,Target with low-barrier impulse buys and seasonal holiday campaigns.
13859,2011-01-17 16:14:00,2011-01-17 16:14:00,1,129,201.16,27,0.0,0.0,0.0,326,326,201.16,326.0,1,-0.43,0.0488,61.3,11.33,21.79,Hibernating / Inactive,"Automated reactivation campaign, steep 20% discount offer, clearance alerts."
13860,2011-09-14 09:27:00,2011-12-08 12:57:00,5,591,1245.9,58,1.0,2.0,16.67,1,87,249.18,21.5,0,0.587,-0.2461,9.1,588.91,1132.52,Loyal Customers,"Cross-sell premium categories, early bird access, referral incentives."
13862,2011-01-11 15:13:00,2011-11-21 16:24:00,8,1688,2209.36,97,2.0,6.0,20.0,18,332,276.17,44.9,0,0.3482,0.1407,16.7,263.03,505.83,Champions (VIP),"Exclusive VIP preview, concierge service, high-tier loyalty gifts."
13863,2011-04-06 10:20:00,2011-04-06 10:20:00,1,224,305.78,20,1.0,5.0,50.0,248,248,305.78,248.0,1,-0.3763,0.0336,61.3,22.64,43.54,Hibernating / Inactive,"Automated reactivation campaign, steep 20% discount offer, clearance alerts."
13865,2011-02-23 12:04:00,2011-10-12 13:31:00,4,204,501.56,26,0.0,0.0,0.0,58,290,125.39,77.3,3,0.0233,0.0841,30.2,57.28,110.16,Potential Loyalists,"Offer bundle discounts, volume incentives, brand engagement newsletters."
13866,2011-09-26 14:54:00,2011-09-26 14:54:00,1,57,145.67,7,0.0,0.0,0.0,74,74,145.67,74.0,1,-0.2227,-0.143,37.7,47.19,90.75,Low Value Occasional,Target with low-barrier impulse buys and seasonal holiday campaigns.
13867,2011-05-05 17:28:00,2011-11-08 15:48:00,3,501,1005.09,51,0.0,0.0,0.0,31,218,335.03,93.5,3,0.0946,-0.01,18.7,177.86,342.04,Loyal Customers,"Cross-sell premium categories, early bird access, referral incentives."
13868,2011-11-01 12:45:00,2011-12-02 16:32:00,2,1964,3192.54,32,0.0,0.0,0.0,7,39,1596.27,32.0,2,0.2833,-0.1926,12.2,1457.59,2803.05,Champions (VIP),"Exclusive VIP preview, concierge service, high-tier loyalty gifts."
13869,2010-12-17 15:14:00,2011-08-08 13:53:00,4,1709,3083.65,234,0.0,0.0,0.0,123,357,770.91,78.0,3,-0.0279,0.2511,58.7,169.27,325.52,At-Risk High Spenders,"High-priority win-back promotion, dedicated account check-in, special survey."
13870,2011-02-25 09:09:00,2011-12-07 13:23:00,8,1325,2770.94,91,2.0,5.0,20.0,2,288,346.37,40.9,0,0.6284,-0.073,9.4,413.62,795.42,Champions (VIP),"Exclusive VIP preview, concierge service, high-tier loyalty gifts."
13871,2011-02-04 09:30:00,2011-11-17 10:49:00,13,2806,6403.25,155,1.0,5.0,7.14,23,309,492.56,23.8,0,0.4303,0.3125,25.8,729.6,1403.07,Champions (VIP),"Exclusive VIP preview, concierge service, high-tier loyalty gifts."
13873,2011-02-03 09:37:00,2011-08-12 10:08:00,3,140,389.6,21,1.0,2.0,25.0,120,310,129.87,95.0,1,-0.1326,0.1107,52.4,28.39,54.59,Low Value Occasional,Target with low-barrier impulse buys and seasonal holiday campaigns.
13874,2010-12-16 18:20:00,2010-12-16 18:20:00,1,180,540.45,18,0.0,0.0,0.0,358,358,540.45,358.0,1,-0.412,0.102,61.3,27.72,53.31,Hibernating / Inactive,"Automated reactivation campaign, steep 20% discount offer, clearance alerts."
13875,2011-02-11 15:39:00,2011-10-17 09:36:00,5,1316,1786.79,79,0.0,0.0,0.0,54,301,357.36,61.8,3,0.1086,0.1701,31.2,193.79,372.68,Loyal Customers,"Cross-sell premium categories, early bird access, referral incentives."
13876,2011-10-07 10:22:00,2011-10-07 10:22:00,1,36,122.7,7,0.0,0.0,0.0,64,64,122.7,64.0,2,-0.2071,-0.1675,35.5,41.15,79.14,Low Value Occasional,Target with low-barrier impulse buys and seasonal holiday campaigns.
13877,2011-09-14 15:49:00,2011-09-14 15:49:00,1,108,117.24,3,0.0,0.0,0.0,86,86,117.24,86.0,1,-0.2516,-0.1342,40.4,36.34,69.88,Low Value Occasional,Target with low-barrier impulse buys and seasonal holiday campaigns.
13878,2011-10-16 12:19:00,2011-10-16 12:19:00,1,463,1271.57,35,0.0,0.0,0.0,55,55,1271.57,55.0,2,-0.1097,-0.0864,33.5,439.71,845.59,Loyal Customers,"Cross-sell premium categories, early bird access, referral incentives."
13880,2010-12-07 14:00:00,2011-11-18 13:44:00,13,1842,3219.77,125,0.0,0.0,0.0,21,367,247.67,28.8,0,0.421,0.2727,21.7,325.95,626.82,Champions (VIP),"Exclusive VIP preview, concierge service, high-tier loyalty gifts."
13882,2011-10-06 15:28:00,2011-12-07 11:16:00,5,953,1191.13,54,1.0,3.0,16.67,3,64,238.23,15.2,0,0.483,-0.1642,11.1,550.64,1058.93,Loyal Customers,"Cross-sell premium categories, early bird access, referral incentives."
13883,2011-03-31 17:17:00,2011-11-29 10:45:00,5,1436,2674.48,108,4.0,68.0,44.44,11,253,534.9,60.5,0,0.3468,0.0031,12.7,437.9,842.11,Champions (VIP),"Exclusive VIP preview, concierge service, high-tier loyalty gifts."
13884,2011-03-01 13:40:00,2011-12-02 16:30:00,5,300,787.6,45,1.0,3.0,16.67,7,283,157.52,69.0,0,0.3672,-0.0979,11.0,117.53,226.02,Loyal Customers,"Cross-sell premium categories, early bird access, referral incentives."
13885,2011-05-23 08:52:00,2011-06-03 15:07:00,2,182,506.8,28,0.0,0.0,0.0,189,201,253.4,12.0,1,-0.2444,0.1124,98.0,2.39,4.6,Hibernating / Inactive,"Automated reactivation campaign, steep 20% discount offer, clearance alerts."
13886,2011-09-29 13:17:00,2011-09-29 13:17:00,1,126,243.56,16,0.0,0.0,0.0,71,71,243.56,71.0,1,-0.2001,-0.1262,37.0,79.79,153.44,Low Value Occasional,Target with low-barrier impulse buys and seasonal holiday campaigns.
13887,2011-05-19 17:22:00,2011-05-19 17:22:00,1,147,349.55,19,0.0,0.0,0.0,204,204,349.55,204.0,1,-0.3432,0.0157,61.3,31.46,60.51,Hibernating / Inactive,"Automated reactivation campaign, steep 20% discount offer, clearance alerts."
13888,2011-05-05 14:41:00,2011-08-12 10:13:00,2,254,595.67,38,0.0,0.0,0.0,120,218,297.83,98.0,1,-0.1725,0.0647,51.8,62.49,120.18,Potential Loyalists,"Offer bundle discounts, volume incentives, brand engagement newsletters."
13889,2011-09-08 09:13:00,2011-09-08 09:13:00,1,146,416.9,15,0.0,0.0,0.0,93,93,416.9,93.0,1,-0.2222,-0.0711,41.9,123.58,237.66,Potential Loyalists,"Offer bundle discounts, volume incentives, brand engagement newsletters."
13890,2010-12-16 09:31:00,2011-12-08 15:36:00,10,831,1883.81,74,4.0,5.0,28.57,1,359,188.38,39.8,0,0.7132,-0.0938,9.0,226.58,435.73,Champions (VIP),"Exclusive VIP preview, concierge service, high-tier loyalty gifts."
13892,2011-04-07 12:04:00,2011-11-13 11:50:00,4,983,632.97,26,0.0,0.0,0.0,27,247,158.24,73.3,3,0.141,0.0038,18.3,99.34,191.04,Potential Loyalists,"Offer bundle discounts, volume incentives, brand engagement newsletters."
13893,2011-02-15 11:30:00,2011-02-15 11:30:00,1,190,821.1,21,0.0,0.0,0.0,298,298,821.1,298.0,1,-0.3714,0.0976,61.3,50.6,97.3,Hibernating / Inactive,"Automated reactivation campaign, steep 20% discount offer, clearance alerts."
13894,2011-02-02 12:54:00,2011-11-16 09:44:00,3,354,564.62,25,2.0,15.0,40.0,24,310,188.21,143.0,2,0.1125,-0.0644,15.4,73.12,140.61,Potential Loyalists,"Offer bundle discounts, volume incentives, brand engagement newsletters."
13895,2011-06-28 10:17:00,2011-11-11 16:57:00,4,1365,2593.07,97,1.0,1.0,20.0,28,165,648.27,45.7,3,0.1813,0.068,21.6,584.63,1124.3,Champions (VIP),"Exclusive VIP preview, concierge service, high-tier loyalty gifts."
13897,2011-10-20 14:30:00,2011-10-20 14:30:00,1,200,311.16,17,0.0,0.0,0.0,50,50,311.16,50.0,2,-0.1413,-0.1575,32.4,109.38,210.34,Low Value Occasional,Target with low-barrier impulse buys and seasonal holiday campaigns.
13898,2011-01-18 10:28:00,2011-01-18 10:28:00,1,133,155.93,12,0.0,0.0,0.0,326,326,155.93,326.0,1,-0.4382,0.038,61.3,8.78,16.89,Hibernating / Inactive,"Automated reactivation campaign, steep 20% discount offer, clearance alerts."
13899,2011-03-10 09:30:00,2011-11-23 13:40:00,2,156,388.52,19,0.0,0.0,0.0,16,275,194.26,259.0,2,0.1038,-0.1908,12.6,58.59,112.67,Promising New,"Welcome discount on 2nd purchase, onboarding email journey, product tips."
13900,2011-03-22 10:13:00,2011-06-09 19:26:00,3,430,740.95,42,0.0,0.0,0.0,183,263,246.98,40.0,1,-0.1739,0.1887,98.0,2.67,5.14,Hibernating / Inactive,"Automated reactivation campaign, steep 20% discount offer, clearance alerts."
13901,2011-01-25 09:01:00,2011-09-28 14:48:00,5,1739,2867.2,144,0.0,0.0,0.0,72,319,573.44,61.8,3,0.0821,0.2245,40.1,255.46,491.28,Potential Loyalists,"Offer bundle discounts, volume incentives, brand engagement newsletters."
13904,2011-02-18 11:18:00,2011-11-02 13:41:00,2,332,332.64,24,0.0,0.0,0.0,37,295,166.32,258.0,2,-0.0201,-0.1001,18.1,43.82,84.27,Promising New,"Welcome discount on 2nd purchase, onboarding email journey, product tips."
13908,2011-03-08 12:04:00,2011-09-21 11:49:00,4,1478,2369.55,104,1.0,8.0,20.0,80,277,592.39,65.7,3,0.0266,0.1884,42.7,232.58,447.28,Potential Loyalists,"Offer bundle discounts, volume incentives, brand engagement newsletters."
13911,2011-02-04 14:46:00,2011-10-13 15:43:00,9,2731,2580.91,120,0.0,0.0,0.0,57,308,286.77,31.4,3,0.2078,0.3058,48.3,205.57,395.32,Loyal Customers,"Cross-sell premium categories, early bird access, referral incentives."
13914,2011-11-03 16:28:00,2011-11-28 10:35:00,2,380,626.45,28,1.0,1.0,33.33,12,36,313.23,24.0,2,0.1589,-0.203,16.6,271.68,522.47,Promising New,"Welcome discount on 2nd purchase, onboarding email journey, product tips."
13917,2011-06-01 12:46:00,2011-10-21 09:56:00,2,228,272.04,16,0.0,0.0,0.0,50,192,136.02,142.0,2,-0.0701,-0.073,23.2,51.63,99.29,Low Value Occasional,Target with low-barrier impulse buys and seasonal holiday campaigns.
13918,2011-03-31 18:05:00,2011-10-21 12:25:00,2,1140,1212.84,30,0.0,0.0,0.0,50,253,606.42,203.0,2,-0.0218,-0.0096,22.0,177.42,341.2,Loyal Customers,"Cross-sell premium categories, early bird access, referral incentives."
13922,2010-12-23 10:38:00,2010-12-23 10:38:00,1,93,172.25,7,0.0,0.0,0.0,352,352,172.25,352.0,1,-0.4463,0.0515,61.3,8.99,17.28,Hibernating / Inactive,"Automated reactivation campaign, steep 20% discount offer, clearance alerts."
13923,2011-10-17 12:33:00,2011-10-17 12:33:00,1,185,351.13,20,0.0,0.0,0.0,54,54,351.13,54.0,2,-0.1485,-0.1432,33.3,121.79,234.2,Low Value Occasional,Target with low-barrier impulse buys and seasonal holiday campaigns.
13924,2011-09-28 15:07:00,2011-12-08 09:39:00,6,1575,1838.85,90,5.0,43.0,45.45,2,72,306.48,14.0,0,0.5683,-0.1463,10.3,857.73,1649.48,Champions (VIP),"Exclusive VIP preview, concierge service, high-tier loyalty gifts."
13925,2011-07-28 12:09:00,2011-09-08 12:47:00,4,331,678.25,28,2.0,4.0,33.33,93,135,169.56,14.0,3,-0.0358,0.1533,80.5,46.49,89.4,Potential Loyalists,"Offer bundle discounts, volume incentives, brand engagement newsletters."
13926,2011-11-16 13:16:00,2011-11-16 13:16:00,1,104,223.85,11,0.0,0.0,0.0,23,23,223.85,23.0,2,-0.0404,-0.2626,26.4,85.67,164.75,Promising New,"Welcome discount on 2nd purchase, onboarding email journey, product tips."
13927,2011-09-26 12:00:00,2011-09-26 12:00:00,1,214,348.99,21,0.0,0.0,0.0,75,75,348.99,75.0,1,-0.1966,-0.1044,37.9,112.7,216.72,Low Value Occasional,Target with low-barrier impulse buys and seasonal holiday campaigns.
13928,2011-07-29 15:59:00,2011-11-29 10:33:00,4,129,464.57,23,0.0,0.0,0.0,11,133,116.14,40.7,0,0.2563,-0.1118,13.6,143.2,275.38,Potential Loyalists,"Offer bundle discounts, volume incentives, brand engagement newsletters."
13929,2011-01-17 15:11:00,2011-06-23 15:26:00,2,143,842.65,8,1.0,4.0,33.33,169,326,421.32,157.0,1,-0.2116,0.1206,60.1,48.94,94.11,Hibernating / Inactive,"Automated reactivation campaign, steep 20% discount offer, clearance alerts."
13930,2011-07-26 11:00:00,2011-10-13 09:45:00,2,274,337.34,15,0.0,0.0,0.0,58,137,168.67,79.0,2,-0.0847,-0.0463,30.0,81.79,157.28,Low Value Occasional,Target with low-barrier impulse buys and seasonal holiday campaigns.
13931,2011-03-04 08:43:00,2011-09-05 10:12:00,2,725,1237.53,56,1.0,4.0,33.33,96,281,618.76,185.0,1,-0.1162,0.069,35.5,134.79,259.2,Potential Loyalists,"Offer bundle discounts, volume incentives, brand engagement newsletters."
13932,2011-02-18 12:02:00,2011-02-18 12:02:00,1,72,307.4,16,0.0,0.0,0.0,295,295,307.4,295.0,1,-0.4016,0.0547,61.3,19.14,36.8,Hibernating / Inactive,"Automated reactivation campaign, steep 20% discount offer, clearance alerts."
13933,2011-07-14 13:35:00,2011-08-22 14:03:00,2,205,608.79,23,0.0,0.0,0.0,109,148,304.4,39.0,1,-0.1577,0.0541,73.8,51.14,98.34,Potential Loyalists,"Offer bundle discounts, volume incentives, brand engagement newsletters."
13934,2011-03-21 08:39:00,2011-03-21 08:39:00,1,390,922.1,31,0.0,0.0,0.0,264,264,922.1,264.0,1,-0.3498,0.0879,61.3,64.14,123.34,Hibernating / Inactive,"Automated reactivation campaign, steep 20% discount offer, clearance alerts."
13936,2011-06-13 08:47:00,2011-06-13 08:47:00,1,330,376.58,26,1.0,6.0,50.0,180,180,376.58,180.0,1,-0.3224,0.0038,61.3,38.42,73.88,Hibernating / Inactive,"Automated reactivation campaign, steep 20% discount offer, clearance alerts."
13937,2011-06-23 16:35:00,2011-06-23 16:35:00,1,123,158.85,9,0.0,0.0,0.0,169,169,158.85,169.0,1,-0.3409,-0.0403,58.8,18.38,35.34,Hibernating / Inactive,"Automated reactivation campaign, steep 20% discount offer, clearance alerts."
13938,2011-11-04 14:37:00,2011-11-04 14:37:00,1,70,71.66,7,0.0,0.0,0.0,35,35,71.66,35.0,2,-0.1369,-0.2616,29.0,26.46,50.88,Promising New,"Welcome discount on 2nd purchase, onboarding email journey, product tips."
13939,2011-02-01 11:30:00,2011-11-16 13:33:00,3,847,568.55,43,1.0,4.0,25.0,23,312,189.52,144.5,2,0.1187,-0.069,15.1,73.41,141.18,Potential Loyalists,"Offer bundle discounts, volume incentives, brand engagement newsletters."
13940,2011-07-18 16:05:00,2011-11-22 15:15:00,4,516,839.14,39,0.0,0.0,0.0,17,144,209.78,42.3,3,0.2154,-0.0377,16.4,231.16,444.53,Loyal Customers,"Cross-sell premium categories, early bird access, referral incentives."
13941,2010-12-02 10:17:00,2011-11-18 09:43:00,5,2364,5112.96,24,2.0,57.0,28.57,22,373,1022.59,87.8,3,0.2715,0.1093,15.8,547.66,1053.19,Champions (VIP),"Exclusive VIP preview, concierge service, high-tier loyalty gifts."
13946,2011-03-17 10:02:00,2011-09-21 13:33:00,3,443,561.57,11,0.0,0.0,0.0,79,268,187.19,94.5,3,-0.0597,0.0761,36.2,63.43,121.99,Potential Loyalists,"Offer bundle discounts, volume incentives, brand engagement newsletters."
13947,2011-10-05 14:42:00,2011-10-05 14:42:00,1,44,90.6,5,0.0,0.0,0.0,65,65,90.6,65.0,1,-0.219,-0.1784,35.7,30.29,58.26,Low Value Occasional,Target with low-barrier impulse buys and seasonal holiday campaigns.
13948,2010-12-14 10:18:00,2010-12-14 10:18:00,1,40,102.0,3,0.0,0.0,0.0,361,361,102.0,361.0,1,-0.4669,0.0324,61.3,5.19,9.98,Hibernating / Inactive,"Automated reactivation campaign, steep 20% discount offer, clearance alerts."
13949,2011-09-06 11:55:00,2011-12-07 09:35:00,6,2474,2427.32,124,0.0,0.0,0.0,3,95,404.55,18.4,0,0.5348,-0.0997,10.7,1082.65,2082.02,Champions (VIP),"Exclusive VIP preview, concierge service, high-tier loyalty gifts."
13950,2011-04-07 11:29:00,2011-11-28 14:44:00,4,323,745.06,33,1.0,2.0,20.0,11,247,186.26,78.7,0,0.2715,-0.0918,12.3,125.52,241.39,Loyal Customers,"Cross-sell premium categories, early bird access, referral incentives."
13951,2011-02-18 15:21:00,2011-06-16 16:43:00,3,459,674.45,38,0.0,0.0,0.0,176,294,224.82,59.0,1,-0.1712,0.18,90.5,10.34,19.89,Hibernating / Inactive,"Automated reactivation campaign, steep 20% discount offer, clearance alerts."
13952,2011-04-15 09:27:00,2011-05-06 09:00:00,2,1431,3251.07,120,1.0,6.0,33.33,218,239,1625.54,21.0,1,-0.2054,0.2086,98.0,12.91,24.83,At-Risk High Spenders,"High-priority win-back promotion, dedicated account check-in, special survey."
13953,2010-12-22 10:29:00,2011-12-02 16:04:00,7,2724,3515.68,8,0.0,0.0,0.0,7,353,502.24,57.7,0,0.4691,0.0296,11.2,419.65,807.01,Champions (VIP),"Exclusive VIP preview, concierge service, high-tier loyalty gifts."
13954,2011-09-30 10:52:00,2011-12-08 12:50:00,2,150,439.92,24,1.0,9.0,33.33,1,71,219.96,70.0,0,0.4242,-0.4445,8.9,208.4,400.77,Promising New,"Welcome discount on 2nd purchase, onboarding email journey, product tips."
13955,2011-02-07 12:24:00,2011-07-08 17:19:00,2,154,322.96,33,0.0,0.0,0.0,154,306,161.48,152.0,1,-0.2289,0.0687,55.7,22.19,42.66,Hibernating / Inactive,"Automated reactivation campaign, steep 20% discount offer, clearance alerts."
13956,2011-03-13 12:51:00,2011-12-04 13:20:00,5,486,1019.27,123,0.0,0.0,0.0,5,271,203.85,66.5,0,0.4181,-0.1218,10.3,160.08,307.85,Loyal Customers,"Cross-sell premium categories, early bird access, referral incentives."
13959,2010-12-12 13:56:00,2011-09-21 15:06:00,3,355,594.04,79,0.0,0.0,0.0,79,362,198.01,141.5,3,-0.0579,0.0785,32.2,52.79,101.52,Potential Loyalists,"Offer bundle discounts, volume incentives, brand engagement newsletters."
13960,2011-09-29 12:39:00,2011-11-18 15:27:00,2,142,230.22,11,0.0,0.0,0.0,21,72,115.11,51.0,2,0.0489,-0.1818,17.5,98.76,189.93,Promising New,"Welcome discount on 2nd purchase, onboarding email journey, product tips."
13962,2011-04-08 11:21:00,2011-11-18 08:47:00,2,87,169.55,11,0.0,0.0,0.0,22,246,84.78,224.0,2,0.0324,-0.1894,14.3,28.03,53.9,Promising New,"Welcome discount on 2nd purchase, onboarding email journey, product tips."
13963,2010-12-07 09:21:00,2011-02-04 14:43:00,4,460,664.54,35,0.0,0.0,0.0,308,368,166.14,20.0,1,-0.2124,0.2964,98.0,1.71,3.3,Hibernating / Inactive,"Automated reactivation campaign, steep 20% discount offer, clearance alerts."
13967,2011-07-17 12:02:00,2011-07-17 12:02:00,1,42,80.7,2,0.0,0.0,0.0,146,146,80.7,146.0,1,-0.3411,-0.0864,53.7,12.14,23.35,Low Value Occasional,Target with low-barrier impulse buys and seasonal holiday campaigns.
13971,2011-02-27 12:27:00,2011-11-21 12:06:00,8,1844,2758.26,118,3.0,26.0,27.27,19,286,344.78,38.1,0,0.3478,0.1564,18.1,374.79,720.75,Champions (VIP),"Exclusive VIP preview, concierge service, high-tier loyalty gifts."
13972,2011-05-22 11:34:00,2011-09-30 11:54:00,2,187,190.25,15,0.0,0.0,0.0,71,202,95.12,131.0,1,-0.1326,-0.0465,30.2,31.19,59.98,Low Value Occasional,Target with low-barrier impulse buys and seasonal holiday campaigns.
13973,2011-02-25 15:21:00,2011-02-25 15:21:00,1,109,264.7,11,0.0,0.0,0.0,287,287,264.7,287.0,1,-0.4024,0.0451,61.3,16.94,32.57,Hibernating / Inactive,"Automated reactivation campaign, steep 20% discount offer, clearance alerts."
13974,2011-10-21 14:41:00,2011-10-21 14:41:00,1,249,413.59,28,0.0,0.0,0.0,49,49,413.59,49.0,2,-0.1292,-0.1478,32.1,146.03,280.83,Potential Loyalists,"Offer bundle discounts, volume incentives, brand engagement newsletters."
13975,2011-03-08 12:19:00,2011-11-08 13:19:00,6,1697,2461.24,240,1.0,7.0,14.29,31,277,410.21,49.2,3,0.2278,0.1525,22.5,326.75,628.37,Loyal Customers,"Cross-sell premium categories, early bird access, referral incentives."
13976,2011-05-17 09:13:00,2011-05-17 09:13:00,1,154,357.98,10,0.0,0.0,0.0,207,207,357.98,207.0,1,-0.3446,0.0185,61.3,31.76,61.07,Hibernating / Inactive,"Automated reactivation campaign, steep 20% discount offer, clearance alerts."
13978,2011-10-25 15:04:00,2011-11-25 11:36:00,2,315,196.79,14,0.0,0.0,0.0,15,45,98.4,30.0,2,0.0909,-0.227,17.2,84.73,162.95,Promising New,"Welcome discount on 2nd purchase, onboarding email journey, product tips."
13979,2011-09-27 13:32:00,2011-09-27 13:32:00,1,639,869.87,54,0.0,0.0,0.0,73,73,869.87,73.0,1,-0.1631,-0.0689,37.5,282.71,543.67,Potential Loyalists,"Offer bundle discounts, volume incentives, brand engagement newsletters."
13980,2011-10-10 13:34:00,2011-10-10 13:34:00,1,172,200.14,11,0.0,0.0,0.0,60,60,200.14,60.0,2,-0.182,-0.1545,34.6,68.06,130.89,Low Value Occasional,Target with low-barrier impulse buys and seasonal holiday campaigns.
13982,2010-12-09 13:57:00,2011-10-31 16:24:00,4,1136,1871.81,72,1.0,4.0,20.0,39,365,467.95,108.7,3,0.1233,0.093,20.8,192.72,370.62,Loyal Customers,"Cross-sell premium categories, early bird access, referral incentives."
13983,2010-12-08 10:38:00,2011-11-10 11:06:00,12,1183,2603.43,91,1.0,13.0,7.69,30,367,216.95,30.6,3,0.3496,0.2887,27.6,243.7,468.65,Champions (VIP),"Exclusive VIP preview, concierge service, high-tier loyalty gifts."
13984,2010-12-08 15:58:00,2011-11-13 12:38:00,5,679,920.51,14,1.0,408.0,16.67,27,366,184.1,84.8,3,0.187,0.0603,17.7,98.22,188.88,Loyal Customers,"Cross-sell premium categories, early bird access, referral incentives."
13985,2011-03-20 13:48:00,2011-12-05 17:06:00,15,3445,7060.13,108,1.0,8.0,6.25,4,264,470.68,18.6,0,0.6903,0.1565,11.5,1123.03,2159.68,Champions (VIP),"Exclusive VIP preview, concierge service, high-tier loyalty gifts."
13986,2011-11-22 15:00:00,2011-11-22 15:00:00,1,430,320.46,12,0.0,0.0,0.0,17,17,320.46,17.0,2,0.0136,-0.2822,25.0,124.98,240.34,Promising New,"Welcome discount on 2nd purchase, onboarding email journey, product tips."
13988,2011-03-30 11:48:00,2011-11-20 10:15:00,6,3044,4147.96,188,3.0,19.0,33.33,20,255,691.33,47.0,0,0.3069,0.1237,17.4,637.55,1226.05,Champions (VIP),"Exclusive VIP preview, concierge service, high-tier loyalty gifts."
13989,2011-04-14 15:39:00,2011-10-05 09:47:00,2,1313,1266.08,33,0.0,0.0,0.0,66,239,633.04,173.0,3,-0.0608,0.0252,27.1,183.24,352.39,Potential Loyalists,"Offer bundle discounts, volume incentives, brand engagement newsletters."
13990,2011-05-10 15:19:00,2011-05-10 15:19:00,1,190,311.3,16,0.0,0.0,0.0,213,213,311.3,213.0,1,-0.3533,0.016,61.3,26.84,51.61,Hibernating / Inactive,"Automated reactivation campaign, steep 20% discount offer, clearance alerts."
13991,2011-07-19 12:58:00,2011-11-27 16:18:00,6,995,852.88,58,1.0,2.0,14.29,12,143,142.15,26.2,0,0.3267,-0.0015,16.0,237.73,457.17,Loyal Customers,"Cross-sell premium categories, early bird access, referral incentives."
13992,2011-11-09 15:23:00,2011-11-09 15:23:00,1,64,76.8,5,0.0,0.0,0.0,30,30,76.8,30.0,2,-0.1126,-0.2768,27.9,28.79,55.37,Promising New,"Welcome discount on 2nd purchase, onboarding email journey, product tips."
13993,2011-01-13 10:43:00,2011-10-28 09:06:00,9,900,3466.36,66,3.0,8.0,25.0,43,331,385.15,36.0,3,0.2582,0.2849,34.1,327.47,629.74,Loyal Customers,"Cross-sell premium categories, early bird access, referral incentives."
13994,2011-07-14 18:28:00,2011-12-06 11:05:00,6,932,2274.14,122,0.0,0.0,0.0,4,148,379.02,28.8,0,0.4997,-0.0754,10.7,651.09,1252.09,Champions (VIP),"Exclusive VIP preview, concierge service, high-tier loyalty gifts."
13995,2011-04-08 08:20:00,2011-11-24 14:22:00,5,879,1393.69,55,1.0,12.0,16.67,15,246,278.74,57.8,0,0.2832,0.0102,14.4,230.11,442.53,Loyal Customers,"Cross-sell premium categories, early bird access, referral incentives."
13999,2010-12-13 11:23:00,2011-11-29 13:40:00,12,2243,3901.81,102,3.0,12.0,20.0,10,362,325.15,32.0,0,0.5159,0.1805,13.9,440.35,846.82,Champions (VIP),"Exclusive VIP preview, concierge service, high-tier loyalty gifts."
14000,2011-05-12 16:50:00,2011-05-12 16:50:00,1,710,635.66,15,1.0,3.0,50.0,211,211,635.66,211.0,1,-0.3289,0.0452,61.3,55.32,106.39,Hibernating / Inactive,"Automated reactivation campaign, steep 20% discount offer, clearance alerts."
14001,2010-12-01 12:58:00,2011-10-25 10:31:00,3,962,2043.08,34,1.0,3.0,25.0,46,373,681.03,163.5,3,0.0607,0.0666,21.5,204.03,392.36,Loyal Customers,"Cross-sell premium categories, early bird access, referral incentives."
14002,2011-07-06 14:59:00,2011-07-28 15:55:00,2,877,529.73,47,0.0,0.0,0.0,134,156,264.86,22.0,1,-0.1925,0.073,89.5,16.92,32.53,Potential Loyalists,"Offer bundle discounts, volume incentives, brand engagement newsletters."
14004,2011-02-24 09:28:00,2011-10-27 14:40:00,7,2668,4582.64,102,0.0,0.0,0.0,43,289,654.66,41.0,3,0.2257,0.2471,31.6,514.65,989.7,Loyal Customers,"Cross-sell premium categories, early bird access, referral incentives."
14005,2011-05-08 10:33:00,2011-11-30 12:41:00,5,2478,2874.72,53,0.0,0.0,0.0,10,216,574.94,51.5,0,0.362,-0.0044,12.6,551.93,1061.41,Champions (VIP),"Exclusive VIP preview, concierge service, high-tier loyalty gifts."
14006,2011-01-31 15:11:00,2011-08-16 09:39:00,3,641,962.19,22,0.0,0.0,0.0,116,312,320.73,98.0,3,-0.0985,0.145,50.2,72.87,140.14,Potential Loyalists,"Offer bundle discounts, volume incentives, brand engagement newsletters."
14009,2011-05-18 13:00:00,2011-05-25 15:47:00,2,365,695.61,42,1.0,4.0,33.33,198,205,347.8,7.0,1,-0.2411,0.1315,98.0,3.22,6.19,Hibernating / Inactive,"Automated reactivation campaign, steep 20% discount offer, clearance alerts."
14012,2011-03-07 12:26:00,2011-03-07 12:26:00,1,160,328.8,11,0.0,0.0,0.0,278,278,328.8,278.0,1,-0.3907,0.0504,61.3,21.72,41.77,Hibernating / Inactive,"Automated reactivation campaign, steep 20% discount offer, clearance alerts."
14013,2011-03-09 08:59:00,2011-08-21 15:01:00,3,462,473.02,30,0.0,0.0,0.0,110,276,157.67,83.0,1,-0.1136,0.1085,51.3,39.6,76.16,Potential Loyalists,"Offer bundle discounts, volume incentives, brand engagement newsletters."
14014,2011-09-23 13:18:00,2011-09-23 13:18:00,1,1076,505.18,39,0.0,0.0,0.0,77,77,505.18,77.0,1,-0.1885,-0.0856,38.4,161.82,311.19,Potential Loyalists,"Offer bundle discounts, volume incentives, brand engagement newsletters."
14015,2011-10-18 10:02:00,2011-10-18 10:02:00,1,378,917.34,20,0.0,0.0,0.0,53,53,917.34,53.0,2,-0.1148,-0.1047,33.0,319.6,614.62,Loyal Customers,"Cross-sell premium categories, early bird access, referral incentives."
14019,2011-07-24 15:39:00,2011-10-24 10:13:00,3,1037,1421.61,37,1.0,3.0,25.0,47,138,473.87,45.5,3,0.0459,0.0538,32.3,330.92,636.39,Loyal Customers,"Cross-sell premium categories, early bird access, referral incentives."
14020,2011-09-12 15:32:00,2011-11-23 09:22:00,2,441,642.8,37,0.0,0.0,0.0,17,88,321.4,71.0,2,0.1116,-0.1626,14.6,285.45,548.95,Promising New,"Welcome discount on 2nd purchase, onboarding email journey, product tips."
14021,2011-03-28 15:10:00,2011-07-07 15:46:00,3,192,631.9,22,0.0,0.0,0.0,155,256,210.63,50.5,1,-0.1546,0.1619,86.5,15.81,30.41,Hibernating / Inactive,"Automated reactivation campaign, steep 20% discount offer, clearance alerts."
14022,2011-04-28 14:39:00,2011-04-28 14:39:00,1,487,440.0,28,0.0,0.0,0.0,225,225,440.0,225.0,1,-0.3502,0.0373,61.3,35.91,69.06,Hibernating / Inactive,"Automated reactivation campaign, steep 20% discount offer, clearance alerts."
14023,2011-04-03 15:50:00,2011-12-02 13:58:00,2,345,584.07,30,0.0,0.0,0.0,7,250,292.04,243.0,2,0.2284,-0.2647,10.3,99.44,191.23,Promising New,"Welcome discount on 2nd purchase, onboarding email journey, product tips."
14024,2011-08-07 13:31:00,2011-08-10 11:30:00,2,150,327.7,16,0.0,0.0,0.0,122,124,163.85,2.0,1,-0.1942,0.0414,87.1,16.18,31.11,Low Value Occasional,Target with low-barrier impulse buys and seasonal holiday campaigns.
14027,2011-10-10 09:01:00,2011-10-10 09:01:00,1,62,104.82,6,0.0,0.0,0.0,61,61,104.82,61.0,2,-0.2051,-0.1799,34.8,35.54,68.34,Low Value Occasional,Target with low-barrier impulse buys and seasonal holiday campaigns.
14029,2011-07-18 16:57:00,2011-10-07 14:46:00,2,198,467.66,15,0.0,0.0,0.0,63,144,233.83,81.0,2,-0.0862,-0.0226,31.8,105.1,202.11,Potential Loyalists,"Offer bundle discounts, volume incentives, brand engagement newsletters."
14030,2010-12-08 16:11:00,2011-11-21 16:48:00,8,1478,2358.84,210,0.0,0.0,0.0,18,366,294.86,49.7,0,0.3503,0.1435,16.2,256.27,492.84,Champions (VIP),"Exclusive VIP preview, concierge service, high-tier loyalty gifts."
14032,2010-12-08 10:53:00,2011-12-07 15:23:00,11,2032,2975.59,53,7.0,24.0,38.89,2,367,270.51,36.5,0,0.6843,-0.006,9.4,348.56,670.3,Champions (VIP),"Exclusive VIP preview, concierge service, high-tier loyalty gifts."
14034,2011-07-05 13:06:00,2011-11-17 14:02:00,3,420,648.89,82,1.0,108.0,25.0,22,157,216.3,67.5,2,0.1293,-0.0685,16.7,163.37,314.16,Potential Loyalists,"Offer bundle discounts, volume incentives, brand engagement newsletters."
14035,2011-02-15 12:48:00,2011-11-11 10:03:00,5,739,1428.02,41,0.0,0.0,0.0,29,298,285.6,67.2,3,0.191,0.0873,19.5,183.04,352.0,Loyal Customers,"Cross-sell premium categories, early bird access, referral incentives."
14036,2011-02-28 09:26:00,2011-02-28 09:26:00,1,268,626.65,38,0.0,0.0,0.0,285,285,626.65,285.0,1,-0.3736,0.0808,61.3,40.38,77.65,Hibernating / Inactive,"Automated reactivation campaign, steep 20% discount offer, clearance alerts."
14037,2010-12-10 11:39:00,2011-06-16 13:57:00,2,46,147.2,27,0.0,0.0,0.0,176,365,73.6,189.0,1,-0.2738,0.0515,59.3,7.79,14.98,Hibernating / Inactive,"Automated reactivation campaign, steep 20% discount offer, clearance alerts."
14038,2011-05-16 14:05:00,2011-09-22 13:37:00,3,965,1560.38,64,1.0,2.0,25.0,78,207,520.13,64.5,3,-0.0248,0.118,42.2,206.74,397.58,Potential Loyalists,"Offer bundle discounts, volume incentives, brand engagement newsletters."
14039,2011-11-06 13:48:00,2011-11-06 13:48:00,1,92,152.2,6,0.0,0.0,0.0,33,33,152.2,33.0,2,-0.1043,-0.2368,28.6,56.51,108.67,Promising New,"Welcome discount on 2nd purchase, onboarding email journey, product tips."
14040,2011-01-12 14:57:00,2011-10-30 12:42:00,12,1544,3560.32,146,3.0,30.0,20.0,41,331,296.69,26.4,3,0.3148,0.3387,40.1,305.72,587.92,Loyal Customers,"Cross-sell premium categories, early bird access, referral incentives."
14041,2011-03-18 13:25:00,2011-03-18 13:25:00,1,94,141.41,21,0.0,0.0,0.0,266,266,141.41,266.0,1,-0.4114,0.0094,61.3,9.76,18.77,Hibernating / Inactive,"Automated reactivation campaign, steep 20% discount offer, clearance alerts."
14044,2011-02-03 11:39:00,2011-11-13 12:05:00,4,304,646.42,165,0.0,0.0,0.0,27,310,161.6,94.3,3,0.1417,0.0047,17.3,81.82,157.35,Potential Loyalists,"Offer bundle discounts, volume incentives, brand engagement newsletters."
14045,2010-12-01 11:32:00,2011-08-22 15:27:00,4,535,1659.75,4,0.0,0.0,0.0,109,374,414.94,88.3,3,-0.0302,0.2103,49.5,106.34,204.5,Potential Loyalists,"Offer bundle discounts, volume incentives, brand engagement newsletters."
14046,2011-02-28 14:48:00,2011-02-28 14:48:00,1,460,154.99,14,0.0,0.0,0.0,284,284,154.99,284.0,1,-0.4181,0.0212,61.3,10.02,19.27,Hibernating / Inactive,"Automated reactivation campaign, steep 20% discount offer, clearance alerts."
14047,2010-12-02 10:09:00,2011-12-01 11:43:00,5,381,1308.61,22,2.0,4.0,28.57,9,373,261.72,91.0,0,0.3506,-0.0493,11.4,147.49,283.64,Loyal Customers,"Cross-sell premium categories, early bird access, referral incentives."
14048,2011-02-07 14:53:00,2011-02-07 14:53:00,1,288,409.93,83,1.0,14.0,50.0,305,305,409.93,305.0,1,-0.3973,0.0709,61.3,24.68,47.46,Hibernating / Inactive,"Automated reactivation campaign, steep 20% discount offer, clearance alerts."
14049,2011-01-26 11:27:00,2011-11-23 12:20:00,4,3808,5578.72,348,2.0,24.0,33.33,17,318,1394.68,100.3,3,0.2766,0.0428,13.9,716.72,1378.3,Champions (VIP),"Exclusive VIP preview, concierge service, high-tier loyalty gifts."
14050,2011-08-25 13:46:00,2011-11-08 10:00:00,2,689,746.36,49,0.0,0.0,0.0,32,106,373.18,74.0,2,0.0268,-0.0829,20.2,266.61,512.72,Loyal Customers,"Cross-sell premium categories, early bird access, referral incentives."
14052,2011-11-20 12:30:00,2011-11-20 12:30:00,1,89,225.36,56,0.0,0.0,0.0,20,20,225.36,20.0,2,-0.0205,-0.2785,25.7,87.07,167.44,Promising New,"Welcome discount on 2nd purchase, onboarding email journey, product tips."
14053,2011-07-03 12:21:00,2011-08-07 14:27:00,2,215,260.25,2,0.0,0.0,0.0,124,160,130.12,36.0,1,-0.204,0.0335,82.3,13.66,26.27,Low Value Occasional,Target with low-barrier impulse buys and seasonal holiday campaigns.
14054,2011-10-05 15:49:00,2011-10-05 15:49:00,1,62,92.46,6,0.0,0.0,0.0,65,65,92.46,65.0,1,-0.2184,-0.1776,35.7,30.91,59.45,Low Value Occasional,Target with low-barrier impulse buys and seasonal holiday campaigns.
14055,2011-08-25 15:04:00,2011-08-25 15:04:00,1,216,725.64,10,0.0,0.0,0.0,106,106,725.64,106.0,1,-0.2235,-0.0319,44.8,179.3,344.82,Potential Loyalists,"Offer bundle discounts, volume incentives, brand engagement newsletters."
14057,2010-12-14 12:11:00,2011-11-16 10:32:00,17,4873,6211.66,179,1.0,168.0,5.56,24,361,365.39,21.1,0,0.4701,0.372,28.9,580.5,1116.35,Champions (VIP),"Exclusive VIP preview, concierge service, high-tier loyalty gifts."
14059,2011-03-18 10:06:00,2011-03-18 10:06:00,1,128,183.6,8,0.0,0.0,0.0,267,267,183.6,267.0,1,-0.4035,0.0209,61.3,12.63,24.28,Hibernating / Inactive,"Automated reactivation campaign, steep 20% discount offer, clearance alerts."
14062,2010-12-10 15:56:00,2011-11-30 10:04:00,12,5593,10464.85,60,0.0,0.0,0.0,10,364,872.07,32.2,0,0.5478,0.2225,13.8,1175.91,2261.37,Champions (VIP),"Exclusive VIP preview, concierge service, high-tier loyalty gifts."
14064,2011-03-10 12:59:00,2011-11-10 13:14:00,5,1772,1334.34,59,2.0,438.0,28.57,29,274,266.87,61.2,3,0.1888,0.0844,20.0,184.86,355.5,Loyal Customers,"Cross-sell premium categories, early bird access, referral incentives."
14066,2011-03-18 12:21:00,2011-03-18 12:21:00,1,45,152.55,7,0.0,0.0,0.0,267,267,152.55,267.0,1,-0.4095,0.013,61.3,10.49,20.18,Hibernating / Inactive,"Automated reactivation campaign, steep 20% discount offer, clearance alerts."
14067,2011-09-04 12:00:00,2011-10-07 10:21:00,2,361,374.7,51,0.0,0.0,0.0,64,97,187.35,33.0,2,-0.0956,-0.0301,52.0,87.98,169.19,Low Value Occasional,Target with low-barrier impulse buys and seasonal holiday campaigns.
14068,2011-01-23 16:02:00,2011-01-23 16:02:00,1,73,265.85,22,0.0,0.0,0.0,320,320,265.85,320.0,1,-0.4183,0.0584,61.3,15.26,29.34,Hibernating / Inactive,"Automated reactivation campaign, steep 20% discount offer, clearance alerts."
14071,2011-03-20 11:33:00,2011-12-06 12:27:00,8,994,1437.57,271,1.0,95.0,11.11,4,265,179.7,37.3,0,0.5317,-0.039,10.4,230.64,443.54,Loyal Customers,"Cross-sell premium categories, early bird access, referral incentives."
14073,2011-11-07 15:49:00,2011-11-07 15:49:00,1,130,151.04,13,1.0,2.0,50.0,32,32,151.04,32.0,2,-0.1002,-0.2408,28.4,56.24,108.14,Promising New,"Welcome discount on 2nd purchase, onboarding email journey, product tips."
14075,2011-03-23 16:35:00,2011-12-05 08:38:00,3,754,942.26,33,0.0,0.0,0.0,5,261,314.09,128.0,0,0.34,-0.2153,10.0,154.17,296.49,Loyal Customers,"Cross-sell premium categories, early bird access, referral incentives."
14076,2011-08-02 15:19:00,2011-08-02 15:19:00,1,79,118.67,43,0.0,0.0,0.0,129,129,118.67,129.0,1,-0.3106,-0.0851,49.9,21.87,42.06,Low Value Occasional,Target with low-barrier impulse buys and seasonal holiday campaigns.
14077,2011-03-10 15:52:00,2011-10-30 12:35:00,5,268,499.42,33,0.0,0.0,0.0,41,274,99.88,58.2,3,0.1073,0.0834,25.8,64.17,123.41,Potential Loyalists,"Offer bundle discounts, volume incentives, brand engagement newsletters."
14078,2010-12-01 12:54:00,2011-08-30 12:16:00,6,310,1049.37,46,0.0,0.0,0.0,102,373,174.9,54.2,3,0.0274,0.2577,59.4,54.2,104.23,Potential Loyalists,"Offer bundle discounts, volume incentives, brand engagement newsletters."
14079,2011-08-07 12:10:00,2011-08-07 12:10:00,1,301,375.1,12,0.0,0.0,0.0,125,125,375.1,125.0,1,-0.269,-0.0402,49.0,72.62,139.65,Low Value Occasional,Target with low-barrier impulse buys and seasonal holiday campaigns.
14080,2011-11-07 11:09:00,2011-11-07 11:09:00,1,48,45.6,4,0.0,0.0,0.0,33,33,45.6,33.0,2,-0.1428,-0.2874,28.6,16.93,32.56,Promising New,"Welcome discount on 2nd purchase, onboarding email journey, product tips."
14081,2010-12-05 15:47:00,2011-02-10 16:17:00,2,592,921.62,126,2.0,3.0,50.0,302,369,460.81,67.0,1,-0.2941,0.1943,98.0,2.37,4.56,Hibernating / Inactive,"Automated reactivation campaign, steep 20% discount offer, clearance alerts."
14082,2010-12-10 11:02:00,2010-12-10 11:02:00,1,110,182.25,28,0.0,0.0,0.0,365,365,182.25,365.0,1,-0.4499,0.0583,61.3,9.17,17.63,Hibernating / Inactive,"Automated reactivation campaign, steep 20% discount offer, clearance alerts."
14083,2010-12-03 12:24:00,2011-12-05 13:14:00,9,705,1002.9,162,0.0,0.0,0.0,4,372,111.43,46.0,0,0.5397,-0.0309,10.2,114.87,220.91,Loyal Customers,"Cross-sell premium categories, early bird access, referral incentives."
14085,2010-12-06 12:39:00,2011-12-07 13:46:00,18,3177,4421.29,272,1.0,1.0,5.26,2,369,245.63,21.6,0,0.7827,0.1131,9.8,512.83,986.2,Champions (VIP),"Exclusive VIP preview, concierge service, high-tier loyalty gifts."
14087,2011-12-07 12:41:00,2011-12-07 12:41:00,1,250,191.47,61,1.0,1.0,50.0,3,3,191.47,3.0,2,0.2194,-0.486,11.2,88.41,170.03,Promising New,"Welcome discount on 2nd purchase, onboarding email journey, product tips."
14088,2011-01-21 13:07:00,2011-11-29 16:16:00,13,12665,50491.81,379,1.0,72.0,7.14,10,322,3883.99,26.0,0,0.6124,0.3059,14.7,6346.74,12205.27,Champions (VIP),"Exclusive VIP preview, concierge service, high-tier loyalty gifts."
14089,2011-10-14 10:38:00,2011-10-14 10:38:00,1,133,158.75,13,0.0,0.0,0.0,57,57,158.75,57.0,2,-0.1819,-0.1704,33.9,54.57,104.93,Low Value Occasional,Target with low-barrier impulse buys and seasonal holiday campaigns.
14090,2011-01-19 10:51:00,2011-01-19 10:51:00,1,72,76.32,1,0.0,0.0,0.0,325,325,76.32,325.0,1,-0.4606,0.0076,61.3,4.31,8.29,Hibernating / Inactive,"Automated reactivation campaign, steep 20% discount offer, clearance alerts."
14092,2010-12-16 15:47:00,2011-12-02 12:13:00,14,2066,4076.91,117,3.0,5.0,17.65,8,358,291.21,26.9,0,0.5736,0.1899,13.2,469.04,901.99,Champions (VIP),"Exclusive VIP preview, concierge service, high-tier loyalty gifts."
14093,2011-11-27 16:27:00,2011-11-27 16:27:00,1,391,433.86,95,0.0,0.0,0.0,12,12,433.86,12.0,2,0.0715,-0.3088,21.6,176.88,340.15,Promising New,"Welcome discount on 2nd purchase, onboarding email journey, product tips."
14098,2011-11-03 10:13:00,2011-11-03 10:13:00,1,104,147.35,21,0.0,0.0,0.0,37,37,147.35,37.0,2,-0.1218,-0.2247,29.5,54.02,103.88,Promising New,"Welcome discount on 2nd purchase, onboarding email journey, product tips."
14099,2010-12-20 11:14:00,2011-11-23 13:53:00,11,2179,3104.17,167,1.0,2.0,8.33,16,355,282.2,33.9,0,0.4292,0.2057,17.1,343.96,661.47,Champions (VIP),"Exclusive VIP preview, concierge service, high-tier loyalty gifts."
14100,2011-07-25 11:01:00,2011-07-25 11:01:00,1,63,191.95,24,0.0,0.0,0.0,138,138,191.95,138.0,1,-0.3051,-0.0567,51.9,31.75,61.05,Low Value Occasional,Target with low-barrier impulse buys and seasonal holiday campaigns.
14101,2011-01-17 13:09:00,2011-09-27 12:28:00,6,6942,5976.79,15,0.0,0.0,0.0,74,326,996.13,50.4,3,0.1305,0.2932,45.9,470.63,905.07,Potential Loyalists,"Offer bundle discounts, volume incentives, brand engagement newsletters."
14102,2011-10-26 12:46:00,2011-12-04 15:38:00,5,769,1105.88,35,3.0,23.0,37.5,5,45,221.18,10.0,0,0.4207,-0.1183,13.3,498.58,958.82,Loyal Customers,"Cross-sell premium categories, early bird access, referral incentives."
14104,2011-06-27 12:49:00,2011-07-08 12:50:00,2,72,216.21,21,0.0,0.0,0.0,154,166,108.1,12.0,1,-0.2418,0.0517,94.2,3.58,6.89,Hibernating / Inactive,"Automated reactivation campaign, steep 20% discount offer, clearance alerts."
14105,2011-04-14 17:58:00,2011-04-14 17:58:00,1,800,1266.23,74,1.0,2.0,50.0,239,239,1266.23,239.0,1,-0.325,0.0894,61.3,97.29,187.09,At-Risk High Spenders,"High-priority win-back promotion, dedicated account check-in, special survey."
14107,2010-12-10 13:29:00,2011-10-19 12:12:00,7,1793,2703.23,61,1.0,5.0,12.5,52,364,386.18,52.0,3,0.1811,0.2472,32.8,236.81,455.4,Loyal Customers,"Cross-sell premium categories, early bird access, referral incentives."
14108,2011-08-30 11:32:00,2011-11-09 10:41:00,2,381,597.91,33,1.0,1.0,33.33,31,102,298.96,71.0,2,0.0242,-0.096,20.0,222.52,427.92,Promising New,"Welcome discount on 2nd purchase, onboarding email journey, product tips."
14109,2011-09-28 10:18:00,2011-09-28 10:18:00,1,88,144.2,9,1.0,32.0,50.0,73,73,144.2,73.0,1,-0.2211,-0.145,37.5,46.86,90.12,Low Value Occasional,Target with low-barrier impulse buys and seasonal holiday campaigns.
14110,2011-03-18 09:59:00,2011-12-06 12:26:00,12,2445,5683.15,94,1.0,2.0,7.69,4,267,473.6,23.9,0,0.6446,0.1011,11.0,898.89,1728.64,Champions (VIP),"Exclusive VIP preview, concierge service, high-tier loyalty gifts."
14111,2011-04-12 11:36:00,2011-11-25 13:44:00,4,458,692.85,10,1.0,1.0,20.0,14,242,173.21,76.0,0,0.2362,-0.0678,13.4,117.64,226.24,Potential Loyalists,"Offer bundle discounts, volume incentives, brand engagement newsletters."
14112,2011-03-09 11:28:00,2011-11-17 12:30:00,7,1651,2915.15,117,5.0,43.0,41.67,23,276,416.45,42.2,3,0.3007,0.1546,19.6,402.94,774.89,Champions (VIP),"Exclusive VIP preview, concierge service, high-tier loyalty gifts."
14113,2010-12-20 12:14:00,2011-12-06 12:18:00,4,745,1840.42,26,4.0,110.0,50.0,4,355,460.1,117.0,0,0.4301,-0.1593,9.7,222.13,427.17,Champions (VIP),"Exclusive VIP preview, concierge service, high-tier loyalty gifts."
14114,2011-01-13 11:05:00,2011-03-11 09:42:00,2,101,386.53,15,0.0,0.0,0.0,274,331,193.26,57.0,1,-0.3079,0.1457,98.0,1.11,2.13,Hibernating / Inactive,"Automated reactivation campaign, steep 20% discount offer, clearance alerts."
14116,2011-08-10 12:44:00,2011-11-20 10:29:00,5,707,1382.74,61,0.0,0.0,0.0,20,122,276.55,25.5,3,0.2427,0.0428,22.3,417.87,803.6,Loyal Customers,"Cross-sell premium categories, early bird access, referral incentives."
14117,2011-07-19 09:49:00,2011-07-19 09:49:00,1,72,90.0,3,0.0,0.0,0.0,144,144,90.0,144.0,1,-0.3356,-0.0835,53.3,13.85,26.63,Low Value Occasional,Target with low-barrier impulse buys and seasonal holiday campaigns.
14121,2011-10-11 10:39:00,2011-12-06 12:19:00,4,2082,2780.15,148,2.0,4.0,33.33,4,60,695.04,18.7,0,0.4435,-0.1417,11.5,1279.43,2460.44,Champions (VIP),"Exclusive VIP preview, concierge service, high-tier loyalty gifts."
14124,2011-09-16 13:32:00,2011-09-16 13:32:00,1,1618,419.58,4,0.0,0.0,0.0,84,84,419.58,84.0,1,-0.2072,-0.083,39.9,131.13,252.17,Potential Loyalists,"Offer bundle discounts, volume incentives, brand engagement newsletters."
14125,2011-09-22 15:40:00,2011-11-29 12:47:00,3,1628,2720.63,159,0.0,0.0,0.0,11,78,906.88,33.5,0,0.2718,-0.0864,14.3,1212.43,2331.59,Champions (VIP),"Exclusive VIP preview, concierge service, high-tier loyalty gifts."
14126,2011-11-29 12:21:00,2011-12-02 11:45:00,3,508,706.13,14,1.0,50.0,25.0,8,11,235.38,1.5,2,0.2707,-0.1785,16.6,306.24,588.92,Loyal Customers,"Cross-sell premium categories, early bird access, referral incentives."
14127,2011-02-02 12:26:00,2011-08-09 10:49:00,3,321,709.71,39,0.0,0.0,0.0,123,311,236.57,94.0,3,-0.1169,0.1391,53.9,49.92,96.0,Potential Loyalists,"Offer bundle discounts, volume incentives, brand engagement newsletters."
14128,2011-03-29 10:49:00,2011-10-10 12:00:00,2,564,637.5,40,0.0,0.0,0.0,61,256,318.75,195.0,2,-0.0715,-0.0133,25.2,88.38,169.97,Potential Loyalists,"Offer bundle discounts, volume incentives, brand engagement newsletters."
14129,2011-03-24 08:44:00,2011-12-08 11:02:00,5,592,1123.86,31,0.0,0.0,0.0,2,261,224.77,64.8,0,0.5237,-0.2015,9.2,185.52,356.77,Loyal Customers,"Cross-sell premium categories, early bird access, referral incentives."
14130,2011-01-24 16:05:00,2011-01-24 16:05:00,1,257,480.91,66,0.0,0.0,0.0,319,319,480.91,319.0,1,-0.3987,0.0831,61.3,27.68,53.24,Hibernating / Inactive,"Automated reactivation campaign, steep 20% discount offer, clearance alerts."
14132,2011-06-09 12:04:00,2011-12-07 13:35:00,11,3368,3586.03,100,1.0,2.0,8.33,2,184,326.0,18.2,0,0.6903,0.002,10.0,832.28,1600.54,Champions (VIP),"Exclusive VIP preview, concierge service, high-tier loyalty gifts."
14133,2011-01-28 11:27:00,2011-08-02 11:34:00,3,348,605.64,25,2.0,6.0,40.0,130,316,201.88,93.0,1,-0.1301,0.139,57.1,39.01,75.03,Potential Loyalists,"Offer bundle discounts, volume incentives, brand engagement newsletters."
14135,2010-12-02 10:27:00,2011-12-08 11:38:00,15,3850,4690.31,95,0.0,0.0,0.0,2,373,312.69,26.5,0,0.7526,0.0774,9.6,539.39,1037.28,Champions (VIP),"Exclusive VIP preview, concierge service, high-tier loyalty gifts."
14138,2011-10-07 09:38:00,2011-12-08 12:44:00,2,600,965.88,40,0.0,0.0,0.0,2,64,482.94,62.0,0,0.3897,-0.362,9.2,456.05,877.02,Loyal Customers,"Cross-sell premium categories, early bird access, referral incentives."
14139,2011-10-24 13:34:00,2011-10-24 13:34:00,1,510,415.82,26,0.0,0.0,0.0,46,46,415.82,46.0,2,-0.1199,-0.1551,31.5,148.12,284.84,Potential Loyalists,"Offer bundle discounts, volume incentives, brand engagement newsletters."
14140,2011-11-08 11:20:00,2011-12-06 09:05:00,2,811,935.05,60,1.0,2.0,33.33,4,32,467.52,28.0,2,0.3131,-0.3016,10.7,434.2,834.99,Loyal Customers,"Cross-sell premium categories, early bird access, referral incentives."
14141,2011-08-26 14:40:00,2011-12-07 09:53:00,4,355,915.13,27,2.0,18.0,33.33,3,105,228.78,34.0,0,0.4406,-0.2159,10.0,372.19,715.75,Loyal Customers,"Cross-sell premium categories, early bird access, referral incentives."
14142,2010-12-01 16:33:00,2010-12-01 16:33:00,1,313,311.81,22,0.0,0.0,0.0,373,373,311.81,373.0,1,-0.4358,0.0836,61.3,15.35,29.52,Hibernating / Inactive,"Automated reactivation campaign, steep 20% discount offer, clearance alerts."
14143,2011-07-29 09:48:00,2011-07-29 09:48:00,1,30,115.8,7,0.0,0.0,0.0,134,134,115.8,134.0,1,-0.317,-0.0815,51.0,20.09,38.64,Low Value Occasional,Target with low-barrier impulse buys and seasonal holiday campaigns.
14145,2011-05-06 13:01:00,2011-10-24 12:10:00,4,756,3742.2,6,1.0,120.0,20.0,47,217,935.55,56.7,3,0.1187,0.1445,29.0,580.98,1117.27,Loyal Customers,"Cross-sell premium categories, early bird access, referral incentives."
14146,2010-12-17 15:52:00,2011-12-01 10:18:00,5,2437,4191.0,183,1.0,551.0,16.67,9,357,838.2,87.0,0,0.3882,0.0001,11.5,492.98,948.04,Champions (VIP),"Exclusive VIP preview, concierge service, high-tier loyalty gifts."
14147,2011-02-27 11:42:00,2011-09-22 18:10:00,2,108,483.4,4,1.0,12.0,33.33,78,286,241.7,208.0,1,-0.1162,0.0043,29.7,56.38,108.42,Potential Loyalists,"Offer bundle discounts, volume incentives, brand engagement newsletters."
14148,2011-04-20 12:02:00,2011-04-20 12:02:00,1,16,157.2,3,0.0,0.0,0.0,234,234,157.2,234.0,1,-0.3891,-0.0016,61.3,12.34,23.72,Hibernating / Inactive,"Automated reactivation campaign, steep 20% discount offer, clearance alerts."
14149,2011-05-03 09:44:00,2011-05-03 09:44:00,1,218,446.62,28,2.0,89.0,66.67,221,221,446.62,221.0,1,-0.3471,0.0358,61.3,37.11,71.37,Hibernating / Inactive,"Automated reactivation campaign, steep 20% discount offer, clearance alerts."
14150,2010-12-15 10:04:00,2011-11-04 10:05:00,2,496,658.64,23,0.0,0.0,0.0,36,360,329.32,324.0,2,0.0059,-0.0744,17.5,71.62,137.73,Promising New,"Welcome discount on 2nd purchase, onboarding email journey, product tips."
14152,2011-04-19 15:46:00,2011-09-25 12:54:00,2,711,621.29,47,1.0,12.0,33.33,75,234,310.64,159.0,1,-0.1024,0.0102,30.2,87.94,169.11,Potential Loyalists,"Offer bundle discounts, volume incentives, brand engagement newsletters."
14154,2011-04-14 15:58:00,2011-04-14 16:26:00,2,465,1345.62,52,0.0,0.0,0.0,239,239,672.81,0.0,1,-0.2475,0.1822,98.0,5.34,10.28,At-Risk High Spenders,"High-priority win-back promotion, dedicated account check-in, special survey."
14155,2011-03-18 14:13:00,2011-03-18 14:13:00,1,25,118.75,6,0.0,0.0,0.0,266,266,118.75,266.0,1,-0.417,0.002,61.3,8.2,15.77,Hibernating / Inactive,"Automated reactivation campaign, steep 20% discount offer, clearance alerts."
14157,2011-02-27 13:04:00,2011-11-20 11:32:00,2,271,424.89,45,1.0,11.0,33.33,20,285,212.45,265.0,2,0.0755,-0.1615,13.6,61.12,117.54,Promising New,"Welcome discount on 2nd purchase, onboarding email journey, product tips."
14158,2011-10-30 15:08:00,2011-10-30 15:08:00,1,781,507.66,41,0.0,0.0,0.0,40,40,507.66,40.0,2,-0.0932,-0.1631,30.1,184.52,354.85,Promising New,"Welcome discount on 2nd purchase, onboarding email journey, product tips."
14159,2010-12-12 11:17:00,2011-11-20 12:36:00,11,4348,4630.35,501,3.0,13.0,21.43,20,363,420.94,34.3,0,0.4109,0.2482,19.4,487.84,938.15,Champions (VIP),"Exclusive VIP preview, concierge service, high-tier loyalty gifts."
14161,2010-12-05 13:18:00,2011-05-08 11:41:00,3,450,1097.62,87,0.0,0.0,0.0,216,369,365.87,76.5,1,-0.1856,0.2253,89.8,14.4,27.69,At-Risk High Spenders,"High-priority win-back promotion, dedicated account check-in, special survey."
14162,2011-02-20 12:32:00,2011-06-19 11:36:00,2,142,289.36,25,0.0,0.0,0.0,174,293,144.68,119.0,1,-0.2504,0.0787,68.0,15.0,28.84,Hibernating / Inactive,"Automated reactivation campaign, steep 20% discount offer, clearance alerts."
14163,2011-04-14 17:33:00,2011-09-13 15:18:00,4,893,2445.91,36,0.0,0.0,0.0,87,239,611.48,50.7,3,0.0153,0.1998,53.2,227.26,437.04,Potential Loyalists,"Offer bundle discounts, volume incentives, brand engagement newsletters."
14164,2011-09-20 12:18:00,2011-09-30 12:24:00,2,1033,1631.77,28,0.0,0.0,0.0,71,81,815.88,10.0,3,-0.0632,0.0447,75.0,212.13,407.94,Potential Loyalists,"Offer bundle discounts, volume incentives, brand engagement newsletters."
14165,2011-03-09 12:39:00,2011-03-09 12:39:00,1,53,120.44,23,0.0,0.0,0.0,276,276,120.44,276.0,1,-0.422,0.0071,61.3,8.01,15.41,Hibernating / Inactive,"Automated reactivation campaign, steep 20% discount offer, clearance alerts."
14167,2011-01-12 15:44:00,2011-10-31 14:29:00,4,147,562.59,27,0.0,0.0,0.0,39,331,140.65,97.3,3,0.0844,0.042,21.3,63.47,122.06,Potential Loyalists,"Offer bundle discounts, volume incentives, brand engagement newsletters."
14171,2011-09-02 16:43:00,2011-09-02 16:43:00,1,167,363.79,57,0.0,0.0,0.0,98,98,363.79,98.0,1,-0.2343,-0.0706,43.0,100.4,193.08,Low Value Occasional,Target with low-barrier impulse buys and seasonal holiday campaigns.
14173,2011-05-04 14:03:00,2011-11-29 11:54:00,4,150,450.84,28,0.0,0.0,0.0,11,219,112.71,69.3,0,0.2553,-0.1131,12.4,85.57,164.56,Potential Loyalists,"Offer bundle discounts, volume incentives, brand engagement newsletters."
14174,2011-11-06 13:17:00,2011-11-06 13:17:00,1,94,134.46,26,0.0,0.0,0.0,33,33,134.46,33.0,2,-0.1083,-0.242,28.6,49.92,96.0,Promising New,"Welcome discount on 2nd purchase, onboarding email journey, product tips."
14175,2011-01-14 12:22:00,2011-10-11 11:55:00,3,1515,3222.3,139,4.0,54.0,57.14,60,330,1074.1,135.0,3,0.0369,0.1175,26.5,340.55,654.9,Loyal Customers,"Cross-sell premium categories, early bird access, referral incentives."
14176,2010-12-07 11:45:00,2011-02-15 13:12:00,4,209,576.9,28,1.0,2.0,20.0,297,368,144.23,23.7,1,-0.2116,0.286,98.0,1.49,2.86,Hibernating / Inactive,"Automated reactivation campaign, steep 20% discount offer, clearance alerts."
14177,2011-06-13 11:10:00,2011-09-14 15:11:00,4,204,549.46,37,1.0,1.0,20.0,86,180,137.36,31.3,3,-0.0312,0.135,68.1,46.2,88.85,Potential Loyalists,"Offer bundle discounts, volume incentives, brand engagement newsletters."
14178,2011-06-10 12:51:00,2011-12-01 12:01:00,7,1494,1600.26,191,0.0,0.0,0.0,9,182,228.61,28.8,0,0.4107,0.0232,13.6,360.47,693.22,Champions (VIP),"Exclusive VIP preview, concierge service, high-tier loyalty gifts."
14179,2011-10-18 14:00:00,2011-10-30 12:07:00,2,319,701.57,135,0.0,0.0,0.0,41,52,350.78,11.0,2,-0.0108,-0.0563,60.0,145.92,280.62,Loyal Customers,"Cross-sell premium categories, early bird access, referral incentives."
14180,2010-12-02 13:08:00,2011-11-29 10:56:00,25,719,4748.52,112,6.0,9.0,19.35,11,372,189.94,15.0,0,0.6385,0.3535,19.5,487.58,937.65,Champions (VIP),"Exclusive VIP preview, concierge service, high-tier loyalty gifts."
14184,2011-10-04 12:43:00,2011-10-04 12:43:00,1,127,452.89,24,0.0,0.0,0.0,67,67,452.89,67.0,2,-0.1717,-0.1068,36.1,150.49,289.4,Potential Loyalists,"Offer bundle discounts, volume incentives, brand engagement newsletters."
14185,2011-01-12 13:52:00,2011-01-12 13:52:00,1,6,197.65,3,0.0,0.0,0.0,331,331,197.65,331.0,1,-0.4328,0.0499,61.3,10.97,21.09,Hibernating / Inactive,"Automated reactivation campaign, steep 20% discount offer, clearance alerts."
14188,2011-02-02 13:46:00,2011-11-09 12:45:00,6,1162,2054.36,34,4.0,17.0,40.0,31,310,342.39,55.8,3,0.2219,0.1448,21.5,246.84,474.69,Loyal Customers,"Cross-sell premium categories, early bird access, referral incentives."
14189,2010-12-06 11:42:00,2011-12-07 15:55:00,15,3937,4654.08,176,9.0,18.0,37.5,2,369,310.27,26.2,0,0.7523,0.077,9.6,541.02,1040.41,Champions (VIP),"Exclusive VIP preview, concierge service, high-tier loyalty gifts."
14191,2011-05-03 10:30:00,2011-12-08 09:23:00,13,3662,4684.76,145,1.0,5.0,7.14,2,221,360.37,18.2,0,0.7277,0.0476,10.0,905.27,1740.91,Champions (VIP),"Exclusive VIP preview, concierge service, high-tier loyalty gifts."
14193,2011-03-15 11:38:00,2011-10-03 09:34:00,2,445,853.39,35,0.0,0.0,0.0,68,270,426.7,202.0,2,-0.0779,0.012,27.0,109.48,210.54,Potential Loyalists,"Offer bundle discounts, volume incentives, brand engagement newsletters."
14195,2011-04-01 16:50:00,2011-05-22 10:29:00,2,760,1012.0,7,1.0,58.0,33.33,202,252,506.0,50.0,1,-0.2319,0.1498,97.3,5.14,9.89,At-Risk High Spenders,"High-priority win-back promotion, dedicated account check-in, special survey."
14196,2011-08-25 10:25:00,2011-08-25 10:25:00,1,142,335.52,6,0.0,0.0,0.0,107,107,335.52,107.0,1,-0.2498,-0.0635,45.0,81.83,157.37,Low Value Occasional,Target with low-barrier impulse buys and seasonal holiday campaigns.
14198,2011-04-14 14:54:00,2011-11-21 16:35:00,4,290,701.4,35,3.0,10.0,42.86,18,239,175.35,73.7,3,0.2016,-0.0387,14.9,118.5,227.89,Loyal Customers,"Cross-sell premium categories, early bird access, referral incentives."
14199,2011-05-05 13:44:00,2011-05-05 13:44:00,1,28,185.4,2,0.0,0.0,0.0,218,218,185.4,218.0,1,-0.3734,-0.0031,61.3,15.62,30.03,Hibernating / Inactive,"Automated reactivation campaign, steep 20% discount offer, clearance alerts."
14201,2010-12-15 13:25:00,2011-10-10 13:27:00,7,590,747.44,32,2.0,12.0,22.22,60,359,106.78,49.8,3,0.1188,0.2096,38.1,61.15,117.6,Loyal Customers,"Cross-sell premium categories, early bird access, referral incentives."
14204,2011-12-07 13:38:00,2011-12-07 13:38:00,1,72,150.61,36,0.0,0.0,0.0,2,2,150.61,2.0,2,0.2542,-0.531,10.3,70.25,135.1,Promising New,"Welcome discount on 2nd purchase, onboarding email journey, product tips."
14205,2011-03-20 15:07:00,2011-11-23 10:55:00,2,204,466.7,23,2.0,105.0,50.0,17,264,233.35,247.0,2,0.1013,-0.1761,12.9,73.06,140.5,Promising New,"Welcome discount on 2nd purchase, onboarding email journey, product tips."
14206,2011-04-14 16:38:00,2011-04-14 16:38:00,1,276,328.16,20,1.0,2.0,50.0,239,239,328.16,239.0,1,-0.3685,0.0321,61.3,25.21,48.49,Hibernating / Inactive,"Automated reactivation campaign, steep 20% discount offer, clearance alerts."
14208,2011-09-06 12:48:00,2011-09-06 12:48:00,1,114,151.74,10,0.0,0.0,0.0,95,95,151.74,95.0,1,-0.2579,-0.1114,42.4,43.66,83.95,Low Value Occasional,Target with low-barrier impulse buys and seasonal holiday campaigns.
14209,2011-01-11 12:56:00,2011-11-29 10:18:00,6,691,2073.43,55,1.0,3.0,14.29,11,332,345.57,64.2,0,0.3672,0.0265,12.6,259.0,498.07,Champions (VIP),"Exclusive VIP preview, concierge service, high-tier loyalty gifts."
14210,2010-12-03 12:43:00,2011-08-26 12:36:00,6,760,1905.84,66,1.0,1.0,14.29,106,372,317.64,53.2,3,0.0411,0.2876,62.2,91.89,176.71,Potential Loyalists,"Offer bundle discounts, volume incentives, brand engagement newsletters."
14211,2011-02-17 15:50:00,2011-10-17 13:23:00,9,1242,2241.1,87,4.0,10.0,30.77,53,295,249.01,30.2,3,0.2138,0.2911,46.3,193.57,372.26,Loyal Customers,"Cross-sell premium categories, early bird access, referral incentives."
14212,2011-09-11 12:45:00,2011-09-11 12:45:00,1,1152,1070.48,9,0.0,0.0,0.0,90,90,1070.48,90.0,1,-0.187,-0.035,41.3,326.75,628.37,Potential Loyalists,"Offer bundle discounts, volume incentives, brand engagement newsletters."
14214,2011-03-07 12:26:00,2011-11-09 10:31:00,5,751,1004.38,64,2.0,3.0,28.57,31,278,200.88,61.8,3,0.1701,0.0801,20.8,135.78,261.11,Loyal Customers,"Cross-sell premium categories, early bird access, referral incentives."
14215,2010-12-06 15:34:00,2011-11-28 12:19:00,6,1358,1789.72,98,1.0,4.0,14.29,12,368,298.29,71.2,0,0.3507,0.03,12.8,201.23,386.98,Champions (VIP),"Exclusive VIP preview, concierge service, high-tier loyalty gifts."
14216,2011-11-02 10:51:00,2011-12-06 14:56:00,4,594,1839.3,47,0.0,0.0,0.0,3,38,459.82,11.7,0,0.4631,-0.1863,11.2,849.31,1633.28,Champions (VIP),"Exclusive VIP preview, concierge service, high-tier loyalty gifts."
14217,2010-12-08 13:28:00,2011-12-08 11:53:00,17,689,2004.98,78,7.0,12.0,29.17,2,366,117.94,22.8,0,0.7471,0.0674,9.8,234.46,450.89,Champions (VIP),"Exclusive VIP preview, concierge service, high-tier loyalty gifts."
14218,2011-10-28 10:00:00,2011-10-28 10:00:00,1,160,169.48,12,0.0,0.0,0.0,43,43,169.48,43.0,2,-0.139,-0.2011,30.8,60.99,117.28,Promising New,"Welcome discount on 2nd purchase, onboarding email journey, product tips."
14219,2011-12-05 16:23:00,2011-12-05 16:23:00,1,78,89.94,7,0.0,0.0,0.0,4,4,89.94,4.0,2,0.1622,-0.4909,12.2,41.06,78.97,Promising New,"Welcome discount on 2nd purchase, onboarding email journey, product tips."
14220,2010-12-16 18:18:00,2011-04-06 13:23:00,2,272,632.4,21,0.0,0.0,0.0,247,358,316.2,111.0,1,-0.2767,0.1541,82.3,14.84,28.53,Hibernating / Inactive,"Automated reactivation campaign, steep 20% discount offer, clearance alerts."
14221,2011-01-04 15:33:00,2011-10-28 13:42:00,9,2191,3432.8,123,1.0,1.0,10.0,42,339,381.42,37.1,3,0.2613,0.2817,32.8,322.89,620.94,Loyal Customers,"Cross-sell premium categories, early bird access, referral incentives."
14222,2011-06-15 16:42:00,2011-06-15 16:42:00,1,607,683.17,41,0.0,0.0,0.0,177,177,683.17,177.0,1,-0.3007,0.0271,60.6,72.16,138.77,Hibernating / Inactive,"Automated reactivation campaign, steep 20% discount offer, clearance alerts."
14223,2011-03-20 16:02:00,2011-09-08 13:38:00,3,585,991.13,50,1.0,2.0,25.0,92,264,330.38,86.0,3,-0.0636,0.1185,42.9,101.72,195.61,Potential Loyalists,"Offer bundle discounts, volume incentives, brand engagement newsletters."
14224,2011-01-23 13:58:00,2011-08-21 13:24:00,4,483,1009.73,105,0.0,0.0,0.0,110,320,252.43,70.0,3,-0.0476,0.1903,55.7,66.33,127.55,Potential Loyalists,"Offer bundle discounts, volume incentives, brand engagement newsletters."
14226,2011-03-15 15:36:00,2011-11-11 11:34:00,5,1296,2214.79,64,2.0,7.0,28.57,29,269,442.96,60.0,3,0.2052,0.1059,20.1,312.15,600.29,Champions (VIP),"Exclusive VIP preview, concierge service, high-tier loyalty gifts."
14227,2011-02-28 12:27:00,2011-11-13 15:48:00,10,1820,3350.96,117,5.0,9.0,33.33,26,285,335.1,28.8,0,0.3471,0.2456,25.5,415.64,799.32,Champions (VIP),"Exclusive VIP preview, concierge service, high-tier loyalty gifts."
14229,2011-01-10 12:03:00,2011-10-19 10:04:00,3,610,1547.2,29,2.0,20.0,40.0,52,334,515.73,141.0,3,0.0339,0.0694,23.8,167.49,322.1,Loyal Customers,"Cross-sell premium categories, early bird access, referral incentives."
14231,2011-02-24 11:55:00,2011-06-09 11:05:00,3,409,925.71,47,2.0,7.0,40.0,184,289,308.57,52.5,1,-0.1675,0.1988,95.0,7.6,14.61,Hibernating / Inactive,"Automated reactivation campaign, steep 20% discount offer, clearance alerts."
14232,2011-03-20 12:44:00,2011-10-28 11:09:00,5,1941,2048.07,81,3.0,4.0,37.5,43,265,409.61,55.5,3,0.146,0.1489,27.3,266.6,512.7,Loyal Customers,"Cross-sell premium categories, early bird access, referral incentives."
14233,2011-01-26 12:43:00,2011-10-21 15:54:00,4,680,1462.72,30,1.0,9.0,20.0,49,318,365.68,89.7,3,0.0823,0.1095,25.4,162.82,313.12,Loyal Customers,"Cross-sell premium categories, early bird access, referral incentives."
14234,2011-10-13 13:58:00,2011-11-17 17:53:00,4,951,754.12,122,0.0,0.0,0.0,22,57,188.53,11.7,3,0.1757,-0.0125,36.2,250.19,481.13,Loyal Customers,"Cross-sell premium categories, early bird access, referral incentives."
14235,2011-03-24 13:23:00,2011-09-25 14:37:00,5,1959,3144.86,65,1.0,12.0,16.67,75,260,628.97,46.2,3,0.0791,0.2333,48.9,293.28,564.0,Potential Loyalists,"Offer bundle discounts, volume incentives, brand engagement newsletters."
14236,2010-12-02 18:49:00,2011-09-20 09:13:00,2,310,490.86,15,0.0,0.0,0.0,81,372,245.43,291.0,1,-0.1212,0.0094,29.3,44.27,85.13,Potential Loyalists,"Offer bundle discounts, volume incentives, brand engagement newsletters."
14237,2010-12-01 13:20:00,2010-12-01 13:20:00,1,38,161.0,9,0.0,0.0,0.0,373,373,161.0,373.0,1,-0.457,0.0556,61.3,7.93,15.24,Hibernating / Inactive,"Automated reactivation campaign, steep 20% discount offer, clearance alerts."
14238,2011-01-17 14:40:00,2011-01-17 14:40:00,1,111,146.85,8,0.0,0.0,0.0,326,326,146.85,326.0,1,-0.4401,0.0355,61.3,8.27,15.91,Hibernating / Inactive,"Automated reactivation campaign, steep 20% discount offer, clearance alerts."
14239,2011-01-27 14:45:00,2011-10-27 14:40:00,11,993,2380.85,83,2.0,7.0,15.38,43,316,216.44,27.3,3,0.28,0.3095,40.9,211.28,406.32,Loyal Customers,"Cross-sell premium categories, early bird access, referral incentives."
14240,2011-04-28 11:40:00,2011-11-09 13:45:00,2,418,890.34,37,0.0,0.0,0.0,30,226,445.17,196.0,2,0.0418,-0.083,16.6,155.9,299.81,Loyal Customers,"Cross-sell premium categories, early bird access, referral incentives."
14241,2011-06-09 11:46:00,2011-06-09 11:46:00,1,146,213.7,10,0.0,0.0,0.0,184,184,213.7,184.0,1,-0.3439,-0.0175,61.3,21.33,41.01,Hibernating / Inactive,"Automated reactivation campaign, steep 20% discount offer, clearance alerts."
14242,2011-01-18 08:53:00,2011-04-19 11:46:00,2,123,280.55,13,0.0,0.0,0.0,235,326,140.28,91.0,1,-0.2956,0.1136,87.1,5.27,10.13,Hibernating / Inactive,"Automated reactivation campaign, steep 20% discount offer, clearance alerts."
14243,2010-12-09 08:34:00,2011-12-01 11:12:00,10,1221,2588.77,99,4.0,17.0,28.57,9,366,258.88,39.7,0,0.4856,0.1144,12.7,293.0,563.46,Champions (VIP),"Exclusive VIP preview, concierge service, high-tier loyalty gifts."
14245,2011-03-21 10:41:00,2011-05-04 08:40:00,2,976,1693.45,107,3.0,5.0,60.0,220,264,846.72,44.0,1,-0.2278,0.182,98.0,6.09,11.71,At-Risk High Spenders,"High-priority win-back promotion, dedicated account check-in, special survey."
14246,2011-04-08 08:25:00,2011-08-21 11:50:00,3,804,1474.06,57,0.0,0.0,0.0,111,246,491.35,67.5,3,-0.0782,0.1578,57.3,121.41,233.47,Potential Loyalists,"Offer bundle discounts, volume incentives, brand engagement newsletters."
14247,2011-03-06 15:21:00,2011-03-06 15:21:00,1,47,136.77,19,0.0,0.0,0.0,278,278,136.77,278.0,1,-0.419,0.0133,61.3,9.03,17.37,Hibernating / Inactive,"Automated reactivation campaign, steep 20% discount offer, clearance alerts."
14248,2011-01-25 14:45:00,2011-01-25 14:45:00,1,102,302.58,8,0.0,0.0,0.0,318,318,302.58,318.0,1,-0.4132,0.0631,61.3,17.47,33.6,Hibernating / Inactive,"Automated reactivation campaign, steep 20% discount offer, clearance alerts."
14250,2011-09-11 13:44:00,2011-12-02 14:30:00,3,1200,1904.05,94,0.0,0.0,0.0,7,89,634.68,41.0,0,0.3202,-0.1506,11.7,874.26,1681.27,Champions (VIP),"Exclusive VIP preview, concierge service, high-tier loyalty gifts."
14251,2011-10-13 12:46:00,2011-12-08 08:32:00,5,1674,2879.7,37,0.0,0.0,0.0,2,58,575.94,14.0,0,0.5541,-0.1615,10.3,1343.21,2583.09,Champions (VIP),"Exclusive VIP preview, concierge service, high-tier loyalty gifts."
14256,2010-12-10 11:44:00,2011-03-24 13:17:00,2,414,969.06,51,1.0,4.0,33.33,260,365,484.53,105.0,1,-0.2705,0.1784,85.8,17.89,34.4,Hibernating / Inactive,"Automated reactivation campaign, steep 20% discount offer, clearance alerts."
14257,2011-01-25 10:49:00,2011-10-06 16:54:00,5,1682,3099.72,88,1.0,5.0,16.67,64,319,619.94,63.8,3,0.1018,0.2137,35.5,297.39,571.9,Potential Loyalists,"Offer bundle discounts, volume incentives, brand engagement newsletters."
14258,2011-01-06 12:18:00,2011-11-30 15:27:00,9,7100,12669.98,58,1.0,2.0,10.0,9,338,1407.78,41.1,0,0.5192,0.1607,12.6,1554.56,2989.54,Champions (VIP),"Exclusive VIP preview, concierge service, high-tier loyalty gifts."
14259,2011-07-21 10:44:00,2011-07-21 10:44:00,1,68,120.0,5,0.0,0.0,0.0,142,142,120.0,142.0,1,-0.3243,-0.0731,52.8,18.93,36.4,Low Value Occasional,Target with low-barrier impulse buys and seasonal holiday campaigns.
14261,2011-09-22 10:47:00,2011-10-20 10:04:00,2,406,1163.45,52,0.0,0.0,0.0,51,79,581.72,28.0,2,-0.026,-0.009,47.0,320.64,616.62,Loyal Customers,"Cross-sell premium categories, early bird access, referral incentives."
14262,2011-04-13 12:23:00,2011-12-01 14:17:00,8,1645,2618.23,87,0.0,0.0,0.0,8,241,327.28,33.3,0,0.4641,0.0575,12.6,450.55,866.44,Champions (VIP),"Exclusive VIP preview, concierge service, high-tier loyalty gifts."
14264,2011-04-08 12:20:00,2011-07-08 10:20:00,2,70,333.97,15,1.0,4.0,33.33,155,246,166.98,91.0,1,-0.2288,0.0709,68.1,20.55,39.52,Hibernating / Inactive,"Automated reactivation campaign, steep 20% discount offer, clearance alerts."
14267,2011-03-24 11:38:00,2011-06-30 10:09:00,3,530,1516.24,25,4.0,69.0,57.14,163,261,505.41,49.0,3,-0.1337,0.2051,90.2,27.01,51.95,At-Risk High Spenders,"High-priority win-back promotion, dedicated account check-in, special survey."
14270,2011-01-12 09:33:00,2011-01-12 09:33:00,1,197,492.65,29,0.0,0.0,0.0,332,332,492.65,332.0,1,-0.4039,0.089,61.3,27.25,52.4,Hibernating / Inactive,"Automated reactivation campaign, steep 20% discount offer, clearance alerts."
14271,2011-04-28 12:47:00,2011-04-28 12:47:00,1,88,112.32,10,0.0,0.0,0.0,226,226,112.32,226.0,1,-0.3948,-0.02,61.3,9.13,17.55,Hibernating / Inactive,"Automated reactivation campaign, steep 20% discount offer, clearance alerts."
14272,2011-03-30 13:57:00,2011-09-27 10:08:00,2,599,437.96,33,0.0,0.0,0.0,74,254,218.98,180.0,1,-0.1117,-0.0062,29.2,57.93,111.4,Potential Loyalists,"Offer bundle discounts, volume incentives, brand engagement newsletters."
14273,2011-04-11 13:24:00,2011-10-19 13:20:00,4,264,559.97,22,0.0,0.0,0.0,51,242,139.99,63.7,3,0.0455,0.0735,29.4,77.51,149.07,Potential Loyalists,"Offer bundle discounts, volume incentives, brand engagement newsletters."
14276,2011-02-23 09:38:00,2011-09-02 09:45:00,3,744,1119.74,52,2.0,21.0,40.0,99,290,373.25,95.5,3,-0.0704,0.1324,43.9,102.78,197.66,Potential Loyalists,"Offer bundle discounts, volume incentives, brand engagement newsletters."
14280,2011-05-27 10:37:00,2011-05-27 10:37:00,1,52,134.04,8,0.0,0.0,0.0,197,197,134.04,197.0,1,-0.3689,-0.029,61.3,12.49,24.03,Hibernating / Inactive,"Automated reactivation campaign, steep 20% discount offer, clearance alerts."
14282,2010-12-07 12:21:00,2011-12-06 17:04:00,15,2656,3701.44,70,0.0,0.0,0.0,3,368,246.76,26.1,0,0.7024,0.1021,10.2,428.58,824.19,Champions (VIP),"Exclusive VIP preview, concierge service, high-tier loyalty gifts."
14284,2011-09-14 13:04:00,2011-11-09 08:11:00,2,161,595.25,24,1.0,4.0,33.33,31,86,297.62,55.0,2,0.0241,-0.0962,21.6,242.67,466.67,Promising New,"Welcome discount on 2nd purchase, onboarding email journey, product tips."
14285,2011-06-16 12:36:00,2011-11-18 14:50:00,4,541,1910.01,18,0.0,0.0,0.0,21,177,477.5,52.0,3,0.2123,0.0216,17.4,422.94,813.34,Champions (VIP),"Exclusive VIP preview, concierge service, high-tier loyalty gifts."
14286,2011-04-11 08:16:00,2011-11-16 10:34:00,3,4338,4628.75,220,2.0,32.0,40.0,24,243,1542.92,109.5,3,0.1804,0.025,16.0,759.23,1460.06,Champions (VIP),"Exclusive VIP preview, concierge service, high-tier loyalty gifts."
14287,2011-05-25 11:41:00,2011-12-01 13:25:00,3,261,176.63,9,1.0,25.0,25.0,8,199,58.88,95.5,2,0.2261,-0.2372,11.0,37.49,72.09,Low Value Occasional,Target with low-barrier impulse buys and seasonal holiday campaigns.
14288,2011-05-10 13:22:00,2011-05-10 13:22:00,1,188,426.6,16,1.0,1.0,50.0,213,213,426.6,213.0,1,-0.3431,0.0294,61.3,36.78,70.73,Hibernating / Inactive,"Automated reactivation campaign, steep 20% discount offer, clearance alerts."
14289,2011-02-23 12:33:00,2011-12-01 11:44:00,6,292,911.26,33,0.0,0.0,0.0,9,290,151.88,56.2,0,0.3676,-0.0304,12.0,131.21,252.33,Loyal Customers,"Cross-sell premium categories, early bird access, referral incentives."
14290,2010-12-13 10:24:00,2011-11-28 14:02:00,5,915,2314.65,89,1.0,2.0,16.67,11,362,462.93,87.8,0,0.3421,-0.0031,12.1,266.69,512.86,Champions (VIP),"Exclusive VIP preview, concierge service, high-tier loyalty gifts."
14291,2011-03-09 15:20:00,2011-12-08 10:26:00,11,2749,3883.25,145,1.0,1.0,8.33,2,275,353.02,27.3,0,0.6929,0.0054,9.6,605.71,1164.82,Champions (VIP),"Exclusive VIP preview, concierge service, high-tier loyalty gifts."
14292,2011-03-02 08:26:00,2011-12-02 11:50:00,9,1663,4871.93,64,5.0,20.0,35.71,8,283,541.33,34.4,0,0.5038,0.1074,12.5,714.76,1374.55,Champions (VIP),"Exclusive VIP preview, concierge service, high-tier loyalty gifts."
14293,2010-12-06 10:18:00,2011-12-06 15:17:00,4,709,1046.56,51,0.0,0.0,0.0,3,369,261.64,122.0,0,0.4449,-0.2102,9.4,121.93,234.48,Loyal Customers,"Cross-sell premium categories, early bird access, referral incentives."
14295,2011-10-30 15:50:00,2011-10-30 15:50:00,1,84,166.2,5,1.0,2.0,50.0,40,40,166.2,40.0,2,-0.1292,-0.2105,30.1,60.41,116.17,Promising New,"Welcome discount on 2nd purchase, onboarding email journey, product tips."
14297,2011-03-10 08:31:00,2011-11-22 09:06:00,4,865,1305.33,48,2.0,4.0,33.33,18,275,326.33,85.7,3,0.2217,-0.0123,14.5,192.57,370.33,Loyal Customers,"Cross-sell premium categories, early bird access, referral incentives."
14299,2010-12-09 10:30:00,2011-12-01 16:05:00,9,2149,3965.62,94,9.0,136.0,50.0,8,366,440.62,44.8,0,0.4972,0.0986,12.0,452.42,870.04,Champions (VIP),"Exclusive VIP preview, concierge service, high-tier loyalty gifts."
14300,2011-11-21 08:57:00,2011-11-21 08:57:00,1,32,43.2,3,0.0,0.0,0.0,19,19,43.2,19.0,2,-0.0661,-0.3539,25.5,16.74,32.18,Promising New,"Welcome discount on 2nd purchase, onboarding email journey, product tips."
14301,2011-08-14 15:33:00,2011-08-14 15:33:00,1,606,640.14,13,1.0,6.0,50.0,117,117,640.14,117.0,1,-0.242,-0.0254,47.3,136.82,263.11,Potential Loyalists,"Offer bundle discounts, volume incentives, brand engagement newsletters."
14304,2011-05-01 11:50:00,2011-05-01 11:50:00,1,139,383.45,17,1.0,85.0,50.0,223,223,383.45,223.0,1,-0.3533,0.0304,61.3,31.58,60.72,Hibernating / Inactive,"Automated reactivation campaign, steep 20% discount offer, clearance alerts."
14305,2011-07-27 14:14:00,2011-09-29 15:29:00,3,1089,1858.96,96,2.0,20.0,40.0,71,135,619.65,32.0,3,-0.0054,0.1142,58.0,274.42,527.74,Potential Loyalists,"Offer bundle discounts, volume incentives, brand engagement newsletters."
14306,2011-09-15 10:31:00,2011-10-19 13:23:00,2,1075,2093.32,33,1.0,2.0,33.33,51,86,1046.66,35.0,3,-0.0071,0.0159,40.6,646.58,1243.43,Loyal Customers,"Cross-sell premium categories, early bird access, referral incentives."
14307,2010-12-01 11:41:00,2011-09-12 09:38:00,6,2058,2995.72,150,0.0,0.0,0.0,89,374,499.29,57.0,3,0.0813,0.2859,50.9,186.62,358.88,Potential Loyalists,"Offer bundle discounts, volume incentives, brand engagement newsletters."
14309,2010-12-16 13:05:00,2011-12-01 13:33:00,9,1633,2352.53,74,1.0,14.0,10.0,8,358,261.39,43.8,0,0.4803,0.0764,12.0,274.39,527.67,Champions (VIP),"Exclusive VIP preview, concierge service, high-tier loyalty gifts."
14311,2011-04-11 10:14:00,2011-04-11 10:14:00,1,146,310.26,20,1.0,21.0,50.0,243,243,310.26,243.0,1,-0.3728,0.0317,61.3,23.45,45.09,Hibernating / Inactive,"Automated reactivation campaign, steep 20% discount offer, clearance alerts."
14312,2011-01-06 16:35:00,2011-10-24 09:46:00,6,1012,1611.59,74,0.0,0.0,0.0,47,337,268.6,58.0,3,0.1542,0.1835,28.7,161.79,311.14,Loyal Customers,"Cross-sell premium categories, early bird access, referral incentives."
14314,2011-08-25 10:39:00,2011-08-25 10:39:00,1,296,120.0,8,0.0,0.0,0.0,107,107,120.0,107.0,1,-0.2828,-0.107,45.0,29.27,56.29,Low Value Occasional,Target with low-barrier impulse buys and seasonal holiday campaigns.
14315,2011-03-18 12:59:00,2011-10-26 12:06:00,6,1021,2481.13,64,1.0,11.0,14.29,45,266,413.52,44.2,3,0.1744,0.1967,31.6,302.73,582.18,Loyal Customers,"Cross-sell premium categories, early bird access, referral incentives."
14317,2011-10-06 10:44:00,2011-10-06 10:44:00,1,255,508.58,24,0.0,0.0,0.0,65,65,508.58,65.0,2,-0.1635,-0.1055,35.7,170.05,327.02,Potential Loyalists,"Offer bundle discounts, volume incentives, brand engagement newsletters."
14320,2011-01-11 09:12:00,2011-05-17 09:24:00,2,325,477.79,29,1.0,86.0,33.33,207,333,238.9,126.0,1,-0.2597,0.1209,72.6,18.65,35.87,Hibernating / Inactive,"Automated reactivation campaign, steep 20% discount offer, clearance alerts."
14321,2011-01-10 11:35:00,2011-11-29 09:47:00,5,2406,1530.75,111,0.0,0.0,0.0,11,334,306.15,80.8,0,0.3287,-0.0206,12.2,190.94,367.19,Champions (VIP),"Exclusive VIP preview, concierge service, high-tier loyalty gifts."
14323,2011-04-15 11:44:00,2011-08-17 11:37:00,2,350,605.06,32,2.0,10.0,50.0,115,239,302.53,124.0,1,-0.1658,0.0603,45.6,65.35,125.67,Potential Loyalists,"Offer bundle discounts, volume incentives, brand engagement newsletters."
14326,2011-04-11 15:04:00,2011-04-11 15:04:00,1,103,183.85,8,1.0,4.0,50.0,242,242,183.85,242.0,1,-0.389,0.0091,61.3,13.95,26.83,Hibernating / Inactive,"Automated reactivation campaign, steep 20% discount offer, clearance alerts."
14327,2011-06-29 13:58:00,2011-06-29 13:58:00,1,139,311.65,12,0.0,0.0,0.0,163,163,311.65,163.0,1,-0.3139,-0.0161,57.5,38.56,74.15,Hibernating / Inactive,"Automated reactivation campaign, steep 20% discount offer, clearance alerts."
14329,2011-01-14 13:42:00,2011-11-22 15:50:00,7,3087,4975.24,218,7.0,20.0,50.0,17,329,710.75,52.0,0,0.3605,0.1425,15.6,605.62,1164.65,Champions (VIP),"Exclusive VIP preview, concierge service, high-tier loyalty gifts."
14331,2011-07-27 15:14:00,2011-08-07 13:17:00,2,252,462.66,27,0.0,0.0,0.0,124,135,231.33,11.0,1,-0.1855,0.0579,87.5,20.33,39.09,Potential Loyalists,"Offer bundle discounts, volume incentives, brand engagement newsletters."
14332,2011-07-15 10:33:00,2011-11-17 11:54:00,3,463,840.21,22,0.0,0.0,0.0,23,148,280.07,62.5,2,0.1313,-0.0524,17.4,222.51,427.9,Loyal Customers,"Cross-sell premium categories, early bird access, referral incentives."
14333,2011-10-03 10:38:00,2011-10-03 10:38:00,1,58,415.2,15,1.0,6.0,50.0,68,68,415.2,68.0,1,-0.1767,-0.1087,36.4,137.31,264.07,Potential Loyalists,"Offer bundle discounts, volume incentives, brand engagement newsletters."
14334,2010-12-16 17:37:00,2011-11-23 10:01:00,8,1731,2552.21,98,1.0,1.0,11.11,17,358,319.03,48.7,0,0.3608,0.1403,15.8,284.83,547.75,Champions (VIP),"Exclusive VIP preview, concierge service, high-tier loyalty gifts."
14336,2011-03-08 16:48:00,2011-11-23 11:40:00,4,1759,1614.91,77,0.0,0.0,0.0,17,276,403.73,86.3,3,0.2365,-0.0098,14.2,238.21,458.1,Champions (VIP),"Exclusive VIP preview, concierge service, high-tier loyalty gifts."
14338,2011-05-27 13:30:00,2011-07-01 14:08:00,2,335,588.22,30,2.0,6.0,50.0,161,196,294.11,35.0,1,-0.2161,0.0995,94.4,7.97,15.34,Hibernating / Inactive,"Automated reactivation campaign, steep 20% discount offer, clearance alerts."
14339,2011-04-11 11:06:00,2011-04-11 11:06:00,1,168,309.52,14,3.0,18.0,75.0,243,243,309.52,243.0,1,-0.3729,0.0316,61.3,23.39,44.98,Hibernating / Inactive,"Automated reactivation campaign, steep 20% discount offer, clearance alerts."
14340,2011-05-05 09:44:00,2011-05-05 09:44:00,1,58,134.7,6,0.0,0.0,0.0,219,219,134.7,219.0,1,-0.3843,-0.0161,61.3,11.29,21.72,Hibernating / Inactive,"Automated reactivation campaign, steep 20% discount offer, clearance alerts."
14341,2011-01-25 13:55:00,2011-10-25 15:48:00,8,1397,2166.98,109,1.0,2.0,11.11,45,318,270.87,39.0,3,0.2168,0.2469,33.9,213.73,411.02,Loyal Customers,"Cross-sell premium categories, early bird access, referral incentives."
14342,2011-05-13 13:50:00,2011-11-18 13:21:00,4,347,668.56,18,2.0,10.0,33.33,21,210,167.14,63.0,3,0.1784,-0.023,16.5,126.14,242.57,Potential Loyalists,"Offer bundle discounts, volume incentives, brand engagement newsletters."
14344,2010-12-06 11:58:00,2011-08-04 13:51:00,8,477,889.93,56,0.0,0.0,0.0,127,369,111.24,34.6,3,0.0368,0.3329,84.1,18.2,34.99,Potential Loyalists,"Offer bundle discounts, volume incentives, brand engagement newsletters."
14345,2011-11-01 09:51:00,2011-11-01 09:51:00,1,50,108.98,6,0.0,0.0,0.0,39,39,108.98,39.0,2,-0.1391,-0.2312,29.9,39.73,76.39,Promising New,"Welcome discount on 2nd purchase, onboarding email journey, product tips."
14346,2011-02-15 13:52:00,2011-08-11 09:47:00,2,605,1021.58,55,0.0,0.0,0.0,121,297,510.79,176.0,1,-0.1563,0.0886,43.3,92.54,177.96,At-Risk High Spenders,"High-priority win-back promotion, dedicated account check-in, special survey."
14348,2011-03-24 16:23:00,2011-03-24 16:23:00,1,183,409.57,18,0.0,0.0,0.0,260,260,409.57,260.0,1,-0.3738,0.0517,61.3,28.93,55.63,Hibernating / Inactive,"Automated reactivation campaign, steep 20% discount offer, clearance alerts."
14349,2011-11-29 15:39:00,2011-11-29 15:39:00,1,86,133.5,31,0.0,0.0,0.0,10,10,133.5,10.0,2,0.0583,-0.3789,19.0,56.23,108.14,Promising New,"Welcome discount on 2nd purchase, onboarding email journey, product tips."
14350,2011-03-10 14:14:00,2011-03-10 14:14:00,1,183,282.93,18,1.0,17.0,50.0,274,274,282.93,274.0,1,-0.3934,0.0423,61.3,18.96,36.46,Hibernating / Inactive,"Automated reactivation campaign, steep 20% discount offer, clearance alerts."
14351,2011-06-28 11:56:00,2011-06-28 11:56:00,1,12,51.0,1,0.0,0.0,0.0,165,165,51.0,165.0,1,-0.3737,-0.0909,57.9,6.17,11.87,Hibernating / Inactive,"Automated reactivation campaign, steep 20% discount offer, clearance alerts."
14352,2011-03-11 14:58:00,2011-07-05 15:41:00,4,538,1078.96,44,0.0,0.0,0.0,157,273,269.74,38.7,3,-0.0976,0.2358,92.2,14.63,28.13,At-Risk High Spenders,"High-priority win-back promotion, dedicated account check-in, special survey."
14353,2011-05-08 16:06:00,2011-05-08 16:06:00,1,64,90.6,6,0.0,0.0,0.0,215,215,90.6,215.0,1,-0.3943,-0.035,61.3,7.74,14.88,Hibernating / Inactive,"Automated reactivation campaign, steep 20% discount offer, clearance alerts."
14354,2011-11-09 15:36:00,2011-12-04 11:32:00,2,210,163.62,9,0.0,0.0,0.0,6,30,81.81,24.0,2,0.2072,-0.3348,12.3,74.62,143.49,Promising New,"Welcome discount on 2nd purchase, onboarding email journey, product tips."
14355,2010-12-09 12:16:00,2010-12-09 12:16:00,1,92,174.4,11,0.0,0.0,0.0,366,366,174.4,366.0,1,-0.4517,0.0567,61.3,8.75,16.83,Hibernating / Inactive,"Automated reactivation campaign, steep 20% discount offer, clearance alerts."
14356,2011-09-19 14:43:00,2011-09-21 09:18:00,2,277,701.23,33,2.0,11.0,50.0,80,81,350.62,1.0,1,-0.1079,0.0231,77.4,82.41,158.48,Potential Loyalists,"Offer bundle discounts, volume incentives, brand engagement newsletters."
14357,2011-10-27 16:23:00,2011-10-27 16:23:00,1,147,225.12,39,0.0,0.0,0.0,43,43,225.12,43.0,2,-0.1299,-0.1891,30.8,81.01,155.78,Promising New,"Welcome discount on 2nd purchase, onboarding email journey, product tips."
14359,2011-09-13 09:03:00,2011-11-20 13:17:00,3,371,912.18,44,3.0,8.0,50.0,19,88,304.06,34.5,2,0.1609,-0.071,18.8,385.16,740.69,Loyal Customers,"Cross-sell premium categories, early bird access, referral incentives."
14360,2011-09-06 11:58:00,2011-11-08 09:12:00,4,1139,2118.03,104,0.0,0.0,0.0,32,95,529.51,21.0,3,0.1557,0.075,37.5,661.19,1271.52,Loyal Customers,"Cross-sell premium categories, early bird access, referral incentives."
14362,2011-11-17 15:08:00,2011-11-17 15:08:00,1,96,151.5,37,0.0,0.0,0.0,22,22,151.5,22.0,2,-0.0467,-0.2843,26.1,58.22,111.96,Promising New,"Welcome discount on 2nd purchase, onboarding email journey, product tips."
14364,2011-05-12 12:56:00,2011-08-23 11:01:00,8,1967,3717.35,61,0.0,0.0,0.0,109,211,464.67,14.6,3,0.1054,0.3753,84.2,132.08,254.0,Potential Loyalists,"Offer bundle discounts, volume incentives, brand engagement newsletters."
14367,2011-03-08 14:12:00,2011-12-01 13:19:00,16,4426,9227.82,270,3.0,28.0,15.79,8,276,576.74,17.9,0,0.6233,0.2525,15.0,1348.48,2593.24,Champions (VIP),"Exclusive VIP preview, concierge service, high-tier loyalty gifts."
14368,2011-01-24 09:52:00,2011-01-24 09:52:00,1,36,155.0,8,0.0,0.0,0.0,320,320,155.0,320.0,1,-0.4357,0.0355,61.3,8.89,17.11,Hibernating / Inactive,"Automated reactivation campaign, steep 20% discount offer, clearance alerts."
14371,2011-02-17 16:35:00,2011-02-17 16:35:00,1,34,100.5,4,0.0,0.0,0.0,295,295,100.5,295.0,1,-0.4376,0.0075,61.3,6.26,12.03,Hibernating / Inactive,"Automated reactivation campaign, steep 20% discount offer, clearance alerts."
14373,2010-12-16 15:40:00,2010-12-16 15:40:00,1,17,76.55,4,0.0,0.0,0.0,358,358,76.55,358.0,1,-0.4748,0.0194,61.3,3.93,7.55,Hibernating / Inactive,"Automated reactivation campaign, steep 20% discount offer, clearance alerts."
14375,2011-06-07 13:44:00,2011-06-07 13:44:00,1,184,235.56,57,0.0,0.0,0.0,185,185,235.56,185.0,1,-0.3415,-0.0128,61.3,23.38,44.96,Hibernating / Inactive,"Automated reactivation campaign, steep 20% discount offer, clearance alerts."
14377,2011-03-22 13:38:00,2011-06-01 13:32:00,2,219,617.05,11,0.0,0.0,0.0,191,262,308.52,71.0,1,-0.2396,0.1221,88.4,12.96,24.93,Hibernating / Inactive,"Automated reactivation campaign, steep 20% discount offer, clearance alerts."
14379,2011-02-17 15:03:00,2011-10-26 16:43:00,2,292,348.1,39,0.0,0.0,0.0,44,295,174.05,251.0,2,-0.0436,-0.0777,19.9,44.85,86.25,Promising New,"Welcome discount on 2nd purchase, onboarding email journey, product tips."
14381,2011-10-18 17:10:00,2011-10-18 17:10:00,1,146,202.68,56,0.0,0.0,0.0,52,52,202.68,52.0,2,-0.1608,-0.171,32.8,70.82,136.2,Low Value Occasional,Target with low-barrier impulse buys and seasonal holiday campaigns.
14382,2011-11-13 16:18:00,2011-11-13 16:18:00,1,1231,615.49,121,0.0,0.0,0.0,26,26,615.49,26.0,2,-0.0252,-0.2055,27.0,233.64,449.31,Promising New,"Welcome discount on 2nd purchase, onboarding email journey, product tips."
14383,2011-06-29 10:18:00,2011-11-01 15:53:00,3,817,1247.69,49,0.0,0.0,0.0,38,164,415.9,63.0,3,0.0723,0.0231,23.7,275.44,529.69,Loyal Customers,"Cross-sell premium categories, early bird access, referral incentives."
14385,2011-11-16 11:55:00,2011-11-30 15:36:00,3,159,202.11,13,0.0,0.0,0.0,9,24,67.37,7.5,2,0.2148,-0.2187,17.8,86.39,166.13,Low Value Occasional,Target with low-barrier impulse buys and seasonal holiday campaigns.
14386,2011-02-16 09:45:00,2011-02-16 09:45:00,1,54,142.4,7,0.0,0.0,0.0,297,297,142.4,297.0,1,-0.4274,0.023,61.3,8.8,16.93,Hibernating / Inactive,"Automated reactivation campaign, steep 20% discount offer, clearance alerts."
14387,2011-08-22 14:13:00,2011-11-07 12:29:00,3,795,1727.6,125,0.0,0.0,0.0,33,109,575.87,38.0,3,0.1031,0.0203,26.5,552.77,1063.02,Loyal Customers,"Cross-sell premium categories, early bird access, referral incentives."
14388,2010-12-02 11:02:00,2011-11-29 13:32:00,8,1941,3212.84,124,2.0,8.0,20.0,10,373,401.6,51.9,0,0.4411,0.0905,12.6,357.21,686.94,Champions (VIP),"Exclusive VIP preview, concierge service, high-tier loyalty gifts."
14389,2011-06-02 12:04:00,2011-10-05 15:17:00,2,729,1043.46,33,3.0,27.0,60.0,65,191,521.73,126.0,3,-0.0648,0.0152,28.5,185.35,356.44,Potential Loyalists,"Offer bundle discounts, volume incentives, brand engagement newsletters."
14390,2010-12-02 11:57:00,2011-11-29 13:49:00,9,2133,4642.57,135,4.0,11.0,30.77,10,373,515.84,45.4,0,0.4726,0.1296,12.9,514.4,989.24,Champions (VIP),"Exclusive VIP preview, concierge service, high-tier loyalty gifts."
14393,2011-05-05 18:16:00,2011-05-05 18:16:00,1,13,67.95,5,0.0,0.0,0.0,218,218,67.95,218.0,1,-0.4055,-0.0454,61.3,5.72,11.01,Hibernating / Inactive,"Automated reactivation campaign, steep 20% discount offer, clearance alerts."
14395,2010-12-02 18:15:00,2011-12-07 14:34:00,9,1689,3479.91,181,3.0,4.0,25.0,2,372,386.66,46.2,0,0.6554,-0.0398,9.3,402.6,774.23,Champions (VIP),"Exclusive VIP preview, concierge service, high-tier loyalty gifts."
14396,2010-12-03 15:19:00,2011-10-05 16:09:00,2,225,487.99,71,0.0,0.0,0.0,65,371,244.0,306.0,2,-0.0893,-0.0171,25.0,46.81,90.02,Potential Loyalists,"Offer bundle discounts, volume incentives, brand engagement newsletters."
14397,2011-05-10 12:25:00,2011-12-07 09:22:00,19,1890,2612.96,18,4.0,38.0,17.39,3,214,137.52,11.7,0,0.7327,0.1369,11.2,514.46,989.35,Champions (VIP),"Exclusive VIP preview, concierge service, high-tier loyalty gifts."
14400,2011-07-13 15:50:00,2011-07-13 15:50:00,1,454,574.7,25,1.0,4.0,50.0,149,149,574.7,149.0,1,-0.281,-0.001,54.4,83.46,160.49,Potential Loyalists,"Offer bundle discounts, volume incentives, brand engagement newsletters."
14401,2010-12-15 09:07:00,2011-12-05 13:30:00,13,4507,4051.48,113,1.0,2.0,7.14,4,360,311.65,29.7,0,0.6474,0.1032,10.6,477.4,918.08,Champions (VIP),"Exclusive VIP preview, concierge service, high-tier loyalty gifts."
14403,2011-04-06 14:23:00,2011-08-01 12:57:00,4,519,1475.81,17,1.0,6.0,20.0,130,247,368.95,39.0,3,-0.0598,0.2264,82.9,48.48,93.23,At-Risk High Spenders,"High-priority win-back promotion, dedicated account check-in, special survey."
14404,2010-12-05 16:00:00,2011-11-06 12:30:00,6,827,1449.32,70,1.0,8.0,14.29,34,369,241.55,67.0,3,0.1974,0.1408,21.5,146.3,281.34,Loyal Customers,"Cross-sell premium categories, early bird access, referral incentives."
14406,2011-08-12 16:54:00,2011-08-12 16:54:00,1,77,156.75,8,0.0,0.0,0.0,119,119,156.75,119.0,1,-0.2898,-0.083,47.7,32.69,62.86,Low Value Occasional,Target with low-barrier impulse buys and seasonal holiday campaigns.
14407,2011-03-08 11:59:00,2011-08-24 14:02:00,6,1415,2157.73,67,3.0,3.0,33.33,107,277,359.62,34.0,3,0.0437,0.294,76.5,86.86,167.04,Potential Loyalists,"Offer bundle discounts, volume incentives, brand engagement newsletters."
14408,2011-03-20 14:41:00,2011-11-29 11:41:00,7,1610,2599.03,60,0.0,0.0,0.0,11,264,371.29,42.2,0,0.3994,0.0658,13.5,404.07,777.06,Champions (VIP),"Exclusive VIP preview, concierge service, high-tier loyalty gifts."
14409,2010-12-06 15:03:00,2011-09-29 18:18:00,6,1230,2059.45,40,1.0,72.0,14.29,71,368,343.24,59.4,3,0.1021,0.243,40.4,158.26,304.36,Potential Loyalists,"Offer bundle discounts, volume incentives, brand engagement newsletters."
14410,2011-02-07 09:36:00,2011-09-08 15:08:00,9,567,1100.27,153,6.0,279.0,40.0,92,306,122.25,26.8,3,0.1105,0.3267,75.1,42.48,81.7,Potential Loyalists,"Offer bundle discounts, volume incentives, brand engagement newsletters."
14411,2011-02-02 10:56:00,2011-02-02 10:56:00,1,196,1063.0,14,0.0,0.0,0.0,311,311,1063.0,311.0,1,-0.3694,0.1137,61.3,62.77,120.7,At-Risk High Spenders,"High-priority win-back promotion, dedicated account check-in, special survey."
14412,2011-09-28 08:48:00,2011-10-28 10:45:00,2,786,770.03,43,1.0,2.0,33.33,43,73,385.02,30.0,2,-0.0147,-0.0468,38.4,246.66,474.34,Loyal Customers,"Cross-sell premium categories, early bird access, referral incentives."
14413,2010-12-12 13:37:00,2010-12-12 13:37:00,1,67,121.05,22,0.0,0.0,0.0,362,362,121.05,362.0,1,-0.4618,0.04,61.3,6.14,11.81,Hibernating / Inactive,"Automated reactivation campaign, steep 20% discount offer, clearance alerts."
14414,2010-12-16 11:11:00,2011-09-09 12:09:00,7,2512,1496.98,79,1.0,3.0,12.5,92,359,213.85,44.5,3,0.0789,0.2901,60.3,78.55,151.06,Potential Loyalists,"Offer bundle discounts, volume incentives, brand engagement newsletters."
14415,2010-12-14 13:31:00,2011-12-08 14:38:00,13,2996,5855.57,283,5.0,38.0,27.78,1,360,450.43,29.9,0,0.7948,0.008,9.0,702.34,1350.65,Champions (VIP),"Exclusive VIP preview, concierge service, high-tier loyalty gifts."
14416,2011-10-28 15:10:00,2011-11-17 15:22:00,2,326,490.22,13,0.0,0.0,0.0,22,42,245.11,20.0,2,0.0666,-0.1444,27.8,184.05,353.94,Promising New,"Welcome discount on 2nd purchase, onboarding email journey, product tips."
14418,2011-08-23 17:18:00,2011-12-06 11:39:00,3,1711,1937.25,114,0.0,0.0,0.0,4,108,645.75,52.0,0,0.3902,-0.2067,10.1,765.17,1471.48,Champions (VIP),"Exclusive VIP preview, concierge service, high-tier loyalty gifts."
14419,2010-12-10 10:56:00,2011-11-29 11:22:00,6,483,1051.79,112,0.0,0.0,0.0,11,365,175.3,70.8,0,0.3453,-0.0023,12.4,119.78,230.34,Loyal Customers,"Cross-sell premium categories, early bird access, referral incentives."
14420,2011-09-01 18:07:00,2011-09-01 18:07:00,1,334,387.52,29,1.0,1.0,50.0,99,99,387.52,99.0,1,-0.2337,-0.0667,43.3,105.31,202.52,Low Value Occasional,Target with low-barrier impulse buys and seasonal holiday campaigns.
14421,2011-05-12 10:49:00,2011-10-13 13:24:00,2,365,813.11,25,0.0,0.0,0.0,57,212,406.56,155.0,2,-0.0538,-0.011,24.9,136.68,262.84,Loyal Customers,"Cross-sell premium categories, early bird access, referral incentives."
14422,2011-03-17 17:26:00,2011-12-09 11:26:00,6,2906,4263.64,189,0.0,0.0,0.0,1,267,710.61,53.2,0,0.6554,-0.1596,8.9,690.28,1327.46,Champions (VIP),"Exclusive VIP preview, concierge service, high-tier loyalty gifts."
14423,2011-05-05 15:12:00,2011-05-05 15:12:00,1,120,265.2,3,0.0,0.0,0.0,218,218,265.2,218.0,1,-0.3619,0.012,61.3,22.34,42.96,Hibernating / Inactive,"Automated reactivation campaign, steep 20% discount offer, clearance alerts."
14424,2011-11-22 11:48:00,2011-11-22 11:48:00,1,48,322.08,1,0.0,0.0,0.0,18,18,322.08,18.0,2,0.0058,-0.2755,25.3,125.11,240.59,Promising New,"Welcome discount on 2nd purchase, onboarding email journey, product tips."
14426,2011-01-31 09:51:00,2011-11-16 12:25:00,10,2699,4481.67,183,6.0,360.0,37.5,24,313,448.17,32.1,0,0.3678,0.2486,22.6,525.87,1011.28,Champions (VIP),"Exclusive VIP preview, concierge service, high-tier loyalty gifts."
14427,2011-10-07 09:10:00,2011-10-20 14:23:00,2,228,363.34,16,0.0,0.0,0.0,50,64,181.67,14.0,2,-0.0607,-0.0608,66.5,63.29,121.72,Low Value Occasional,Target with low-barrier impulse buys and seasonal holiday campaigns.
14428,2011-01-18 16:39:00,2011-12-02 13:17:00,5,428,1224.06,108,2.0,8.0,28.57,7,325,244.81,79.5,0,0.3814,-0.0792,10.9,159.23,306.21,Loyal Customers,"Cross-sell premium categories, early bird access, referral incentives."
14431,2011-02-10 10:40:00,2011-02-10 10:40:00,1,130,470.36,17,1.0,6.0,50.0,303,303,470.36,303.0,1,-0.3919,0.076,61.3,28.51,54.82,Hibernating / Inactive,"Automated reactivation campaign, steep 20% discount offer, clearance alerts."
14432,2011-09-11 14:09:00,2011-11-30 08:04:00,6,2013,2248.5,256,0.0,0.0,0.0,10,89,374.75,15.8,0,0.3827,0.0195,17.9,959.93,1846.02,Champions (VIP),"Exclusive VIP preview, concierge service, high-tier loyalty gifts."
14434,2011-09-28 15:31:00,2011-11-18 08:56:00,6,368,1372.8,3,0.0,0.0,0.0,22,72,228.8,10.0,3,0.2577,0.0877,36.2,455.44,875.85,Loyal Customers,"Cross-sell premium categories, early bird access, referral incentives."
14436,2011-09-02 10:13:00,2011-09-02 10:13:00,1,129,89.06,9,0.0,0.0,0.0,99,99,89.06,99.0,1,-0.281,-0.1289,43.3,24.2,46.54,Low Value Occasional,Target with low-barrier impulse buys and seasonal holiday campaigns.
14437,2010-12-09 09:27:00,2010-12-09 09:27:00,1,60,63.0,5,1.0,1.0,50.0,366,366,63.0,366.0,1,-0.4843,0.0139,61.3,3.16,6.08,Hibernating / Inactive,"Automated reactivation campaign, steep 20% discount offer, clearance alerts."
14438,2011-02-06 14:56:00,2011-02-06 14:56:00,1,82,131.9,9,0.0,0.0,0.0,306,306,131.9,306.0,1,-0.4343,0.0233,61.3,7.92,15.22,Hibernating / Inactive,"Automated reactivation campaign, steep 20% discount offer, clearance alerts."
14440,2010-12-09 12:49:00,2011-12-01 15:42:00,5,588,2357.68,33,0.0,0.0,0.0,8,366,471.54,89.5,0,0.3852,-0.0371,11.1,271.73,522.57,Champions (VIP),"Exclusive VIP preview, concierge service, high-tier loyalty gifts."
14441,2011-03-29 12:01:00,2011-12-09 09:07:00,4,446,1712.89,43,6.0,16.0,60.0,1,256,428.22,85.0,0,0.5633,-0.2731,8.8,289.55,556.82,Champions (VIP),"Exclusive VIP preview, concierge service, high-tier loyalty gifts."
14443,2010-12-06 11:03:00,2011-10-17 10:10:00,4,938,1420.2,84,3.0,7.0,42.86,54,369,355.05,105.0,3,0.0673,0.1198,26.1,134.96,259.54,Loyal Customers,"Cross-sell premium categories, early bird access, referral incentives."
14446,2011-04-07 12:10:00,2011-12-09 11:34:00,4,916,1010.35,233,0.0,0.0,0.0,1,247,252.59,82.0,0,0.5462,-0.2956,8.8,177.02,340.41,Loyal Customers,"Cross-sell premium categories, early bird access, referral incentives."
14447,2011-03-04 10:49:00,2011-11-21 08:28:00,5,571,1163.23,54,0.0,0.0,0.0,19,281,232.65,65.5,3,0.2443,0.0295,15.6,165.79,318.82,Loyal Customers,"Cross-sell premium categories, early bird access, referral incentives."
14448,2010-12-10 17:26:00,2011-11-30 13:50:00,2,104,375.35,20,0.0,0.0,0.0,9,364,187.68,355.0,2,0.1812,-0.2565,10.7,43.7,84.03,Promising New,"Welcome discount on 2nd purchase, onboarding email journey, product tips."
14449,2010-12-02 14:09:00,2011-11-21 12:06:00,4,741,885.8,201,0.0,0.0,0.0,19,372,221.45,117.7,3,0.2016,-0.0226,14.2,96.94,186.43,Loyal Customers,"Cross-sell premium categories, early bird access, referral incentives."
14450,2011-01-23 11:53:00,2011-06-12 10:46:00,3,241,483.25,32,0.0,0.0,0.0,181,321,161.08,70.0,1,-0.186,0.1692,87.2,9.14,17.58,Hibernating / Inactive,"Automated reactivation campaign, steep 20% discount offer, clearance alerts."
14451,2011-05-29 12:35:00,2011-10-10 13:38:00,2,378,643.9,86,0.0,0.0,0.0,60,195,321.95,135.0,2,-0.0688,-0.0148,26.5,115.16,221.46,Potential Loyalists,"Offer bundle discounts, volume incentives, brand engagement newsletters."
14452,2011-09-07 11:32:00,2011-11-29 12:06:00,2,116,259.05,55,0.0,0.0,0.0,11,94,129.52,83.0,2,0.1423,-0.2502,12.2,114.81,220.78,Promising New,"Welcome discount on 2nd purchase, onboarding email journey, product tips."
14453,2011-06-02 14:15:00,2011-06-02 14:15:00,1,49,119.93,22,0.0,0.0,0.0,190,190,119.93,190.0,1,-0.3671,-0.0381,61.3,11.59,22.29,Hibernating / Inactive,"Automated reactivation campaign, steep 20% discount offer, clearance alerts."
14456,2011-07-20 13:06:00,2011-12-04 13:59:00,9,2885,3017.28,580,5.0,7.0,35.71,5,142,335.25,17.1,0,0.5483,0.0379,12.5,882.2,1696.54,Champions (VIP),"Exclusive VIP preview, concierge service, high-tier loyalty gifts."
14457,2011-02-02 09:39:00,2011-02-02 09:39:00,1,88,113.64,4,0.0,0.0,0.0,311,311,113.64,311.0,1,-0.4414,0.019,61.3,6.71,12.9,Hibernating / Inactive,"Automated reactivation campaign, steep 20% discount offer, clearance alerts."
14459,2011-07-07 13:35:00,2011-07-07 13:35:00,1,760,1837.92,37,0.0,0.0,0.0,155,155,1837.92,155.0,1,-0.2492,0.0531,55.7,249.25,479.33,At-Risk High Spenders,"High-priority win-back promotion, dedicated account check-in, special survey."
14460,2011-02-02 11:55:00,2011-08-21 14:19:00,3,881,434.34,14,1.0,12.0,25.0,110,311,144.78,100.5,1,-0.1164,0.1048,47.3,34.92,67.16,Potential Loyalists,"Offer bundle discounts, volume incentives, brand engagement newsletters."
14461,2011-03-23 12:15:00,2011-07-14 17:11:00,3,766,2103.06,173,0.0,0.0,0.0,148,262,701.02,57.0,3,-0.109,0.2074,80.2,75.41,145.03,At-Risk High Spenders,"High-priority win-back promotion, dedicated account check-in, special survey."
14462,2011-01-04 12:45:00,2011-10-04 15:55:00,11,956,1980.57,150,4.0,32.0,26.67,66,340,180.05,27.4,3,0.2119,0.3525,59.6,111.67,214.74,Potential Loyalists,"Offer bundle discounts, volume incentives, brand engagement newsletters."
14463,2011-05-18 14:42:00,2011-09-02 15:20:00,3,179,529.62,6,0.0,0.0,0.0,98,205,176.54,53.5,3,-0.0931,0.0994,57.7,51.85,99.72,Potential Loyalists,"Offer bundle discounts, volume incentives, brand engagement newsletters."
14465,2011-02-10 12:13:00,2011-04-07 12:38:00,3,398,1038.44,107,0.0,0.0,0.0,247,303,346.15,28.0,1,-0.2071,0.2391,98.0,3.25,6.25,At-Risk High Spenders,"High-priority win-back promotion, dedicated account check-in, special survey."
14466,2010-12-02 13:36:00,2011-11-10 14:07:00,7,1006,2272.4,35,0.0,0.0,0.0,29,372,324.63,57.2,3,0.2596,0.171,20.4,230.72,443.7,Champions (VIP),"Exclusive VIP preview, concierge service, high-tier loyalty gifts."
14467,2011-01-31 12:35:00,2011-11-22 12:48:00,4,276,596.26,67,0.0,0.0,0.0,18,313,149.06,98.3,3,0.1964,-0.0456,14.2,77.55,149.14,Potential Loyalists,"Offer bundle discounts, volume incentives, brand engagement newsletters."
14470,2011-02-25 11:56:00,2011-11-28 10:31:00,2,193,461.19,43,0.0,0.0,0.0,12,288,230.6,276.0,2,0.149,-0.216,11.6,67.17,129.18,Promising New,"Welcome discount on 2nd purchase, onboarding email journey, product tips."
14472,2010-12-19 14:03:00,2011-08-28 11:01:00,8,1135,1852.67,153,0.0,0.0,0.0,104,355,231.58,35.9,3,0.0898,0.34,73.7,65.13,125.24,Potential Loyalists,"Offer bundle discounts, volume incentives, brand engagement newsletters."
14473,2011-03-02 13:56:00,2011-09-26 15:10:00,2,88,234.34,7,0.0,0.0,0.0,74,282,117.17,208.0,1,-0.1319,-0.0327,28.6,28.15,54.14,Low Value Occasional,Target with low-barrier impulse buys and seasonal holiday campaigns.
14474,2011-10-24 13:26:00,2011-10-24 13:26:00,1,140,547.66,29,1.0,1.0,50.0,46,46,547.66,46.0,2,-0.111,-0.1434,31.5,195.08,375.15,Potential Loyalists,"Offer bundle discounts, volume incentives, brand engagement newsletters."
14475,2011-02-08 10:12:00,2011-09-29 10:46:00,3,447,925.85,35,3.0,19.0,50.0,72,305,308.62,116.5,3,-0.03,0.0863,31.5,98.67,189.74,Potential Loyalists,"Offer bundle discounts, volume incentives, brand engagement newsletters."
14476,2011-03-27 15:39:00,2011-03-27 15:39:00,1,110,193.0,17,0.0,0.0,0.0,257,257,193.0,257.0,1,-0.3963,0.0184,61.3,13.79,26.52,Hibernating / Inactive,"Automated reactivation campaign, steep 20% discount offer, clearance alerts."
14477,2011-02-15 15:44:00,2011-11-20 11:11:00,4,720,1309.6,7,1.0,1.0,20.0,20,297,327.4,92.3,3,0.207,-0.0001,15.0,177.84,342.01,Loyal Customers,"Cross-sell premium categories, early bird access, referral incentives."
14479,2010-12-09 12:59:00,2011-03-31 09:07:00,2,117,316.25,18,0.0,0.0,0.0,254,365,158.12,111.0,1,-0.3032,0.128,83.2,6.91,13.28,Hibernating / Inactive,"Automated reactivation campaign, steep 20% discount offer, clearance alerts."
14480,2011-11-28 16:35:00,2011-11-28 16:35:00,1,143,279.05,13,0.0,0.0,0.0,11,11,279.05,11.0,2,0.0691,-0.3372,20.3,115.65,222.4,Promising New,"Welcome discount on 2nd purchase, onboarding email journey, product tips."
14481,2011-02-25 13:53:00,2011-06-28 10:38:00,2,489,636.51,25,0.0,0.0,0.0,165,287,318.26,122.0,1,-0.2171,0.1058,64.0,37.89,72.86,Hibernating / Inactive,"Automated reactivation campaign, steep 20% discount offer, clearance alerts."
14482,2011-04-14 16:41:00,2011-11-21 13:14:00,6,1627,2022.81,110,0.0,0.0,0.0,18,239,337.14,44.2,0,0.2985,0.0811,16.7,334.54,643.34,Champions (VIP),"Exclusive VIP preview, concierge service, high-tier loyalty gifts."
14483,2011-03-03 10:26:00,2011-03-03 10:26:00,1,97,137.1,9,1.0,2.0,50.0,282,282,137.1,282.0,1,-0.421,0.0151,61.3,8.93,17.17,Hibernating / Inactive,"Automated reactivation campaign, steep 20% discount offer, clearance alerts."
14484,2011-10-20 14:11:00,2011-10-20 14:11:00,1,210,321.92,14,0.0,0.0,0.0,50,50,321.92,50.0,2,-0.1402,-0.1561,32.4,113.16,217.62,Low Value Occasional,Target with low-barrier impulse buys and seasonal holiday campaigns.
14485,2011-11-01 12:25:00,2011-11-01 12:25:00,1,70,162.8,44,0.0,0.0,0.0,39,39,162.8,39.0,2,-0.1262,-0.2143,29.9,59.34,114.12,Promising New,"Welcome discount on 2nd purchase, onboarding email journey, product tips."
14487,2010-12-06 13:22:00,2011-11-13 12:17:00,6,712,1165.48,112,1.0,1.0,14.29,27,368,194.25,68.2,3,0.2234,0.1046,18.6,122.33,235.25,Loyal Customers,"Cross-sell premium categories, early bird access, referral incentives."
14488,2011-10-03 09:30:00,2011-10-03 09:30:00,1,799,1064.28,46,1.0,6.0,50.0,68,68,1064.28,68.0,2,-0.1463,-0.0688,36.4,351.98,676.88,Potential Loyalists,"Offer bundle discounts, volume incentives, brand engagement newsletters."
14489,2011-05-16 14:51:00,2011-05-16 14:51:00,1,299,463.38,30,0.0,0.0,0.0,207,207,463.38,207.0,1,-0.3363,0.0294,61.3,41.11,79.05,Hibernating / Inactive,"Automated reactivation campaign, steep 20% discount offer, clearance alerts."
14491,2010-12-02 12:10:00,2011-06-17 15:22:00,2,139,340.93,17,0.0,0.0,0.0,175,373,170.46,198.0,1,-0.2459,0.0864,58.3,18.08,34.78,Hibernating / Inactive,"Automated reactivation campaign, steep 20% discount offer, clearance alerts."
14493,2011-07-07 16:59:00,2011-12-02 16:14:00,5,1285,2383.24,95,2.0,6.0,28.57,7,155,476.65,37.0,0,0.403,-0.0509,11.9,642.76,1236.08,Champions (VIP),"Exclusive VIP preview, concierge service, high-tier loyalty gifts."
14494,2011-11-14 09:21:00,2011-11-14 09:21:00,1,92,139.56,7,0.0,0.0,0.0,26,26,139.56,26.0,2,-0.073,-0.2684,27.0,52.98,101.88,Promising New,"Welcome discount on 2nd purchase, onboarding email journey, product tips."
14495,2011-08-10 14:13:00,2011-10-20 12:28:00,2,62,123.8,6,0.0,0.0,0.0,51,121,61.9,70.0,2,-0.0983,-0.104,28.4,34.76,66.85,Low Value Occasional,Target with low-barrier impulse buys and seasonal holiday campaigns.
14496,2010-12-01 15:35:00,2011-02-01 09:01:00,2,159,538.81,16,0.0,0.0,0.0,312,373,269.41,61.0,1,-0.3163,0.1754,98.0,1.37,2.64,Hibernating / Inactive,"Automated reactivation campaign, steep 20% discount offer, clearance alerts."
14497,2011-02-03 17:01:00,2011-02-03 17:01:00,1,235,475.37,29,1.0,2.0,50.0,309,309,475.37,309.0,1,-0.3944,0.0788,61.3,28.25,54.33,Hibernating / Inactive,"Automated reactivation campaign, steep 20% discount offer, clearance alerts."
14498,2010-12-13 11:29:00,2011-10-28 12:09:00,5,1098,1957.32,162,0.0,0.0,0.0,43,362,391.46,79.8,3,0.1446,0.147,23.9,195.24,375.46,Loyal Customers,"Cross-sell premium categories, early bird access, referral incentives."
14499,2011-03-06 11:55:00,2011-11-13 13:01:00,3,496,808.44,146,0.0,0.0,0.0,26,279,269.48,126.5,2,0.1127,-0.0398,16.3,115.08,221.31,Loyal Customers,"Cross-sell premium categories, early bird access, referral incentives."
14500,2011-06-03 10:08:00,2011-09-12 16:45:00,3,117,356.85,6,0.0,0.0,0.0,88,190,118.95,51.0,3,-0.0901,0.0698,53.6,41.35,79.52,Low Value Occasional,Target with low-barrier impulse buys and seasonal holiday campaigns.
14501,2011-01-24 10:43:00,2011-06-09 12:02:00,2,161,251.21,9,1.0,42.0,33.33,184,320,125.6,136.0,1,-0.2631,0.0795,67.4,12.14,23.35,Hibernating / Inactive,"Automated reactivation campaign, steep 20% discount offer, clearance alerts."
14502,2011-01-30 15:52:00,2011-11-20 11:50:00,11,1480,2429.83,368,3.0,15.0,21.43,20,313,220.89,29.3,0,0.39,0.2208,20.8,291.73,561.03,Champions (VIP),"Exclusive VIP preview, concierge service, high-tier loyalty gifts."
14503,2011-06-14 10:00:00,2011-12-06 13:30:00,6,2004,3543.26,113,0.0,0.0,0.0,3,179,590.54,35.2,0,0.547,-0.0836,10.0,845.33,1625.63,Champions (VIP),"Exclusive VIP preview, concierge service, high-tier loyalty gifts."
14504,2011-03-06 14:38:00,2011-10-23 16:00:00,4,308,673.26,85,0.0,0.0,0.0,47,278,168.32,77.0,3,0.0633,0.0717,25.8,85.27,163.98,Potential Loyalists,"Offer bundle discounts, volume incentives, brand engagement newsletters."
14505,2010-12-12 16:14:00,2011-11-22 15:45:00,8,2739,5859.43,540,3.0,16.0,27.27,17,362,732.43,49.3,0,0.3877,0.1756,15.8,646.69,1243.63,Champions (VIP),"Exclusive VIP preview, concierge service, high-tier loyalty gifts."
14506,2010-12-05 14:25:00,2011-11-22 13:02:00,5,704,1960.65,204,0.0,0.0,0.0,17,369,392.13,88.0,0,0.2768,0.0389,14.1,216.57,416.49,Champions (VIP),"Exclusive VIP preview, concierge service, high-tier loyalty gifts."
14507,2011-03-08 17:23:00,2011-11-16 12:21:00,6,594,1367.88,79,1.0,12.0,14.29,24,276,227.98,50.4,3,0.2453,0.0977,18.9,190.72,366.77,Loyal Customers,"Cross-sell premium categories, early bird access, referral incentives."
14508,2011-09-11 11:29:00,2011-11-17 19:48:00,2,129,268.05,52,0.0,0.0,0.0,22,90,134.02,68.0,2,0.0472,-0.17,16.6,116.24,223.55,Promising New,"Welcome discount on 2nd purchase, onboarding email journey, product tips."
14511,2011-07-29 12:13:00,2011-11-28 17:05:00,5,784,1314.81,53,1.0,12.0,16.67,11,134,262.96,30.8,0,0.3238,-0.0271,14.6,397.6,764.62,Loyal Customers,"Cross-sell premium categories, early bird access, referral incentives."
14512,2011-04-21 19:05:00,2011-06-05 12:39:00,2,122,275.28,19,0.0,0.0,0.0,188,232,137.64,44.0,1,-0.2633,0.0859,97.9,1.18,2.27,Hibernating / Inactive,"Automated reactivation campaign, steep 20% discount offer, clearance alerts."
14513,2011-02-24 09:36:00,2011-08-31 11:25:00,3,361,455.59,11,1.0,6.0,25.0,101,289,151.86,94.0,3,-0.1023,0.0966,44.9,41.21,79.26,Potential Loyalists,"Offer bundle discounts, volume incentives, brand engagement newsletters."
14514,2011-01-12 15:22:00,2011-10-09 16:05:00,3,564,990.2,65,0.0,0.0,0.0,61,331,330.07,135.0,3,-0.0037,0.0694,26.8,103.91,199.82,Potential Loyalists,"Offer bundle discounts, volume incentives, brand engagement newsletters."
14515,2011-05-05 12:13:00,2011-11-22 11:37:00,6,1110,2076.89,68,0.0,0.0,0.0,18,219,346.15,40.2,0,0.2994,0.0822,17.2,372.6,716.53,Champions (VIP),"Exclusive VIP preview, concierge service, high-tier loyalty gifts."
14517,2011-07-21 11:42:00,2011-11-06 14:20:00,2,91,330.45,17,0.0,0.0,0.0,33,142,165.22,109.0,2,-0.0039,-0.1138,18.9,89.55,172.21,Promising New,"Welcome discount on 2nd purchase, onboarding email journey, product tips."
14518,2011-10-06 14:43:00,2011-10-06 14:43:00,1,278,174.37,16,0.0,0.0,0.0,64,64,174.37,64.0,2,-0.1958,-0.1527,35.5,58.48,112.47,Low Value Occasional,Target with low-barrier impulse buys and seasonal holiday campaigns.
14520,2011-02-22 09:15:00,2011-12-08 09:46:00,2,146,270.6,3,0.0,0.0,0.0,2,291,135.3,289.0,2,0.3486,-0.416,9.0,40.15,77.22,Promising New,"Welcome discount on 2nd purchase, onboarding email journey, product tips."
14522,2011-05-25 16:01:00,2011-11-15 13:24:00,4,525,974.54,15,0.0,0.0,0.0,24,198,243.64,58.0,3,0.1717,0.0084,18.1,191.28,367.84,Loyal Customers,"Cross-sell premium categories, early bird access, referral incentives."
14523,2011-08-23 13:13:00,2011-08-23 13:13:00,1,251,241.09,12,0.0,0.0,0.0,108,108,241.09,108.0,1,-0.2618,-0.0764,45.3,57.94,111.42,Low Value Occasional,Target with low-barrier impulse buys and seasonal holiday campaigns.
14524,2010-12-14 11:01:00,2011-11-08 12:29:00,9,669,1843.83,161,0.0,0.0,0.0,32,361,204.87,41.1,3,0.2803,0.2232,24.9,182.01,350.01,Loyal Customers,"Cross-sell premium categories, early bird access, referral incentives."
14525,2010-12-13 17:40:00,2011-11-20 11:37:00,9,2637,4215.9,217,4.0,34.0,30.77,20,361,468.43,42.6,0,0.3739,0.2037,17.9,454.95,874.9,Champions (VIP),"Exclusive VIP preview, concierge service, high-tier loyalty gifts."
14528,2011-11-02 17:09:00,2011-11-02 17:09:00,1,278,364.22,18,0.0,0.0,0.0,37,37,364.22,37.0,2,-0.0927,-0.1864,29.5,133.52,256.78,Promising New,"Welcome discount on 2nd purchase, onboarding email journey, product tips."
14529,2011-08-21 14:10:00,2011-10-10 15:27:00,3,325,578.61,177,0.0,0.0,0.0,60,110,192.87,25.0,3,-0.0186,0.0446,58.1,104.58,201.11,Potential Loyalists,"Offer bundle discounts, volume incentives, brand engagement newsletters."
14530,2011-02-16 10:47:00,2011-11-14 10:38:00,6,1395,2862.11,140,0.0,0.0,0.0,26,297,477.02,54.2,3,0.2578,0.1383,19.4,368.56,708.76,Champions (VIP),"Exclusive VIP preview, concierge service, high-tier loyalty gifts."
14532,2010-12-22 13:48:00,2011-04-17 13:05:00,4,284,932.85,45,0.0,0.0,0.0,236,352,233.21,38.7,1,-0.1623,0.2787,98.0,2.51,4.84,Hibernating / Inactive,"Automated reactivation campaign, steep 20% discount offer, clearance alerts."
14533,2010-12-22 11:07:00,2011-11-15 12:05:00,7,4019,1949.72,53,2.0,1242.0,22.22,25,353,278.53,54.7,3,0.2758,0.1472,18.9,212.55,408.74,Champions (VIP),"Exclusive VIP preview, concierge service, high-tier loyalty gifts."
14534,2011-01-25 12:33:00,2011-12-07 12:19:00,18,2027,4397.3,331,7.0,122.0,28.0,3,319,244.29,18.6,0,0.74,0.1476,10.7,584.08,1123.24,Champions (VIP),"Exclusive VIP preview, concierge service, high-tier loyalty gifts."
14535,2011-04-05 12:50:00,2011-10-10 15:39:00,3,1824,2854.84,280,1.0,6.0,25.0,60,248,951.61,94.0,3,0.0329,0.1124,29.1,387.27,744.75,Loyal Customers,"Cross-sell premium categories, early bird access, referral incentives."
14536,2011-03-25 12:21:00,2011-03-25 12:21:00,1,39,170.95,18,0.0,0.0,0.0,260,260,170.95,260.0,1,-0.4019,0.0147,61.3,12.07,23.22,Hibernating / Inactive,"Automated reactivation campaign, steep 20% discount offer, clearance alerts."
14537,2011-10-13 10:54:00,2011-10-13 10:54:00,1,120,355.56,10,0.0,0.0,0.0,58,58,355.56,58.0,2,-0.1585,-0.1342,34.1,121.84,234.31,Low Value Occasional,Target with low-barrier impulse buys and seasonal holiday campaigns.
14538,2011-03-28 14:57:00,2011-10-06 10:31:00,2,155,388.25,19,0.0,0.0,0.0,65,256,194.12,191.0,2,-0.0967,-0.0268,26.4,52.96,101.85,Low Value Occasional,Target with low-barrier impulse buys and seasonal holiday campaigns.
14539,2011-10-26 12:03:00,2011-11-24 09:50:00,2,428,537.48,31,0.0,0.0,0.0,16,45,268.74,29.0,2,0.1143,-0.1771,18.1,228.9,440.2,Promising New,"Welcome discount on 2nd purchase, onboarding email journey, product tips."
14540,2011-02-03 15:02:00,2011-11-30 10:15:00,3,411,952.66,64,0.0,0.0,0.0,10,309,317.55,149.5,2,0.2507,-0.1415,11.3,129.76,249.53,Loyal Customers,"Cross-sell premium categories, early bird access, referral incentives."
14541,2011-01-24 14:16:00,2011-10-12 10:08:00,8,641,1453.35,71,0.0,0.0,0.0,59,319,181.67,37.1,3,0.1646,0.262,44.7,119.55,229.9,Loyal Customers,"Cross-sell premium categories, early bird access, referral incentives."
14542,2011-06-07 08:19:00,2011-06-07 08:19:00,1,19,103.25,5,0.0,0.0,0.0,186,186,103.25,186.0,1,-0.3688,-0.047,61.3,10.19,19.6,Hibernating / Inactive,"Automated reactivation campaign, steep 20% discount offer, clearance alerts."
14543,2010-12-10 11:51:00,2011-11-11 12:45:00,16,675,3599.73,43,5.0,75.0,23.81,29,365,224.98,22.4,0,0.4149,0.3581,32.8,314.47,604.75,Champions (VIP),"Exclusive VIP preview, concierge service, high-tier loyalty gifts."
14544,2010-12-13 12:50:00,2011-11-15 15:06:00,2,1536,2004.3,97,0.0,0.0,0.0,24,361,1002.15,337.0,2,0.0998,-0.0745,14.5,225.25,433.17,Champions (VIP),"Exclusive VIP preview, concierge service, high-tier loyalty gifts."
14546,2011-04-05 12:37:00,2011-12-04 13:00:00,5,1313,2573.93,250,4.0,30.0,44.44,5,249,514.79,61.0,0,0.448,-0.0824,10.4,439.49,845.17,Champions (VIP),"Exclusive VIP preview, concierge service, high-tier loyalty gifts."
14547,2011-10-16 14:35:00,2011-12-06 11:06:00,8,2639,3974.75,198,1.0,10.0,11.11,4,54,496.84,7.1,0,0.5645,0.0042,12.2,1814.7,3489.8,Champions (VIP),"Exclusive VIP preview, concierge service, high-tier loyalty gifts."
14548,2011-01-26 08:38:00,2011-07-12 12:19:00,2,256,652.8,2,0.0,0.0,0.0,151,318,326.4,167.0,1,-0.2033,0.0962,53.3,45.49,87.48,Hibernating / Inactive,"Automated reactivation campaign, steep 20% discount offer, clearance alerts."
14549,2011-02-01 13:47:00,2011-02-01 13:47:00,1,136,289.24,56,0.0,0.0,0.0,311,311,289.24,311.0,1,-0.4114,0.0585,61.3,17.08,32.84,Hibernating / Inactive,"Automated reactivation campaign, steep 20% discount offer, clearance alerts."
14550,2011-10-26 12:14:00,2011-11-29 12:12:00,2,389,757.37,38,0.0,0.0,0.0,11,45,378.68,34.0,2,0.1769,-0.2046,14.2,337.9,649.81,Loyal Customers,"Cross-sell premium categories, early bird access, referral incentives."
14551,2011-05-19 18:21:00,2011-11-21 13:36:00,2,106,186.23,9,0.0,0.0,0.0,18,204,93.12,186.0,2,0.0637,-0.2085,13.4,37.51,72.14,Promising New,"Welcome discount on 2nd purchase, onboarding email journey, product tips."
14552,2011-07-11 12:49:00,2011-07-11 12:49:00,1,90,164.22,57,0.0,0.0,0.0,152,152,164.22,152.0,1,-0.3243,-0.0517,55.0,23.07,44.36,Hibernating / Inactive,"Automated reactivation campaign, steep 20% discount offer, clearance alerts."
14553,2011-01-04 15:40:00,2011-11-20 13:20:00,5,493,859.27,103,0.0,0.0,0.0,19,339,171.85,80.0,3,0.2345,0.0166,15.0,102.23,196.59,Loyal Customers,"Cross-sell premium categories, early bird access, referral incentives."
14554,2011-10-18 13:04:00,2011-11-29 16:44:00,4,1443,2279.49,147,0.0,0.0,0.0,10,52,569.87,14.0,0,0.3205,-0.0548,19.0,960.12,1846.38,Champions (VIP),"Exclusive VIP preview, concierge service, high-tier loyalty gifts."
14555,2011-02-10 17:19:00,2011-10-13 16:24:00,2,122,312.54,18,0.0,0.0,0.0,57,302,156.27,245.0,2,-0.0846,-0.0516,23.4,37.62,72.34,Low Value Occasional,Target with low-barrier impulse buys and seasonal holiday campaigns.
14557,2011-09-15 15:48:00,2011-09-15 15:48:00,1,510,788.38,16,1.0,510.0,50.0,85,85,788.38,85.0,1,-0.1885,-0.0549,40.1,245.56,472.24,Potential Loyalists,"Offer bundle discounts, volume incentives, brand engagement newsletters."
14560,2010-12-17 09:22:00,2011-12-02 15:22:00,22,1260,2237.77,39,2.0,37.0,8.33,7,358,101.72,16.7,0,0.6513,0.2453,14.4,253.9,488.26,Champions (VIP),"Exclusive VIP preview, concierge service, high-tier loyalty gifts."
14561,2011-06-08 13:26:00,2011-09-25 12:39:00,3,1014,1080.76,67,0.0,0.0,0.0,76,184,360.25,54.0,3,-0.0329,0.0993,45.2,152.73,293.71,Potential Loyalists,"Offer bundle discounts, volume incentives, brand engagement newsletters."
14562,2011-02-08 14:45:00,2011-12-06 11:05:00,18,1815,5006.77,187,4.0,152.0,18.18,4,304,278.15,17.6,0,0.7112,0.1801,11.6,690.82,1328.5,Champions (VIP),"Exclusive VIP preview, concierge service, high-tier loyalty gifts."
14565,2010-12-13 13:25:00,2011-09-05 09:07:00,4,1540,3099.12,111,2.0,8.0,33.33,96,361,774.78,88.3,3,0.0086,0.2216,44.1,227.71,437.9,Potential Loyalists,"Offer bundle discounts, volume incentives, brand engagement newsletters."
14567,2011-08-01 13:48:00,2011-10-14 10:21:00,2,412,1530.36,33,1.0,2.0,33.33,57,130,765.18,73.0,3,-0.0333,0.0158,30.5,388.21,746.57,Loyal Customers,"Cross-sell premium categories, early bird access, referral incentives."
14569,2011-12-08 14:58:00,2011-12-08 14:58:00,1,79,227.39,10,0.0,0.0,0.0,1,1,227.39,1.0,2,0.3274,-0.5626,9.4,107.13,206.02,Promising New,"Welcome discount on 2nd purchase, onboarding email journey, product tips."
14570,2011-03-04 10:39:00,2011-03-04 10:58:00,2,95,218.06,29,0.0,0.0,0.0,281,281,109.03,0.0,1,-0.33,0.1245,98.0,0.74,1.42,Hibernating / Inactive,"Automated reactivation campaign, steep 20% discount offer, clearance alerts."
14572,2011-01-19 17:23:00,2011-12-06 14:40:00,7,1420,2804.54,190,3.0,3.0,30.0,3,324,400.65,53.5,0,0.5643,-0.0638,9.7,370.89,713.25,Champions (VIP),"Exclusive VIP preview, concierge service, high-tier loyalty gifts."
14573,2010-12-02 19:59:00,2011-06-13 11:15:00,9,534,1639.82,127,4.0,6.0,30.77,180,372,182.2,24.0,3,0.0249,0.4242,98.0,4.18,8.04,At-Risk High Spenders,"High-priority win-back promotion, dedicated account check-in, special survey."
14576,2010-12-02 17:51:00,2010-12-02 17:51:00,1,12,35.4,1,0.0,0.0,0.0,372,372,35.4,372.0,1,-0.5049,-0.0082,61.3,1.75,3.36,Hibernating / Inactive,"Automated reactivation campaign, steep 20% discount offer, clearance alerts."
14577,2010-12-12 11:26:00,2011-11-27 12:47:00,4,353,859.71,86,0.0,0.0,0.0,13,363,214.93,116.7,0,0.2533,-0.067,12.4,98.44,189.32,Loyal Customers,"Cross-sell premium categories, early bird access, referral incentives."
14578,2011-12-06 17:18:00,2011-12-06 17:18:00,1,240,168.63,24,0.0,0.0,0.0,3,3,168.63,3.0,2,0.2153,-0.4914,11.2,77.87,149.74,Promising New,"Welcome discount on 2nd purchase, onboarding email journey, product tips."
14581,2011-11-23 12:39:00,2011-11-23 12:39:00,1,217,138.6,16,0.0,0.0,0.0,17,17,138.6,17.0,2,-0.0133,-0.3177,25.0,54.05,103.95,Promising New,"Welcome discount on 2nd purchase, onboarding email journey, product tips."
14582,2011-10-30 11:56:00,2011-10-30 11:56:00,1,73,114.11,6,0.0,0.0,0.0,41,41,114.11,41.0,2,-0.1448,-0.2234,30.4,41.3,79.42,Promising New,"Welcome discount on 2nd purchase, onboarding email journey, product tips."
14583,2011-05-18 11:28:00,2011-12-04 12:32:00,5,751,986.96,243,0.0,0.0,0.0,6,206,197.39,50.0,0,0.3942,-0.1045,11.0,202.33,389.09,Loyal Customers,"Cross-sell premium categories, early bird access, referral incentives."
14584,2011-05-25 17:31:00,2011-06-23 18:33:00,4,381,1033.06,68,1.0,4.0,20.0,169,198,258.26,9.7,3,-0.1099,0.2428,97.6,5.94,11.43,At-Risk High Spenders,"High-priority win-back promotion, dedicated account check-in, special survey."
14585,2011-10-20 14:33:00,2011-10-20 14:33:00,1,91,157.05,29,0.0,0.0,0.0,50,50,157.05,50.0,2,-0.1633,-0.1864,32.4,55.21,106.17,Low Value Occasional,Target with low-barrier impulse buys and seasonal holiday campaigns.
14586,2011-03-08 10:04:00,2011-03-08 10:04:00,1,444,237.36,19,2.0,208.0,66.67,277,277,237.36,277.0,1,-0.4007,0.0362,61.3,15.74,30.26,Hibernating / Inactive,"Automated reactivation campaign, steep 20% discount offer, clearance alerts."
14587,2011-01-12 13:16:00,2011-11-21 11:34:00,9,749,1580.29,170,1.0,2.0,10.0,19,331,175.59,39.0,0,0.3494,0.1561,17.9,185.99,357.68,Champions (VIP),"Exclusive VIP preview, concierge service, high-tier loyalty gifts."
14589,2010-12-03 11:42:00,2010-12-03 11:42:00,1,5,39.75,3,0.0,0.0,0.0,372,372,39.75,372.0,1,-0.5013,-0.0034,61.3,1.96,3.77,Hibernating / Inactive,"Automated reactivation campaign, steep 20% discount offer, clearance alerts."
14591,2011-05-10 14:09:00,2011-11-24 13:57:00,4,1228,1320.21,138,0.0,0.0,0.0,15,213,330.05,66.0,0,0.2474,-0.0327,14.0,252.93,486.4,Loyal Customers,"Cross-sell premium categories, early bird access, referral incentives."
14592,2011-10-06 18:08:00,2011-11-04 16:35:00,3,407,557.94,132,0.0,0.0,0.0,35,64,185.98,14.5,3,0.0582,-0.0207,52.8,136.94,263.35,Potential Loyalists,"Offer bundle discounts, volume incentives, brand engagement newsletters."
14593,2011-05-25 11:14:00,2011-11-18 12:48:00,3,330,617.15,127,0.0,0.0,0.0,22,199,205.72,88.5,2,0.1277,-0.0707,15.8,123.91,238.28,Potential Loyalists,"Offer bundle discounts, volume incentives, brand engagement newsletters."
14594,2010-12-01 13:54:00,2011-12-02 13:28:00,2,183,363.33,48,0.0,0.0,0.0,7,373,181.66,366.0,2,0.2131,-0.2849,10.2,41.5,79.82,Promising New,"Welcome discount on 2nd purchase, onboarding email journey, product tips."
14595,2011-01-30 13:36:00,2011-11-20 12:12:00,6,978,1740.6,94,0.0,0.0,0.0,20,313,290.1,58.6,3,0.2789,0.0868,16.4,220.6,424.22,Champions (VIP),"Exclusive VIP preview, concierge service, high-tier loyalty gifts."
14597,2011-06-01 12:33:00,2011-11-28 13:13:00,2,566,866.24,45,0.0,0.0,0.0,11,192,433.12,181.0,2,0.1812,-0.1989,11.5,189.46,364.35,Loyal Customers,"Cross-sell premium categories, early bird access, referral incentives."
14598,2011-10-26 13:19:00,2011-10-26 13:19:00,1,189,221.97,49,0.0,0.0,0.0,44,44,221.97,44.0,2,-0.1336,-0.187,31.0,79.64,153.16,Promising New,"Welcome discount on 2nd purchase, onboarding email journey, product tips."
14600,2011-02-07 09:48:00,2011-02-07 09:48:00,1,125,393.33,25,0.0,0.0,0.0,306,306,393.33,306.0,1,-0.3991,0.0696,61.3,23.6,45.39,Hibernating / Inactive,"Automated reactivation campaign, steep 20% discount offer, clearance alerts."
14601,2011-11-29 09:48:00,2011-11-29 09:48:00,1,168,213.96,7,0.0,0.0,0.0,11,11,213.96,11.0,2,0.0606,-0.3484,20.3,88.67,170.53,Promising New,"Welcome discount on 2nd purchase, onboarding email journey, product tips."
14603,2011-03-10 10:27:00,2011-03-10 10:27:00,1,400,660.0,2,0.0,0.0,0.0,275,275,660.0,275.0,1,-0.3667,0.0787,61.3,44.07,84.75,Hibernating / Inactive,"Automated reactivation campaign, steep 20% discount offer, clearance alerts."
14607,2011-03-23 15:22:00,2011-11-24 10:35:00,14,11526,16209.5,38,3.0,3768.0,17.65,16,261,1157.82,18.8,0,0.5242,0.3256,22.4,2286.79,4397.68,Champions (VIP),"Exclusive VIP preview, concierge service, high-tier loyalty gifts."
14608,2010-12-12 14:49:00,2011-12-05 16:52:00,4,437,1785.15,8,0.0,0.0,0.0,4,362,446.29,119.3,0,0.4292,-0.1605,9.7,211.3,406.34,Champions (VIP),"Exclusive VIP preview, concierge service, high-tier loyalty gifts."
14609,2011-02-16 12:10:00,2011-09-28 12:54:00,4,7026,601.56,2,0.0,0.0,0.0,72,297,150.39,75.0,3,-0.0023,0.1176,36.6,60.93,117.18,Potential Loyalists,"Offer bundle discounts, volume incentives, brand engagement newsletters."
14616,2011-01-26 12:42:00,2011-04-11 09:54:00,3,104,406.08,2,0.0,0.0,0.0,243,318,135.36,37.5,1,-0.235,0.1973,98.0,1.21,2.33,Hibernating / Inactive,"Automated reactivation campaign, steep 20% discount offer, clearance alerts."
14618,2011-01-06 11:59:00,2011-11-30 13:45:00,3,264,553.44,10,1.0,3.0,25.0,9,338,184.48,164.5,2,0.2473,-0.176,11.0,69.15,132.98,Potential Loyalists,"Offer bundle discounts, volume incentives, brand engagement newsletters."
14619,2011-04-08 07:37:00,2011-04-08 07:37:00,1,152,394.44,20,1.0,7.0,50.0,246,246,394.44,246.0,1,-0.3669,0.0434,61.3,29.44,56.62,Hibernating / Inactive,"Automated reactivation campaign, steep 20% discount offer, clearance alerts."
14620,2011-03-01 08:30:00,2011-05-18 11:58:00,2,214,412.78,26,1.0,26.0,33.33,206,284,206.39,78.0,1,-0.2637,0.1141,87.8,8.41,16.18,Hibernating / Inactive,"Automated reactivation campaign, steep 20% discount offer, clearance alerts."
14621,2010-12-16 13:00:00,2011-12-08 16:22:00,5,993,1788.36,80,1.0,6.0,16.67,1,358,357.67,89.2,0,0.5986,-0.2308,8.8,216.17,415.72,Champions (VIP),"Exclusive VIP preview, concierge service, high-tier loyalty gifts."
14622,2011-06-08 12:42:00,2011-06-08 12:42:00,1,146,320.58,21,0.0,0.0,0.0,185,185,320.58,185.0,1,-0.3316,0.0003,61.3,31.82,61.19,Hibernating / Inactive,"Automated reactivation campaign, steep 20% discount offer, clearance alerts."
14623,2011-04-18 13:54:00,2011-11-07 13:56:00,5,418,886.7,108,1.0,2.0,16.67,32,235,177.34,50.8,3,0.1615,0.0786,22.7,138.4,266.15,Loyal Customers,"Cross-sell premium categories, early bird access, referral incentives."
14624,2011-10-11 14:39:00,2011-10-13 13:44:00,2,162,225.85,13,0.0,0.0,0.0,57,59,112.92,2.0,2,-0.0951,-0.0654,70.0,35.23,67.75,Low Value Occasional,Target with low-barrier impulse buys and seasonal holiday campaigns.
14625,2010-12-13 15:36:00,2011-05-27 15:32:00,2,335,899.63,51,3.0,5.0,60.0,196,361,449.82,165.0,1,-0.2313,0.1412,64.4,42.1,80.96,Hibernating / Inactive,"Automated reactivation campaign, steep 20% discount offer, clearance alerts."
14626,2011-04-20 13:18:00,2011-11-16 10:37:00,4,1403,2791.27,108,3.0,16.0,42.86,24,233,697.82,69.7,3,0.2057,0.0531,17.3,470.1,904.04,Champions (VIP),"Exclusive VIP preview, concierge service, high-tier loyalty gifts."
14628,2011-04-11 14:43:00,2011-09-09 14:58:00,2,272,671.96,22,0.0,0.0,0.0,91,242,335.98,151.0,1,-0.1281,0.0367,35.5,84.98,163.43,Potential Loyalists,"Offer bundle discounts, volume incentives, brand engagement newsletters."
14629,2011-10-23 16:13:00,2011-12-05 16:55:00,2,378,955.26,133,1.0,4.0,33.33,4,47,477.63,43.0,2,0.3138,-0.3007,10.2,446.07,857.82,Loyal Customers,"Cross-sell premium categories, early bird access, referral incentives."
14631,2011-02-14 09:31:00,2011-10-20 11:17:00,3,622,1006.98,38,0.0,0.0,0.0,51,299,335.66,124.0,3,0.0229,0.0488,24.1,121.29,233.25,Loyal Customers,"Cross-sell premium categories, early bird access, referral incentives."
14632,2011-03-22 08:49:00,2011-03-22 08:49:00,1,96,114.56,8,0.0,0.0,0.0,263,263,114.56,263.0,1,-0.4165,-0.0009,61.3,8.0,15.38,Hibernating / Inactive,"Automated reactivation campaign, steep 20% discount offer, clearance alerts."
14633,2011-03-18 17:07:00,2011-03-18 17:07:00,1,96,344.9,20,0.0,0.0,0.0,266,266,344.9,266.0,1,-0.3827,0.0471,61.3,23.81,45.79,Hibernating / Inactive,"Automated reactivation campaign, steep 20% discount offer, clearance alerts."
14636,2011-03-16 09:52:00,2011-11-03 16:12:00,2,241,609.85,27,0.0,0.0,0.0,36,269,304.92,233.0,2,0.0034,-0.0776,18.0,88.21,169.63,Promising New,"Welcome discount on 2nd purchase, onboarding email journey, product tips."
14638,2011-10-20 10:10:00,2011-10-20 10:10:00,1,166,443.6,16,0.0,0.0,0.0,51,51,443.6,51.0,2,-0.1327,-0.1401,32.6,155.47,298.99,Potential Loyalists,"Offer bundle discounts, volume incentives, brand engagement newsletters."
14639,2010-12-13 13:50:00,2011-10-18 15:06:00,6,1431,2984.49,138,2.0,3.0,25.0,52,361,497.42,61.8,3,0.1594,0.2217,30.3,273.42,525.81,Loyal Customers,"Cross-sell premium categories, early bird access, referral incentives."
14640,2011-04-26 12:31:00,2011-11-15 13:07:00,6,880,2107.38,87,2.0,57.0,25.0,24,228,351.23,40.8,3,0.2593,0.116,20.4,349.11,671.36,Champions (VIP),"Exclusive VIP preview, concierge service, high-tier loyalty gifts."
14641,2011-11-18 10:42:00,2011-11-18 10:42:00,1,90,110.46,7,0.0,0.0,0.0,22,22,110.46,22.0,2,-0.0568,-0.2976,26.1,42.45,81.63,Promising New,"Welcome discount on 2nd purchase, onboarding email journey, product tips."
14642,2011-10-12 11:08:00,2011-10-12 11:08:00,1,76,96.12,2,0.0,0.0,0.0,59,59,96.12,59.0,2,-0.2031,-0.1875,34.4,32.79,63.05,Low Value Occasional,Target with low-barrier impulse buys and seasonal holiday campaigns.
14643,2010-12-16 17:53:00,2011-06-22 14:41:00,2,815,693.81,30,1.0,60.0,33.33,170,358,346.9,188.0,1,-0.2187,0.113,57.5,39.08,75.16,Hibernating / Inactive,"Automated reactivation campaign, steep 20% discount offer, clearance alerts."
14644,2011-02-14 14:14:00,2011-10-03 08:30:00,2,258,830.76,26,2.0,6.0,50.0,68,298,415.38,230.0,2,-0.0787,0.0109,26.6,97.09,186.72,Potential Loyalists,"Offer bundle discounts, volume incentives, brand engagement newsletters."
14645,2011-03-09 09:52:00,2011-07-06 09:15:00,2,381,597.09,28,0.0,0.0,0.0,157,276,298.54,119.0,1,-0.2119,0.0971,61.6,39.42,75.8,Hibernating / Inactive,"Automated reactivation campaign, steep 20% discount offer, clearance alerts."
14647,2011-05-22 13:40:00,2011-05-22 13:40:00,1,91,236.04,24,0.0,0.0,0.0,201,201,236.04,201.0,1,-0.3537,-0.0027,61.3,21.56,41.47,Hibernating / Inactive,"Automated reactivation campaign, steep 20% discount offer, clearance alerts."
14649,2011-05-11 14:37:00,2011-12-05 12:30:00,4,1004,1402.59,148,0.0,0.0,0.0,5,212,350.65,69.0,0,0.3944,-0.1487,10.3,281.6,541.53,Loyal Customers,"Cross-sell premium categories, early bird access, referral incentives."
14651,2011-05-12 16:29:00,2011-10-03 15:52:00,2,343,653.75,95,0.0,0.0,0.0,67,211,326.88,144.0,2,-0.0843,-0.0011,28.3,105.41,202.72,Potential Loyalists,"Offer bundle discounts, volume incentives, brand engagement newsletters."
14652,2011-09-23 14:21:00,2011-09-23 14:21:00,1,53,114.18,29,0.0,0.0,0.0,77,77,114.18,77.0,1,-0.2363,-0.1485,38.4,36.57,70.33,Low Value Occasional,Target with low-barrier impulse buys and seasonal holiday campaigns.
14653,2011-01-05 13:40:00,2011-12-08 13:45:00,7,945,1926.65,154,0.0,0.0,0.0,1,338,275.24,56.2,0,0.6546,-0.1636,8.9,246.4,473.85,Champions (VIP),"Exclusive VIP preview, concierge service, high-tier loyalty gifts."
14655,2011-05-01 14:59:00,2011-12-01 16:28:00,4,1089,1932.23,35,1.0,1.0,20.0,8,222,483.06,71.3,0,0.3448,-0.0861,11.3,366.33,704.47,Champions (VIP),"Exclusive VIP preview, concierge service, high-tier loyalty gifts."
14656,2011-03-01 13:19:00,2011-06-23 13:51:00,2,120,291.05,73,0.0,0.0,0.0,169,283,145.52,114.0,1,-0.2459,0.0755,67.2,16.01,30.78,Hibernating / Inactive,"Automated reactivation campaign, steep 20% discount offer, clearance alerts."
14657,2011-01-17 15:19:00,2011-11-22 12:47:00,4,466,848.22,103,1.0,1.0,20.0,18,326,212.06,102.7,3,0.2078,-0.0307,14.2,105.93,203.71,Loyal Customers,"Cross-sell premium categories, early bird access, referral incentives."
14658,2011-08-14 15:42:00,2011-12-04 15:35:00,2,47,247.15,27,0.0,0.0,0.0,5,117,123.58,112.0,2,0.2432,-0.336,10.0,90.21,173.49,Promising New,"Welcome discount on 2nd purchase, onboarding email journey, product tips."
14659,2011-01-28 12:43:00,2011-12-01 12:17:00,9,1195,2529.93,147,3.0,12.0,25.0,9,316,281.1,38.4,0,0.4671,0.0923,12.8,331.26,637.04,Champions (VIP),"Exclusive VIP preview, concierge service, high-tier loyalty gifts."
14660,2011-08-31 10:40:00,2011-09-14 11:34:00,2,228,285.74,24,0.0,0.0,0.0,87,101,142.87,14.0,1,-0.1491,-0.005,79.1,28.06,53.95,Low Value Occasional,Target with low-barrier impulse buys and seasonal holiday campaigns.
14661,2011-11-13 11:51:00,2011-11-13 11:51:00,1,35,107.95,4,0.0,0.0,0.0,27,27,107.95,27.0,2,-0.0867,-0.2748,27.3,40.81,78.48,Promising New,"Welcome discount on 2nd purchase, onboarding email journey, product tips."
14662,2011-01-27 17:41:00,2011-11-11 12:13:00,4,578,741.37,143,0.0,0.0,0.0,29,316,185.34,95.7,3,0.1359,0.0189,18.0,91.28,175.55,Loyal Customers,"Cross-sell premium categories, early bird access, referral incentives."
14664,2011-11-06 14:56:00,2011-11-20 10:59:00,2,465,636.24,78,0.0,0.0,0.0,20,33,318.12,13.0,2,0.0885,-0.1443,33.2,221.0,425.01,Promising New,"Welcome discount on 2nd purchase, onboarding email journey, product tips."
14665,2011-02-02 09:08:00,2011-10-10 09:14:00,5,740,1835.7,63,2.0,240.0,28.57,61,311,367.14,62.5,3,0.0918,0.1858,34.4,183.73,353.33,Potential Loyalists,"Offer bundle discounts, volume incentives, brand engagement newsletters."
14666,2011-11-15 12:57:00,2011-11-15 12:57:00,1,161,195.25,14,0.0,0.0,0.0,24,24,195.25,24.0,2,-0.0509,-0.2635,26.6,74.52,143.31,Promising New,"Welcome discount on 2nd purchase, onboarding email journey, product tips."
14669,2011-01-11 12:30:00,2011-04-12 11:43:00,3,770,1259.24,158,0.0,0.0,0.0,242,333,419.75,45.5,1,-0.1978,0.2448,98.0,3.59,6.9,At-Risk High Spenders,"High-priority win-back promotion, dedicated account check-in, special survey."
14670,2011-03-04 13:58:00,2011-03-04 14:13:00,2,326,392.86,107,0.0,0.0,0.0,280,280,196.43,0.0,1,-0.3105,0.149,98.0,1.33,2.56,Hibernating / Inactive,"Automated reactivation campaign, steep 20% discount offer, clearance alerts."
14672,2011-01-07 15:48:00,2011-04-19 10:19:00,2,454,765.55,58,0.0,0.0,0.0,235,336,382.78,101.0,1,-0.2632,0.1562,83.8,17.51,33.68,Hibernating / Inactive,"Automated reactivation campaign, steep 20% discount offer, clearance alerts."
14673,2010-12-07 12:49:00,2011-12-06 14:31:00,5,1004,1736.4,39,0.0,0.0,0.0,3,368,347.28,91.2,0,0.4952,-0.1482,9.5,202.62,389.66,Champions (VIP),"Exclusive VIP preview, concierge service, high-tier loyalty gifts."
14675,2011-11-23 12:58:00,2011-11-23 12:58:00,1,336,596.36,93,0.0,0.0,0.0,16,16,596.36,16.0,2,0.0421,-0.2628,24.8,233.2,448.46,Promising New,"Welcome discount on 2nd purchase, onboarding email journey, product tips."
14676,2011-03-01 14:26:00,2011-11-08 13:29:00,6,2500,2548.24,29,2.0,2.0,25.0,31,283,424.71,50.4,3,0.2289,0.154,22.3,331.98,638.43,Loyal Customers,"Cross-sell premium categories, early bird access, referral incentives."
14680,2010-12-03 12:05:00,2011-11-14 16:59:00,16,13476,28754.11,73,7.0,1002.0,30.43,25,372,1797.13,23.1,0,0.5032,0.4292,28.2,2633.4,5064.24,Champions (VIP),"Exclusive VIP preview, concierge service, high-tier loyalty gifts."
14681,2011-05-12 10:45:00,2011-09-29 15:52:00,3,76,498.95,6,0.0,0.0,0.0,71,212,166.32,70.5,3,-0.0479,0.0584,37.2,70.13,134.87,Potential Loyalists,"Offer bundle discounts, volume incentives, brand engagement newsletters."
14682,2011-05-22 12:51:00,2011-06-05 12:12:00,2,80,52.0,1,0.0,0.0,0.0,188,201,26.0,13.0,1,-0.3167,0.0157,98.0,0.25,0.47,Hibernating / Inactive,"Automated reactivation campaign, steep 20% discount offer, clearance alerts."
14684,2010-12-12 12:44:00,2011-11-14 11:33:00,5,821,1201.51,231,0.0,0.0,0.0,26,363,240.3,84.2,3,0.201,0.0672,17.4,129.73,249.48,Loyal Customers,"Cross-sell premium categories, early bird access, referral incentives."
14687,2011-08-25 11:59:00,2011-08-25 11:59:00,1,470,628.38,15,0.0,0.0,0.0,107,107,628.38,107.0,1,-0.2295,-0.0369,45.0,153.26,294.74,Potential Loyalists,"Offer bundle discounts, volume incentives, brand engagement newsletters."
14689,2011-05-15 11:22:00,2011-05-15 11:22:00,1,76,112.8,13,0.0,0.0,0.0,209,209,112.8,209.0,1,-0.3831,-0.0292,61.3,9.91,19.06,Hibernating / Inactive,"Automated reactivation campaign, steep 20% discount offer, clearance alerts."
14690,2011-07-11 11:58:00,2011-10-26 15:39:00,2,167,355.05,40,1.0,7.0,33.33,44,152,177.52,108.0,2,-0.043,-0.0769,22.5,85.9,165.18,Promising New,"Welcome discount on 2nd purchase, onboarding email journey, product tips."
14691,2011-05-11 09:55:00,2011-11-09 12:30:00,5,707,2114.33,50,0.0,0.0,0.0,31,213,422.87,45.5,3,0.1942,0.1118,23.2,361.74,695.65,Loyal Customers,"Cross-sell premium categories, early bird access, referral incentives."
14692,2011-01-21 13:47:00,2011-07-25 15:08:00,4,265,591.55,53,1.0,10.0,20.0,137,322,147.89,61.7,3,-0.097,0.1939,72.7,23.8,45.77,Potential Loyalists,"Offer bundle discounts, volume incentives, brand engagement newsletters."
14693,2011-03-20 12:50:00,2011-03-20 12:50:00,1,34,172.9,8,0.0,0.0,0.0,264,264,172.9,264.0,1,-0.4038,0.017,61.3,12.03,23.13,Hibernating / Inactive,"Automated reactivation campaign, steep 20% discount offer, clearance alerts."
14696,2010-12-01 15:37:00,2011-12-05 13:43:00,7,1630,2078.95,117,2.0,4.0,22.22,4,373,296.99,61.5,0,0.5216,-0.0496,10.0,238.02,457.73,Champions (VIP),"Exclusive VIP preview, concierge service, high-tier loyalty gifts."
14697,2011-05-05 15:29:00,2011-05-05 15:39:00,2,181,188.61,22,0.0,0.0,0.0,218,218,94.3,0.0,1,-0.2973,0.0877,98.0,0.82,1.58,Hibernating / Inactive,"Automated reactivation campaign, steep 20% discount offer, clearance alerts."
14698,2011-10-19 12:54:00,2011-12-08 12:26:00,5,602,1217.27,148,0.0,0.0,0.0,2,51,243.45,12.2,0,0.5263,-0.1981,10.3,567.77,1091.87,Loyal Customers,"Cross-sell premium categories, early bird access, referral incentives."
14699,2011-05-09 14:54:00,2011-05-09 14:54:00,1,77,109.13,8,0.0,0.0,0.0,214,214,109.13,214.0,1,-0.3877,-0.0277,61.3,9.36,18.01,Hibernating / Inactive,"Automated reactivation campaign, steep 20% discount offer, clearance alerts."
14700,2011-04-15 13:16:00,2011-11-07 14:40:00,3,1314,2195.1,80,0.0,0.0,0.0,32,238,731.7,103.0,3,0.1153,0.0269,18.7,355.8,684.23,Loyal Customers,"Cross-sell premium categories, early bird access, referral incentives."
14701,2011-01-27 12:40:00,2011-11-29 12:38:00,9,921,2526.09,268,3.0,23.0,25.0,11,317,280.68,38.2,0,0.4401,0.1142,13.8,325.94,626.81,Champions (VIP),"Exclusive VIP preview, concierge service, high-tier loyalty gifts."
14702,2010-12-09 19:23:00,2011-12-08 19:29:00,17,1439,3251.79,196,1.0,10.0,5.56,1,365,191.28,22.8,0,0.8226,0.0389,9.1,384.26,738.96,Champions (VIP),"Exclusive VIP preview, concierge service, high-tier loyalty gifts."
14703,2011-11-25 09:23:00,2011-11-25 09:23:00,1,183,318.17,22,0.0,0.0,0.0,15,15,318.17,15.0,2,0.0308,-0.2968,24.6,124.75,239.9,Promising New,"Welcome discount on 2nd purchase, onboarding email journey, product tips."
14704,2011-06-12 13:59:00,2011-11-28 12:51:00,9,1043,1493.96,288,0.0,0.0,0.0,11,180,166.0,21.1,0,0.4231,0.0919,16.6,328.46,631.65,Loyal Customers,"Cross-sell premium categories, early bird access, referral incentives."
14705,2011-05-25 12:39:00,2011-05-25 12:39:00,1,100,179.0,1,0.0,0.0,0.0,199,199,179.0,199.0,1,-0.3611,-0.0156,61.3,16.52,31.76,Hibernating / Inactive,"Automated reactivation campaign, steep 20% discount offer, clearance alerts."
14708,2010-12-06 12:23:00,2011-12-07 08:21:00,3,621,1126.37,25,1.0,6.0,25.0,3,369,375.46,183.0,0,0.4057,-0.2567,9.3,131.37,252.64,Loyal Customers,"Cross-sell premium categories, early bird access, referral incentives."
14709,2010-12-16 13:43:00,2011-11-24 15:41:00,13,2484,4921.04,71,1.0,2.0,7.14,15,358,378.54,28.6,0,0.4818,0.2522,17.5,538.1,1034.81,Champions (VIP),"Exclusive VIP preview, concierge service, high-tier loyalty gifts."
14710,2011-10-11 13:49:00,2011-11-25 14:53:00,4,375,599.48,124,0.0,0.0,0.0,14,59,149.87,15.0,0,0.2315,-0.074,23.3,239.1,459.8,Potential Loyalists,"Offer bundle discounts, volume incentives, brand engagement newsletters."
14711,2011-03-22 13:32:00,2011-11-29 14:58:00,11,966,2839.62,221,1.0,12.0,8.33,10,262,258.15,25.2,0,0.4907,0.1492,14.8,438.17,842.63,Champions (VIP),"Exclusive VIP preview, concierge service, high-tier loyalty gifts."
14712,2011-08-19 13:33:00,2011-11-10 12:59:00,3,315,917.07,21,0.0,0.0,0.0,29,112,305.69,41.5,3,0.1012,-0.0217,23.0,299.17,575.32,Loyal Customers,"Cross-sell premium categories, early bird access, referral incentives."
14713,2010-12-09 18:58:00,2011-11-30 16:26:00,11,1613,2662.2,146,1.0,2.0,8.33,9,365,242.02,35.6,0,0.5027,0.135,13.0,301.1,579.03,Champions (VIP),"Exclusive VIP preview, concierge service, high-tier loyalty gifts."
14714,2011-11-15 13:07:00,2011-11-15 13:07:00,1,229,160.19,10,0.0,0.0,0.0,24,24,160.19,24.0,2,-0.0572,-0.2719,26.6,61.14,117.58,Promising New,"Welcome discount on 2nd purchase, onboarding email journey, product tips."
14715,2011-01-12 13:27:00,2011-11-15 12:10:00,4,521,867.38,60,0.0,0.0,0.0,25,331,216.84,102.0,3,0.1621,0.0082,16.4,103.95,199.9,Loyal Customers,"Cross-sell premium categories, early bird access, referral incentives."
14716,2011-07-14 12:42:00,2011-10-27 17:29:00,2,495,307.51,46,0.0,0.0,0.0,43,149,153.76,106.0,2,-0.0443,-0.0857,22.3,76.09,146.33,Promising New,"Welcome discount on 2nd purchase, onboarding email journey, product tips."
14719,2011-04-04 14:17:00,2011-12-08 12:43:00,5,1025,1581.84,177,1.0,1.0,16.67,2,249,316.37,61.8,0,0.5347,-0.1869,9.2,273.71,526.36,Champions (VIP),"Exclusive VIP preview, concierge service, high-tier loyalty gifts."
14720,2011-08-05 12:06:00,2011-12-04 12:02:00,3,219,663.81,34,0.0,0.0,0.0,6,127,221.27,60.5,0,0.3059,-0.2115,10.8,221.23,425.44,Potential Loyalists,"Offer bundle discounts, volume incentives, brand engagement newsletters."
14722,2011-07-15 14:58:00,2011-07-15 14:58:00,1,118,180.42,28,0.0,0.0,0.0,147,147,180.42,147.0,1,-0.3163,-0.0517,53.9,26.85,51.63,Low Value Occasional,Target with low-barrier impulse buys and seasonal holiday campaigns.
14723,2010-12-03 14:18:00,2011-11-29 15:23:00,6,673,1122.36,193,0.0,0.0,0.0,10,371,187.06,72.2,0,0.3603,-0.0101,12.0,126.32,242.93,Loyal Customers,"Cross-sell premium categories, early bird access, referral incentives."
14725,2011-11-15 12:42:00,2011-11-15 12:42:00,1,588,655.58,45,0.0,0.0,0.0,25,25,655.58,25.0,2,-0.0176,-0.2074,26.8,249.54,479.88,Promising New,"Welcome discount on 2nd purchase, onboarding email journey, product tips."
14727,2011-03-10 14:45:00,2011-03-10 14:45:00,1,62,268.58,10,0.0,0.0,0.0,274,274,268.58,274.0,1,-0.3951,0.0401,61.3,18.0,34.62,Hibernating / Inactive,"Automated reactivation campaign, steep 20% discount offer, clearance alerts."
14729,2010-12-01 12:43:00,2010-12-01 12:43:00,1,197,313.49,69,0.0,0.0,0.0,374,374,313.49,374.0,1,-0.436,0.0842,61.3,15.39,29.6,Hibernating / Inactive,"Automated reactivation campaign, steep 20% discount offer, clearance alerts."
14730,2011-03-08 12:49:00,2011-12-08 14:39:00,8,1078,1897.57,317,0.0,0.0,0.0,1,277,237.2,39.4,0,0.6761,-0.1381,9.0,295.8,568.85,Champions (VIP),"Exclusive VIP preview, concierge service, high-tier loyalty gifts."
14731,2011-05-11 13:06:00,2011-10-23 15:54:00,3,256,380.02,38,0.0,0.0,0.0,47,212,126.67,82.5,3,0.0033,-0.0022,25.2,63.62,122.35,Low Value Occasional,Target with low-barrier impulse buys and seasonal holiday campaigns.
14732,2011-01-04 14:40:00,2011-12-01 14:34:00,8,1405,2702.49,105,2.0,3.0,20.0,8,339,337.81,47.3,0,0.4652,0.0589,11.9,333.25,640.87,Champions (VIP),"Exclusive VIP preview, concierge service, high-tier loyalty gifts."
14733,2010-12-07 11:30:00,2011-11-23 15:39:00,12,3764,9585.91,102,3.0,39.0,20.0,16,368,798.83,32.0,0,0.4806,0.2714,17.4,1020.95,1963.36,Champions (VIP),"Exclusive VIP preview, concierge service, high-tier loyalty gifts."
14737,2010-12-21 13:49:00,2011-12-06 10:16:00,3,345,1164.55,15,0.0,0.0,0.0,4,353,388.18,174.5,0,0.3738,-0.2283,9.6,141.51,272.13,Loyal Customers,"Cross-sell premium categories, early bird access, referral incentives."
14738,2011-01-27 14:10:00,2011-10-28 08:56:00,7,601,1314.45,39,2.0,25.0,22.22,43,316,187.78,45.5,3,0.1853,0.194,29.9,138.36,266.08,Loyal Customers,"Cross-sell premium categories, early bird access, referral incentives."
14739,2010-12-07 14:58:00,2011-12-05 16:54:00,7,3820,3902.28,47,1.0,3.0,12.5,4,367,557.47,60.5,0,0.542,-0.0228,10.0,454.08,873.23,Champions (VIP),"Exclusive VIP preview, concierge service, high-tier loyalty gifts."
14740,2011-03-01 08:35:00,2011-05-26 18:17:00,3,735,1448.21,85,1.0,6.0,25.0,197,284,482.74,43.5,1,-0.163,0.226,98.0,4.84,9.31,At-Risk High Spenders,"High-priority win-back promotion, dedicated account check-in, special survey."
14741,2010-12-02 08:43:00,2011-11-28 08:48:00,6,841,1400.34,35,0.0,0.0,0.0,12,373,233.39,72.2,0,0.3427,0.0195,12.7,155.52,299.07,Loyal Customers,"Cross-sell premium categories, early bird access, referral incentives."
14744,2010-12-08 10:21:00,2011-11-23 12:51:00,7,627,1099.98,21,2.0,2.0,22.22,16,367,157.14,58.5,0,0.3201,0.0714,14.8,121.17,233.02,Loyal Customers,"Cross-sell premium categories, early bird access, referral incentives."
14745,2011-02-27 15:25:00,2011-08-19 10:05:00,5,1038,1220.26,46,1.0,18.0,16.67,113,285,244.05,43.0,3,-0.0114,0.2421,72.8,55.26,106.27,Potential Loyalists,"Offer bundle discounts, volume incentives, brand engagement newsletters."
14747,2011-04-04 14:09:00,2011-04-04 14:09:00,1,84,328.2,18,1.0,2.0,50.0,249,249,328.2,249.0,1,-0.3746,0.0371,61.3,24.2,46.55,Hibernating / Inactive,"Automated reactivation campaign, steep 20% discount offer, clearance alerts."
14748,2010-12-06 10:19:00,2011-11-10 18:33:00,5,1223,1415.75,87,1.0,31.0,16.67,29,369,283.15,85.0,3,0.1907,0.0869,18.4,148.55,285.68,Loyal Customers,"Cross-sell premium categories, early bird access, referral incentives."
14752,2011-10-27 11:55:00,2011-10-27 11:55:00,1,260,389.64,5,0.0,0.0,0.0,44,44,389.64,44.0,2,-0.1155,-0.1631,31.0,139.8,268.85,Promising New,"Welcome discount on 2nd purchase, onboarding email journey, product tips."
14753,2011-09-13 14:50:00,2011-09-13 14:50:00,1,211,563.15,30,0.0,0.0,0.0,87,87,563.15,87.0,1,-0.2028,-0.0664,40.6,173.95,334.51,Potential Loyalists,"Offer bundle discounts, volume incentives, brand engagement newsletters."
14754,2011-02-17 12:21:00,2011-10-26 12:01:00,2,486,638.05,38,0.0,0.0,0.0,45,296,319.02,251.0,2,-0.0273,-0.0494,20.2,81.62,156.96,Promising New,"Welcome discount on 2nd purchase, onboarding email journey, product tips."
14755,2011-01-09 14:02:00,2011-11-30 11:24:00,11,2219,5010.28,128,1.0,2.0,8.33,10,334,455.48,32.4,0,0.509,0.1734,13.8,613.56,1179.93,Champions (VIP),"Exclusive VIP preview, concierge service, high-tier loyalty gifts."
14756,2011-11-24 18:13:00,2011-11-24 18:13:00,1,416,738.96,38,0.0,0.0,0.0,15,15,738.96,15.0,2,0.058,-0.261,24.6,289.73,557.18,Loyal Customers,"Cross-sell premium categories, early bird access, referral incentives."
14757,2011-09-25 14:36:00,2011-09-25 14:36:00,1,160,420.5,19,0.0,0.0,0.0,75,75,420.5,75.0,1,-0.1905,-0.0965,37.9,135.79,261.13,Potential Loyalists,"Offer bundle discounts, volume incentives, brand engagement newsletters."
14758,2011-03-25 12:10:00,2011-07-18 08:21:00,4,419,1484.06,54,0.0,0.0,0.0,145,260,371.02,38.3,3,-0.0756,0.2398,88.6,30.88,59.38,At-Risk High Spenders,"High-priority win-back promotion, dedicated account check-in, special survey."
14759,2011-04-21 10:55:00,2011-12-05 12:03:00,3,569,1625.97,92,0.0,0.0,0.0,5,233,541.99,114.0,0,0.3576,-0.1921,10.0,298.01,573.1,Champions (VIP),"Exclusive VIP preview, concierge service, high-tier loyalty gifts."
14760,2011-02-15 16:27:00,2011-02-15 16:27:00,1,40,89.2,5,1.0,12.0,50.0,297,297,89.2,297.0,1,-0.4424,0.0033,61.3,5.52,10.61,Hibernating / Inactive,"Automated reactivation campaign, steep 20% discount offer, clearance alerts."
14761,2011-01-09 12:03:00,2011-10-12 12:10:00,2,118,255.9,11,0.0,0.0,0.0,59,335,127.95,276.0,2,-0.0961,-0.056,23.7,27.66,53.18,Low Value Occasional,Target with low-barrier impulse buys and seasonal holiday campaigns.
14762,2011-03-21 08:20:00,2011-03-21 08:20:00,1,341,300.52,21,0.0,0.0,0.0,264,264,300.52,264.0,1,-0.386,0.0404,61.3,20.9,40.2,Hibernating / Inactive,"Automated reactivation campaign, steep 20% discount offer, clearance alerts."
14764,2011-10-24 11:54:00,2011-10-24 11:54:00,1,190,278.3,6,1.0,15.0,50.0,47,47,278.3,47.0,2,-0.1359,-0.1696,31.7,98.84,190.08,Low Value Occasional,Target with low-barrier impulse buys and seasonal holiday campaigns.
14765,2011-06-16 19:49:00,2011-11-10 19:53:00,3,135,254.11,38,0.0,0.0,0.0,29,176,84.7,73.5,2,0.0598,-0.0761,19.0,55.49,106.71,Low Value Occasional,Target with low-barrier impulse buys and seasonal holiday campaigns.
14766,2010-12-08 15:33:00,2011-12-01 16:05:00,6,1349,2473.37,111,2.0,26.0,25.0,8,366,412.23,71.6,0,0.4155,-0.0008,11.3,284.43,546.97,Champions (VIP),"Exclusive VIP preview, concierge service, high-tier loyalty gifts."
14768,2011-08-04 13:25:00,2011-11-22 12:54:00,2,52,192.6,4,1.0,18.0,33.33,17,127,96.3,110.0,2,0.0728,-0.2136,13.7,62.1,119.43,Promising New,"Welcome discount on 2nd purchase, onboarding email journey, product tips."
14769,2010-12-17 11:40:00,2011-12-07 10:24:00,8,7239,10416.98,718,2.0,30.0,20.0,3,358,1302.12,50.7,0,0.6287,0.0181,9.7,1246.76,2397.61,Champions (VIP),"Exclusive VIP preview, concierge service, high-tier loyalty gifts."
14770,2011-01-20 15:00:00,2011-04-21 14:21:00,2,490,876.42,49,0.0,0.0,0.0,232,323,438.21,91.0,1,-0.2569,0.1604,86.7,17.12,32.93,Hibernating / Inactive,"Automated reactivation campaign, steep 20% discount offer, clearance alerts."
14772,2011-08-19 15:04:00,2011-08-19 15:04:00,1,82,139.26,9,0.0,0.0,0.0,112,112,139.26,112.0,1,-0.2848,-0.0953,46.1,31.8,61.15,Low Value Occasional,Target with low-barrier impulse buys and seasonal holiday campaigns.
14775,2010-12-02 16:38:00,2011-10-12 15:27:00,3,1174,1011.9,57,0.0,0.0,0.0,58,372,337.3,157.0,3,0.0044,0.0643,25.2,96.55,185.66,Loyal Customers,"Cross-sell premium categories, early bird access, referral incentives."
14776,2011-01-31 13:17:00,2011-10-19 15:34:00,11,3134,2538.3,44,2.0,446.0,15.38,51,312,230.75,26.1,3,0.2574,0.3324,49.3,195.71,376.37,Loyal Customers,"Cross-sell premium categories, early bird access, referral incentives."
14778,2011-02-04 11:43:00,2011-08-04 15:23:00,2,306,730.86,34,0.0,0.0,0.0,127,309,365.43,182.0,1,-0.1742,0.0802,44.8,61.95,119.14,Potential Loyalists,"Offer bundle discounts, volume incentives, brand engagement newsletters."
14779,2011-01-20 12:04:00,2011-03-04 12:42:00,3,84,386.15,40,0.0,0.0,0.0,281,324,128.72,21.5,1,-0.258,0.2127,98.0,1.13,2.18,Hibernating / Inactive,"Automated reactivation campaign, steep 20% discount offer, clearance alerts."
14780,2011-09-21 15:15:00,2011-10-16 12:46:00,2,310,447.68,26,0.0,0.0,0.0,55,79,223.84,24.0,2,-0.0678,-0.0406,55.5,103.59,199.22,Potential Loyalists,"Offer bundle discounts, volume incentives, brand engagement newsletters."
14782,2011-01-24 11:12:00,2011-01-24 11:12:00,1,114,200.1,6,0.0,0.0,0.0,320,320,200.1,320.0,1,-0.4275,0.0463,61.3,11.48,22.08,Hibernating / Inactive,"Automated reactivation campaign, steep 20% discount offer, clearance alerts."
14784,2011-01-20 09:25:00,2011-11-13 13:30:00,2,237,289.99,15,0.0,0.0,0.0,26,324,145.0,298.0,2,0.026,-0.1473,15.1,36.06,69.34,Promising New,"Welcome discount on 2nd purchase, onboarding email journey, product tips."
14785,2011-11-24 13:40:00,2011-11-29 13:21:00,2,84,77.4,2,0.0,0.0,0.0,10,15,38.7,5.0,2,0.1164,-0.3117,19.0,32.6,62.69,Promising New,"Welcome discount on 2nd purchase, onboarding email journey, product tips."
14788,2011-11-13 15:52:00,2011-12-02 17:06:00,2,421,679.44,26,0.0,0.0,0.0,7,26,339.72,19.0,2,0.2333,-0.2583,13.8,304.55,585.68,Promising New,"Welcome discount on 2nd purchase, onboarding email journey, product tips."
14789,2011-11-11 08:59:00,2011-11-11 08:59:00,1,116,197.64,6,0.0,0.0,0.0,29,29,197.64,29.0,2,-0.0774,-0.2409,27.7,74.3,142.89,Promising New,"Welcome discount on 2nd purchase, onboarding email journey, product tips."
14790,2011-03-31 11:49:00,2011-11-23 09:28:00,4,699,745.06,30,0.0,0.0,0.0,17,254,186.26,79.0,3,0.2116,-0.0427,14.4,119.14,229.11,Loyal Customers,"Cross-sell premium categories, early bird access, referral incentives."
14792,2011-10-07 09:19:00,2011-10-07 09:19:00,1,2,6.2,2,1.0,2.0,50.0,64,64,6.2,64.0,1,-0.299,-0.2884,35.5,2.08,4.0,Low Value Occasional,Target with low-barrier impulse buys and seasonal holiday campaigns.
14793,2011-11-18 14:50:00,2011-11-18 14:50:00,1,91,228.99,14,1.0,3.0,50.0,21,21,228.99,21.0,2,-0.0269,-0.2722,25.9,88.23,169.68,Promising New,"Welcome discount on 2nd purchase, onboarding email journey, product tips."
14794,2011-01-09 16:11:00,2011-12-07 10:11:00,7,673,1319.91,68,2.0,4.0,22.22,3,334,188.56,55.2,0,0.5399,-0.0959,9.7,169.33,325.63,Loyal Customers,"Cross-sell premium categories, early bird access, referral incentives."
14795,2011-06-26 13:04:00,2011-06-26 13:04:00,1,17,131.45,6,0.0,0.0,0.0,166,166,131.45,166.0,1,-0.3444,-0.0505,58.1,15.74,30.28,Hibernating / Inactive,"Automated reactivation campaign, steep 20% discount offer, clearance alerts."
14796,2010-12-08 10:40:00,2011-12-08 15:31:00,17,5995,7975.49,403,10.0,83.0,37.04,1,367,469.15,22.9,0,0.8516,0.0771,9.1,937.33,1802.57,Champions (VIP),"Exclusive VIP preview, concierge service, high-tier loyalty gifts."
14798,2011-02-02 15:26:00,2011-10-18 10:58:00,3,150,173.74,11,0.0,0.0,0.0,53,310,57.91,128.5,2,-0.0394,-0.0211,24.6,20.05,38.56,Low Value Occasional,Target with low-barrier impulse buys and seasonal holiday campaigns.
14799,2011-10-19 16:16:00,2011-10-19 16:16:00,1,146,157.7,13,0.0,0.0,0.0,51,51,157.7,51.0,2,-0.166,-0.1839,32.6,55.27,106.29,Low Value Occasional,Target with low-barrier impulse buys and seasonal holiday campaigns.
14800,2010-12-05 11:10:00,2011-10-23 12:46:00,12,3644,4331.79,246,4.0,21.0,25.0,48,370,360.98,29.3,3,0.2984,0.3657,43.1,316.09,607.87,Loyal Customers,"Cross-sell premium categories, early bird access, referral incentives."
14801,2011-10-09 15:24:00,2011-10-09 15:24:00,1,173,189.34,56,0.0,0.0,0.0,61,61,189.34,61.0,2,-0.1861,-0.1549,34.8,64.19,123.45,Low Value Occasional,Target with low-barrier impulse buys and seasonal holiday campaigns.
14803,2011-02-20 13:21:00,2011-06-30 13:58:00,3,370,845.55,35,0.0,0.0,0.0,162,292,281.85,65.0,1,-0.1517,0.1796,82.0,24.73,47.56,Hibernating / Inactive,"Automated reactivation campaign, steep 20% discount offer, clearance alerts."
14804,2011-12-01 11:20:00,2011-12-01 11:20:00,1,121,353.27,12,0.0,0.0,0.0,9,9,353.27,9.0,2,0.1037,-0.3492,17.8,151.0,290.39,Promising New,"Welcome discount on 2nd purchase, onboarding email journey, product tips."
14805,2011-01-30 10:43:00,2011-11-24 16:20:00,4,114,546.4,30,0.0,0.0,0.0,15,314,136.6,99.7,2,0.219,-0.0701,13.3,71.59,137.67,Potential Loyalists,"Offer bundle discounts, volume incentives, brand engagement newsletters."
14806,2011-09-25 15:32:00,2011-09-25 15:32:00,1,330,193.39,11,0.0,0.0,0.0,75,75,193.39,75.0,1,-0.2156,-0.1294,37.9,62.45,120.1,Low Value Occasional,Target with low-barrier impulse buys and seasonal holiday campaigns.
14808,2011-06-20 12:53:00,2011-10-31 12:21:00,8,2120,2718.6,176,7.0,93.0,46.67,40,172,339.82,18.9,3,0.2412,0.2426,49.5,378.74,728.34,Loyal Customers,"Cross-sell premium categories, early bird access, referral incentives."
14810,2010-12-05 12:08:00,2011-10-30 11:19:00,11,1015,2085.33,106,0.0,0.0,0.0,41,370,189.58,32.9,3,0.2826,0.2982,34.6,174.9,336.35,Loyal Customers,"Cross-sell premium categories, early bird access, referral incentives."
14813,2010-12-05 11:54:00,2010-12-05 11:57:00,2,66,152.88,25,0.0,0.0,0.0,370,370,76.44,0.0,1,-0.382,0.1426,98.0,0.39,0.75,Hibernating / Inactive,"Automated reactivation campaign, steep 20% discount offer, clearance alerts."
14815,2011-10-03 11:36:00,2011-11-03 11:36:00,2,744,778.5,53,0.0,0.0,0.0,37,68,389.25,31.0,2,0.0073,-0.064,32.8,272.04,523.15,Loyal Customers,"Cross-sell premium categories, early bird access, referral incentives."
14816,2011-05-26 13:16:00,2011-05-26 13:16:00,1,5,271.85,4,0.0,0.0,0.0,197,197,271.85,197.0,1,-0.3462,0.0009,61.3,25.34,48.73,Hibernating / Inactive,"Automated reactivation campaign, steep 20% discount offer, clearance alerts."
14817,2011-03-07 13:51:00,2011-05-23 13:35:00,2,655,1110.34,52,0.0,0.0,0.0,200,277,555.17,77.0,1,-0.2274,0.1526,87.3,24.16,46.45,At-Risk High Spenders,"High-priority win-back promotion, dedicated account check-in, special survey."
14818,2011-03-31 12:28:00,2011-09-27 11:01:00,3,324,657.8,41,0.0,0.0,0.0,74,254,219.27,90.0,3,-0.045,0.075,34.9,80.0,153.84,Potential Loyalists,"Offer bundle discounts, volume incentives, brand engagement newsletters."
14819,2011-05-31 13:50:00,2011-10-06 13:41:00,2,109,272.07,13,0.0,0.0,0.0,64,192,136.04,128.0,2,-0.1059,-0.0437,28.1,48.35,92.97,Low Value Occasional,Target with low-barrier impulse buys and seasonal holiday campaigns.
14820,2011-06-19 14:56:00,2011-11-18 15:41:00,4,253,507.29,24,0.0,0.0,0.0,21,173,126.82,50.7,3,0.1695,-0.0347,17.5,114.79,220.74,Potential Loyalists,"Offer bundle discounts, volume incentives, brand engagement newsletters."
14821,2010-12-08 08:43:00,2010-12-08 08:43:00,1,20,48.8,2,0.0,0.0,0.0,367,367,48.8,367.0,1,-0.4928,0.0035,61.3,2.44,4.7,Hibernating / Inactive,"Automated reactivation campaign, steep 20% discount offer, clearance alerts."
14823,2011-05-29 12:48:00,2011-06-12 13:12:00,3,88,321.43,56,0.0,0.0,0.0,180,195,107.14,7.5,1,-0.1984,0.1512,98.0,1.56,3.01,Hibernating / Inactive,"Automated reactivation campaign, steep 20% discount offer, clearance alerts."
14824,2011-09-09 14:12:00,2011-11-29 14:20:00,4,525,1127.71,19,0.0,0.0,0.0,10,91,281.93,27.0,0,0.2978,-0.0847,14.5,501.38,964.2,Loyal Customers,"Cross-sell premium categories, early bird access, referral incentives."
14825,2010-12-06 12:30:00,2011-12-06 11:38:00,12,989,2221.01,82,0.0,0.0,0.0,4,369,185.08,33.2,0,0.6142,0.0612,10.5,255.61,491.55,Champions (VIP),"Exclusive VIP preview, concierge service, high-tier loyalty gifts."
14828,2011-01-07 09:50:00,2011-05-27 10:16:00,3,2172,2139.76,17,0.0,0.0,0.0,197,337,713.25,70.0,1,-0.1504,0.2426,89.7,31.03,59.68,At-Risk High Spenders,"High-priority win-back promotion, dedicated account check-in, special survey."
14829,2010-12-02 16:12:00,2011-11-10 16:16:00,4,452,697.55,39,2.0,38.0,33.33,29,372,174.39,114.3,3,0.1339,0.0163,17.4,73.49,141.34,Potential Loyalists,"Offer bundle discounts, volume incentives, brand engagement newsletters."
14830,2011-10-17 14:29:00,2011-10-17 14:29:00,1,164,188.88,39,0.0,0.0,0.0,53,53,188.88,53.0,2,-0.1658,-0.1717,33.0,65.81,126.55,Low Value Occasional,Target with low-barrier impulse buys and seasonal holiday campaigns.
14834,2011-04-13 15:00:00,2011-11-22 10:30:00,6,734,1720.3,43,2.0,3.0,25.0,18,240,286.72,44.4,0,0.2933,0.0742,16.7,283.32,544.85,Champions (VIP),"Exclusive VIP preview, concierge service, high-tier loyalty gifts."
14836,2011-11-09 13:26:00,2011-11-29 16:45:00,3,45,102.45,5,0.0,0.0,0.0,10,30,34.15,10.0,2,0.1789,-0.2359,19.0,43.15,82.98,Low Value Occasional,Target with low-barrier impulse buys and seasonal holiday campaigns.
14837,2011-05-22 12:49:00,2011-09-11 10:58:00,4,1436,1649.5,96,1.0,6.0,20.0,90,202,412.38,37.3,3,-0.0023,0.1871,65.0,135.62,260.8,Potential Loyalists,"Offer bundle discounts, volume incentives, brand engagement newsletters."
14840,2011-03-17 12:00:00,2011-03-17 12:00:00,1,31,62.85,4,0.0,0.0,0.0,268,268,62.85,268.0,1,-0.4384,-0.0238,61.3,4.31,8.28,Hibernating / Inactive,"Automated reactivation campaign, steep 20% discount offer, clearance alerts."
14841,2010-12-16 10:28:00,2011-10-17 15:03:00,6,1778,3295.76,103,0.0,0.0,0.0,53,359,549.29,61.2,3,0.1599,0.2282,30.9,301.0,578.85,Loyal Customers,"Cross-sell premium categories, early bird access, referral incentives."
14842,2011-02-04 15:32:00,2011-10-27 12:37:00,4,1166,2824.69,128,4.0,20.0,50.0,44,308,706.17,88.0,3,0.1191,0.1248,23.7,332.03,638.52,Loyal Customers,"Cross-sell premium categories, early bird access, referral incentives."
14844,2011-04-12 13:10:00,2011-10-07 10:41:00,4,1833,3189.81,87,0.0,0.0,0.0,64,241,797.45,59.0,3,0.0687,0.1744,36.9,396.29,762.09,Potential Loyalists,"Offer bundle discounts, volume incentives, brand engagement newsletters."
14847,2011-07-14 10:52:00,2011-07-14 10:52:00,1,120,309.4,13,0.0,0.0,0.0,149,149,309.4,149.0,1,-0.3009,-0.0272,54.4,44.93,86.4,Low Value Occasional,Target with low-barrier impulse buys and seasonal holiday campaigns.
14850,2011-02-01 11:21:00,2011-02-01 11:21:00,1,293,325.75,21,1.0,8.0,50.0,312,312,325.75,312.0,1,-0.408,0.0639,61.3,19.17,36.87,Hibernating / Inactive,"Automated reactivation campaign, steep 20% discount offer, clearance alerts."
14851,2011-03-28 14:59:00,2011-11-16 14:20:00,2,325,511.35,28,0.0,0.0,0.0,23,256,255.68,233.0,2,0.0617,-0.1375,14.5,81.04,155.84,Promising New,"Welcome discount on 2nd purchase, onboarding email journey, product tips."
14852,2011-04-01 13:22:00,2011-10-12 13:20:00,6,1747,2836.69,96,0.0,0.0,0.0,58,252,472.78,38.8,3,0.1419,0.2325,42.8,305.52,587.54,Loyal Customers,"Cross-sell premium categories, early bird access, referral incentives."
14853,2011-05-12 15:17:00,2011-11-15 16:56:00,2,82,475.8,8,1.0,1.0,33.33,24,211,237.9,187.0,2,0.0534,-0.1356,15.0,90.95,174.9,Promising New,"Welcome discount on 2nd purchase, onboarding email journey, product tips."
14854,2011-03-10 12:22:00,2011-09-22 17:00:00,7,1820,2740.03,110,1.0,10.0,12.5,78,275,391.43,32.8,3,0.1225,0.2961,61.8,180.6,347.31,Potential Loyalists,"Offer bundle discounts, volume incentives, brand engagement newsletters."
14855,2011-07-28 12:06:00,2011-08-12 14:02:00,2,267,645.65,13,0.0,0.0,0.0,119,135,322.82,16.0,1,-0.1687,0.0671,86.4,30.86,59.35,Potential Loyalists,"Offer bundle discounts, volume incentives, brand engagement newsletters."
14856,2011-10-14 09:35:00,2011-11-03 14:53:00,3,711,1290.53,65,0.0,0.0,0.0,36,57,430.18,10.5,3,0.0812,0.0182,55.0,301.99,580.74,Loyal Customers,"Cross-sell premium categories, early bird access, referral incentives."
14857,2011-07-14 15:03:00,2011-10-11 09:23:00,2,464,1173.12,58,1.0,9.0,33.33,60,148,586.56,88.0,3,-0.0494,0.0106,29.7,264.41,508.47,Loyal Customers,"Cross-sell premium categories, early bird access, referral incentives."
14859,2011-05-19 14:42:00,2011-11-27 11:18:00,4,671,1353.74,47,1.0,2.0,20.0,13,204,338.44,63.7,0,0.268,-0.0477,13.3,273.0,525.01,Loyal Customers,"Cross-sell premium categories, early bird access, referral incentives."
14860,2011-11-20 14:17:00,2011-11-20 14:17:00,1,232,170.32,11,1.0,2.0,50.0,19,19,170.32,19.0,2,-0.0223,-0.2963,25.5,65.98,126.89,Promising New,"Welcome discount on 2nd purchase, onboarding email journey, product tips."
14861,2011-10-18 12:54:00,2011-10-18 12:54:00,1,117,125.79,6,0.0,0.0,0.0,52,52,125.79,52.0,2,-0.1761,-0.1912,32.8,43.96,84.53,Low Value Occasional,Target with low-barrier impulse buys and seasonal holiday campaigns.
14862,2011-07-14 11:20:00,2011-11-14 10:01:00,2,772,841.2,47,0.0,0.0,0.0,26,149,420.6,123.0,2,0.0604,-0.1021,16.3,224.22,431.19,Loyal Customers,"Cross-sell premium categories, early bird access, referral incentives."
14863,2011-11-10 15:04:00,2011-11-10 15:04:00,1,132,266.76,11,0.0,0.0,0.0,29,29,266.76,29.0,2,-0.0678,-0.2282,27.7,100.29,192.87,Promising New,"Welcome discount on 2nd purchase, onboarding email journey, product tips."
14865,2010-12-02 18:23:00,2011-12-02 16:25:00,2,108,52.2,4,0.0,0.0,0.0,7,372,26.1,365.0,2,0.1509,-0.3667,10.2,5.98,11.5,Promising New,"Welcome discount on 2nd purchase, onboarding email journey, product tips."
14866,2010-12-08 14:58:00,2011-11-29 11:45:00,12,6752,14389.9,30,1.0,183.0,7.69,11,366,1199.16,32.3,0,0.5452,0.2465,14.4,1596.94,3071.03,Champions (VIP),"Exclusive VIP preview, concierge service, high-tier loyalty gifts."
14867,2011-01-07 16:34:00,2011-06-07 11:39:00,3,328,710.28,31,1.0,1.0,25.0,186,336,236.76,75.0,1,-0.1776,0.1888,85.9,14.14,27.2,Hibernating / Inactive,"Automated reactivation campaign, steep 20% discount offer, clearance alerts."
14868,2011-04-20 13:36:00,2011-12-06 14:49:00,8,1405,2953.59,96,1.0,6.0,11.11,3,233,369.2,32.9,0,0.5879,-0.0354,10.0,541.35,1041.05,Champions (VIP),"Exclusive VIP preview, concierge service, high-tier loyalty gifts."
14869,2011-08-28 16:09:00,2011-12-01 12:36:00,2,549,721.45,66,1.0,1.0,33.33,9,103,360.72,94.0,2,0.2023,-0.2288,11.4,294.46,566.28,Loyal Customers,"Cross-sell premium categories, early bird access, referral incentives."
14870,2011-03-23 10:51:00,2011-03-23 10:51:00,1,119,327.25,13,0.0,0.0,0.0,262,262,327.25,262.0,1,-0.3822,0.0431,61.3,22.94,44.11,Hibernating / Inactive,"Automated reactivation campaign, steep 20% discount offer, clearance alerts."
14871,2010-12-14 12:18:00,2011-12-06 13:42:00,4,179,501.28,68,0.0,0.0,0.0,3,361,125.32,119.3,0,0.4211,-0.2415,9.4,59.69,114.8,Potential Loyalists,"Offer bundle discounts, volume incentives, brand engagement newsletters."
14873,2011-05-13 13:52:00,2011-05-13 13:52:00,1,168,519.68,28,0.0,0.0,0.0,210,210,519.68,210.0,1,-0.3347,0.036,61.3,45.44,87.39,Hibernating / Inactive,"Automated reactivation campaign, steep 20% discount offer, clearance alerts."
14875,2011-03-22 11:53:00,2011-08-24 12:20:00,2,558,1465.32,46,3.0,4.0,60.0,108,263,732.66,155.0,1,-0.128,0.0903,40.6,157.04,301.99,Potential Loyalists,"Offer bundle discounts, volume incentives, brand engagement newsletters."
14878,2010-12-16 12:11:00,2011-11-27 11:15:00,9,799,1476.09,62,0.0,0.0,0.0,13,359,164.01,43.2,0,0.3999,0.1101,14.4,167.0,321.16,Loyal Customers,"Cross-sell premium categories, early bird access, referral incentives."
14880,2011-02-24 12:27:00,2011-09-23 13:42:00,3,365,690.59,45,0.0,0.0,0.0,77,289,230.2,106.0,3,-0.0492,0.0818,34.1,74.72,143.7,Potential Loyalists,"Offer bundle discounts, volume incentives, brand engagement newsletters."
14881,2011-11-20 11:06:00,2011-11-20 11:06:00,1,316,255.4,17,0.0,0.0,0.0,20,20,255.4,20.0,2,-0.0165,-0.2732,25.7,98.68,189.76,Promising New,"Welcome discount on 2nd purchase, onboarding email journey, product tips."
14882,2011-11-06 10:15:00,2011-11-13 12:47:00,2,158,589.7,6,0.0,0.0,0.0,27,34,294.85,7.0,2,0.0435,-0.1128,43.5,173.25,333.18,Promising New,"Welcome discount on 2nd purchase, onboarding email journey, product tips."
14883,2011-05-12 09:49:00,2011-11-21 10:23:00,6,790,761.59,39,1.0,1.0,14.29,19,212,126.93,38.6,3,0.2594,0.0458,18.0,139.78,268.8,Loyal Customers,"Cross-sell premium categories, early bird access, referral incentives."
14885,2011-07-31 12:05:00,2011-07-31 12:05:00,1,724,765.32,15,0.0,0.0,0.0,132,132,765.32,132.0,1,-0.2539,-0.0034,50.6,135.9,261.35,Potential Loyalists,"Offer bundle discounts, volume incentives, brand engagement newsletters."
14886,2011-04-01 08:56:00,2011-04-01 08:56:00,1,160,364.8,18,0.0,0.0,0.0,253,253,364.8,253.0,1,-0.3735,0.0435,61.3,26.48,50.92,Hibernating / Inactive,"Automated reactivation campaign, steep 20% discount offer, clearance alerts."
14887,2011-09-21 15:32:00,2011-09-21 15:32:00,1,1100,1862.0,6,0.0,0.0,0.0,79,79,1862.0,79.0,1,-0.1501,-0.0271,38.8,592.56,1139.54,Potential Loyalists,"Offer bundle discounts, volume incentives, brand engagement newsletters."
14888,2011-05-16 14:58:00,2011-05-16 14:58:00,1,184,369.2,20,0.0,0.0,0.0,207,207,369.2,207.0,1,-0.3436,0.0198,61.3,32.75,62.98,Hibernating / Inactive,"Automated reactivation campaign, steep 20% discount offer, clearance alerts."
14889,2011-01-07 15:19:00,2011-01-07 15:19:00,1,90,135.9,10,0.0,0.0,0.0,336,336,135.9,336.0,1,-0.4471,0.0359,61.3,7.43,14.28,Hibernating / Inactive,"Automated reactivation campaign, steep 20% discount offer, clearance alerts."
14890,2011-03-31 11:57:00,2011-03-31 11:57:00,1,51,125.65,7,0.0,0.0,0.0,254,254,125.65,254.0,1,-0.4084,-0.0012,61.3,9.08,17.47,Hibernating / Inactive,"Automated reactivation campaign, steep 20% discount offer, clearance alerts."
14891,2011-06-05 10:58:00,2011-07-14 18:08:00,2,505,554.38,30,0.0,0.0,0.0,148,188,277.19,40.0,1,-0.2056,0.0868,88.9,15.53,29.87,Potential Loyalists,"Offer bundle discounts, volume incentives, brand engagement newsletters."
14893,2011-11-28 10:49:00,2011-11-30 12:31:00,2,799,1237.85,72,0.0,0.0,0.0,10,12,618.93,2.0,2,0.2056,-0.1943,19.0,521.39,1002.67,Loyal Customers,"Cross-sell premium categories, early bird access, referral incentives."
14894,2011-09-15 13:51:00,2011-09-15 13:51:00,1,265,655.75,23,0.0,0.0,0.0,85,85,655.75,85.0,1,-0.1945,-0.0627,40.1,204.25,392.79,Potential Loyalists,"Offer bundle discounts, volume incentives, brand engagement newsletters."
14896,2010-12-09 12:24:00,2011-05-19 10:20:00,2,279,468.77,43,0.0,0.0,0.0,205,366,234.39,161.0,1,-0.2589,0.1189,65.9,20.72,39.85,Hibernating / Inactive,"Automated reactivation campaign, steep 20% discount offer, clearance alerts."
14897,2011-02-16 08:37:00,2011-12-02 10:32:00,4,468,1366.38,43,0.0,0.0,0.0,8,297,341.6,96.3,0,0.3336,-0.1008,11.0,194.29,373.63,Loyal Customers,"Cross-sell premium categories, early bird access, referral incentives."
14898,2010-12-03 15:25:00,2011-11-16 14:54:00,6,1001,1269.31,86,2.0,12.0,25.0,23,371,211.55,69.6,3,0.2489,0.0895,16.9,134.9,259.43,Loyal Customers,"Cross-sell premium categories, early bird access, referral incentives."
14901,2010-12-02 11:20:00,2011-11-28 17:09:00,9,661,1421.29,73,1.0,2.0,10.0,11,373,157.92,45.2,0,0.4215,0.0898,13.3,156.76,301.46,Loyal Customers,"Cross-sell premium categories, early bird access, referral incentives."
14902,2011-11-14 10:34:00,2011-11-14 10:34:00,1,218,332.66,20,1.0,9.0,50.0,26,26,332.66,26.0,2,-0.0451,-0.2316,27.0,126.28,242.84,Promising New,"Welcome discount on 2nd purchase, onboarding email journey, product tips."
14903,2011-03-06 11:50:00,2011-11-18 16:07:00,5,1531,2795.33,227,5.0,45.0,50.0,21,279,559.07,64.5,3,0.2586,0.0783,16.4,397.44,764.31,Champions (VIP),"Exclusive VIP preview, concierge service, high-tier loyalty gifts."
14904,2011-11-14 09:13:00,2011-12-07 12:55:00,2,1985,1025.44,66,0.0,0.0,0.0,2,26,512.72,24.0,0,0.3916,-0.3595,9.7,481.51,925.97,Loyal Customers,"Cross-sell premium categories, early bird access, referral incentives."
14905,2011-04-20 10:48:00,2011-07-05 12:41:00,2,287,616.15,14,1.0,13.0,33.33,158,234,308.08,76.0,1,-0.2118,0.0992,75.1,31.11,59.83,Hibernating / Inactive,"Automated reactivation campaign, steep 20% discount offer, clearance alerts."
14907,2010-12-07 10:14:00,2011-12-06 14:14:00,7,1691,3501.1,125,3.0,5.0,30.0,3,368,500.16,60.8,0,0.5715,-0.0544,9.6,408.1,784.8,Champions (VIP),"Exclusive VIP preview, concierge service, high-tier loyalty gifts."
14908,2011-09-26 12:56:00,2011-09-26 12:56:00,1,132,277.8,9,0.0,0.0,0.0,74,74,277.8,74.0,1,-0.2019,-0.1157,37.7,90.0,173.07,Low Value Occasional,Target with low-barrier impulse buys and seasonal holiday campaigns.
14910,2011-10-16 11:06:00,2011-12-07 10:06:00,4,238,434.35,25,3.0,17.0,42.86,3,55,108.59,17.3,0,0.4165,-0.2476,10.8,201.47,387.45,Potential Loyalists,"Offer bundle discounts, volume incentives, brand engagement newsletters."
14913,2010-12-15 14:35:00,2011-11-04 08:29:00,4,1743,1227.43,76,0.0,0.0,0.0,36,359,306.86,107.7,3,0.1212,0.0657,19.9,129.95,249.9,Loyal Customers,"Cross-sell premium categories, early bird access, referral incentives."
14915,2011-03-07 09:39:00,2011-09-09 13:34:00,2,112,307.48,12,1.0,7.0,33.33,91,278,153.74,187.0,1,-0.1533,0.0035,33.9,34.69,66.71,Low Value Occasional,Target with low-barrier impulse buys and seasonal holiday campaigns.
14916,2011-01-19 15:30:00,2011-09-30 09:20:00,4,1136,1268.98,72,1.0,4.0,20.0,71,324,317.24,84.3,3,0.0238,0.1476,34.5,121.73,234.09,Potential Loyalists,"Offer bundle discounts, volume incentives, brand engagement newsletters."
14918,2011-07-08 12:50:00,2011-08-16 11:50:00,2,675,1610.15,39,0.0,0.0,0.0,116,154,805.08,38.0,1,-0.1354,0.1029,77.7,110.63,212.76,Potential Loyalists,"Offer bundle discounts, volume incentives, brand engagement newsletters."
14920,2011-05-11 10:31:00,2011-05-11 10:32:00,2,509,977.77,57,0.0,0.0,0.0,213,213,488.88,0.0,1,-0.2408,0.1547,98.0,4.36,8.38,Hibernating / Inactive,"Automated reactivation campaign, steep 20% discount offer, clearance alerts."
14921,2011-05-22 12:51:00,2011-11-09 13:17:00,2,953,1316.07,78,0.0,0.0,0.0,30,201,658.04,171.0,2,0.0544,-0.0664,16.8,258.49,497.1,Loyal Customers,"Cross-sell premium categories, early bird access, referral incentives."
14923,2011-10-20 11:51:00,2011-10-20 11:51:00,1,418,749.1,44,0.0,0.0,0.0,51,51,749.1,51.0,2,-0.1158,-0.1179,32.6,262.54,504.89,Loyal Customers,"Cross-sell premium categories, early bird access, referral incentives."
14924,2011-04-08 09:25:00,2011-04-08 09:25:00,1,64,310.05,10,0.0,0.0,0.0,246,246,310.05,246.0,1,-0.3746,0.0332,61.3,23.14,44.51,Hibernating / Inactive,"Automated reactivation campaign, steep 20% discount offer, clearance alerts."
14929,2011-11-07 17:21:00,2011-11-07 17:21:00,1,136,223.88,11,0.0,0.0,0.0,32,32,223.88,32.0,2,-0.0875,-0.2241,28.4,83.36,160.3,Promising New,"Welcome discount on 2nd purchase, onboarding email journey, product tips."
14944,2011-02-16 12:47:00,2011-11-10 09:10:00,12,2815,5900.25,101,2.0,14.0,14.29,30,297,491.69,24.3,0,0.3761,0.3235,31.9,641.95,1234.51,Champions (VIP),"Exclusive VIP preview, concierge service, high-tier loyalty gifts."
14946,2011-11-25 13:33:00,2011-11-25 13:33:00,1,22,100.9,3,0.0,0.0,0.0,14,14,100.9,14.0,2,0.0035,-0.3531,24.4,39.67,76.28,Promising New,"Welcome discount on 2nd purchase, onboarding email journey, product tips."
14947,2011-08-01 09:31:00,2011-09-28 15:48:00,2,179,290.82,14,0.0,0.0,0.0,72,131,145.41,59.0,1,-0.1209,-0.0268,41.0,62.15,119.52,Low Value Occasional,Target with low-barrier impulse buys and seasonal holiday campaigns.
14948,2011-05-04 14:52:00,2011-11-16 17:16:00,6,673,1101.97,56,1.0,12.0,14.29,23,219,183.66,39.2,3,0.2443,0.0835,20.1,190.77,366.86,Loyal Customers,"Cross-sell premium categories, early bird access, referral incentives."
14950,2011-11-20 13:48:00,2011-11-20 13:48:00,1,136,371.2,19,1.0,1.0,50.0,19,19,371.2,19.0,2,0.0028,-0.2633,25.5,143.8,276.54,Promising New,"Welcome discount on 2nd purchase, onboarding email journey, product tips."
14951,2011-09-21 15:15:00,2011-09-21 15:15:00,1,311,311.69,20,0.0,0.0,0.0,79,79,311.69,79.0,1,-0.2078,-0.103,38.8,99.19,190.75,Low Value Occasional,Target with low-barrier impulse buys and seasonal holiday campaigns.
14952,2010-12-10 12:48:00,2011-10-11 10:33:00,11,3355,8099.49,117,4.0,60.0,26.67,60,365,736.32,30.5,3,0.2713,0.401,51.5,510.67,982.07,Loyal Customers,"Cross-sell premium categories, early bird access, referral incentives."
14953,2011-11-14 14:59:00,2011-11-14 14:59:00,1,224,285.67,54,0.0,0.0,0.0,25,25,285.67,25.0,2,-0.0444,-0.2426,26.8,108.74,209.11,Promising New,"Welcome discount on 2nd purchase, onboarding email journey, product tips."
14954,2011-11-27 14:30:00,2011-11-27 14:30:00,1,117,294.85,75,0.0,0.0,0.0,12,12,294.85,12.0,2,0.0591,-0.3251,21.6,120.2,231.16,Promising New,"Welcome discount on 2nd purchase, onboarding email journey, product tips."
14957,2011-03-31 17:59:00,2011-03-31 17:59:00,1,34,58.49,12,0.0,0.0,0.0,253,253,58.49,253.0,1,-0.4322,-0.0338,61.3,4.25,8.16,Hibernating / Inactive,"Automated reactivation campaign, steep 20% discount offer, clearance alerts."
14958,2011-04-08 11:28:00,2011-07-15 14:20:00,3,128,483.73,33,0.0,0.0,0.0,147,246,161.24,49.5,1,-0.1554,0.1442,83.9,15.02,28.89,Potential Loyalists,"Offer bundle discounts, volume incentives, brand engagement newsletters."
14959,2011-02-16 13:00:00,2011-10-06 18:23:00,4,494,695.42,37,1.0,3.0,20.0,64,296,173.86,77.3,3,0.0195,0.1097,32.7,75.03,144.28,Potential Loyalists,"Offer bundle discounts, volume incentives, brand engagement newsletters."
14960,2011-06-21 13:38:00,2011-12-01 12:54:00,2,221,221.27,23,0.0,0.0,0.0,8,171,110.64,163.0,2,0.1797,-0.2916,10.7,54.83,105.45,Promising New,"Welcome discount on 2nd purchase, onboarding email journey, product tips."
14961,2010-12-14 11:38:00,2011-11-29 09:42:00,9,3708,7044.68,193,3.0,16.0,25.0,11,361,782.74,43.8,0,0.4732,0.1578,13.4,801.88,1542.07,Champions (VIP),"Exclusive VIP preview, concierge service, high-tier loyalty gifts."
14962,2011-03-14 09:42:00,2011-03-14 09:42:00,1,44,126.7,5,0.0,0.0,0.0,271,271,126.7,271.0,1,-0.4177,0.007,61.3,8.59,16.51,Hibernating / Inactive,"Automated reactivation campaign, steep 20% discount offer, clearance alerts."
14963,2011-06-09 12:30:00,2011-11-30 12:16:00,5,1159,1472.34,149,0.0,0.0,0.0,10,184,294.47,43.5,0,0.3403,-0.0328,13.0,330.33,635.25,Loyal Customers,"Cross-sell premium categories, early bird access, referral incentives."
14964,2011-04-06 14:13:00,2011-04-06 14:13:00,1,143,206.21,13,0.0,0.0,0.0,247,247,206.21,247.0,1,-0.3883,0.0164,61.3,15.33,29.48,Hibernating / Inactive,"Automated reactivation campaign, steep 20% discount offer, clearance alerts."
14965,2011-09-04 13:15:00,2011-09-04 13:20:00,2,363,596.09,80,0.0,0.0,0.0,96,96,298.04,0.0,1,-0.1398,0.038,81.2,55.39,106.52,Potential Loyalists,"Offer bundle discounts, volume incentives, brand engagement newsletters."
14966,2011-11-25 12:20:00,2011-11-25 12:20:00,1,179,183.02,35,0.0,0.0,0.0,15,15,183.02,15.0,2,0.013,-0.3202,24.6,71.76,138.0,Promising New,"Welcome discount on 2nd purchase, onboarding email journey, product tips."
14967,2011-10-21 11:06:00,2011-10-21 11:06:00,1,140,463.8,6,0.0,0.0,0.0,50,50,463.8,50.0,2,-0.1284,-0.1406,32.4,163.03,313.53,Potential Loyalists,"Offer bundle discounts, volume incentives, brand engagement newsletters."
14968,2011-11-09 13:58:00,2011-11-09 13:58:00,1,127,147.59,37,0.0,0.0,0.0,30,30,147.59,30.0,2,-0.0917,-0.2493,27.9,55.33,106.41,Promising New,"Welcome discount on 2nd purchase, onboarding email journey, product tips."
14970,2011-01-27 12:23:00,2011-10-02 13:44:00,4,250,1592.06,24,0.0,0.0,0.0,68,317,398.02,83.0,3,0.0374,0.1521,33.5,158.48,304.76,Potential Loyalists,"Offer bundle discounts, volume incentives, brand engagement newsletters."
14971,2011-10-27 13:33:00,2011-11-04 17:07:00,3,639,1097.98,144,0.0,0.0,0.0,35,43,365.99,4.0,3,0.08,0.008,53.9,263.21,506.16,Loyal Customers,"Cross-sell premium categories, early bird access, referral incentives."
14972,2011-08-03 14:54:00,2011-08-03 14:54:00,1,28,114.77,18,0.0,0.0,0.0,128,128,114.77,128.0,1,-0.3105,-0.0874,49.7,21.4,41.15,Low Value Occasional,Target with low-barrier impulse buys and seasonal holiday campaigns.
14973,2011-04-28 12:22:00,2011-08-24 15:51:00,3,369,1314.45,29,0.0,0.0,0.0,107,226,438.15,59.5,3,-0.0766,0.1485,59.1,112.87,217.07,Potential Loyalists,"Offer bundle discounts, volume incentives, brand engagement newsletters."
14974,2011-11-02 13:01:00,2011-11-02 13:01:00,1,37,89.94,17,0.0,0.0,0.0,37,37,89.94,37.0,2,-0.1376,-0.2455,29.5,32.97,63.41,Promising New,"Welcome discount on 2nd purchase, onboarding email journey, product tips."
14975,2011-10-13 14:08:00,2011-10-13 14:08:00,1,380,279.94,11,0.0,0.0,0.0,57,57,279.94,57.0,2,-0.1637,-0.1464,33.9,96.22,185.04,Low Value Occasional,Target with low-barrier impulse buys and seasonal holiday campaigns.
14976,2011-01-17 11:09:00,2011-10-13 16:37:00,7,234,790.86,47,1.0,4.0,12.5,57,327,112.98,45.0,3,0.1281,0.2059,38.5,70.58,135.72,Loyal Customers,"Cross-sell premium categories, early bird access, referral incentives."
14978,2011-01-13 12:03:00,2011-09-28 13:07:00,5,523,1921.37,136,0.0,0.0,0.0,72,331,384.27,64.8,3,0.0691,0.2075,39.1,167.74,322.57,Potential Loyalists,"Offer bundle discounts, volume incentives, brand engagement newsletters."
14981,2011-04-07 13:45:00,2011-04-07 13:45:00,1,97,102.12,8,0.0,0.0,0.0,246,246,102.12,246.0,1,-0.4103,-0.0138,61.3,7.62,14.66,Hibernating / Inactive,"Automated reactivation campaign, steep 20% discount offer, clearance alerts."
14984,2011-06-12 11:04:00,2011-11-20 14:28:00,2,58,202.37,37,0.0,0.0,0.0,19,181,101.18,162.0,2,0.0588,-0.1988,13.8,45.73,87.94,Promising New,"Welcome discount on 2nd purchase, onboarding email journey, product tips."
14985,2010-12-16 19:51:00,2011-05-25 14:29:00,2,256,292.01,78,0.0,0.0,0.0,198,358,146.0,160.0,1,-0.2691,0.0947,65.3,13.43,25.83,Hibernating / Inactive,"Automated reactivation campaign, steep 20% discount offer, clearance alerts."
14987,2010-12-09 12:13:00,2011-11-24 09:59:00,2,128,326.4,2,0.0,0.0,0.0,16,366,163.2,350.0,2,0.0982,-0.1982,12.5,37.03,71.2,Promising New,"Welcome discount on 2nd purchase, onboarding email journey, product tips."
14988,2011-05-12 12:05:00,2011-05-12 12:05:00,1,141,334.54,40,0.0,0.0,0.0,212,212,334.54,212.0,1,-0.3503,0.0185,61.3,28.98,55.73,Hibernating / Inactive,"Automated reactivation campaign, steep 20% discount offer, clearance alerts."
14995,2011-03-04 13:14:00,2011-11-01 11:39:00,2,102,231.98,53,0.0,0.0,0.0,39,280,115.99,241.0,2,-0.0393,-0.1092,18.7,31.96,61.46,Promising New,"Welcome discount on 2nd purchase, onboarding email journey, product tips."
14997,2011-06-14 16:52:00,2011-10-24 13:28:00,3,1120,546.2,25,1.0,18.0,25.0,46,178,182.07,66.0,3,0.0181,0.0106,26.8,106.58,204.97,Potential Loyalists,"Offer bundle discounts, volume incentives, brand engagement newsletters."
14998,2011-04-12 16:28:00,2011-06-22 17:30:00,2,258,414.87,70,0.0,0.0,0.0,170,241,207.44,71.0,1,-0.2353,0.0912,82.5,14.29,27.49,Hibernating / Inactive,"Automated reactivation campaign, steep 20% discount offer, clearance alerts."
15000,2011-10-23 11:42:00,2011-10-23 11:42:00,1,218,490.52,76,0.0,0.0,0.0,48,48,490.52,48.0,2,-0.1207,-0.143,31.9,173.7,334.04,Potential Loyalists,"Offer bundle discounts, volume incentives, brand engagement newsletters."
15002,2010-12-07 13:16:00,2011-08-16 10:44:00,4,862,1641.76,93,0.0,0.0,0.0,116,367,410.44,83.7,3,-0.0396,0.2173,53.7,98.28,189.0,Potential Loyalists,"Offer bundle discounts, volume incentives, brand engagement newsletters."
15004,2011-07-15 14:05:00,2011-07-15 14:05:00,1,623,1220.77,154,0.0,0.0,0.0,147,147,1220.77,147.0,1,-0.2547,0.0294,53.9,181.66,349.34,At-Risk High Spenders,"High-priority win-back promotion, dedicated account check-in, special survey."
15006,2011-10-19 15:08:00,2011-10-19 15:08:00,1,286,480.38,121,0.0,0.0,0.0,51,51,480.38,51.0,2,-0.1301,-0.1367,32.6,168.36,323.78,Potential Loyalists,"Offer bundle discounts, volume incentives, brand engagement newsletters."
15007,2011-07-03 16:00:00,2011-07-03 16:00:00,1,69,156.91,12,0.0,0.0,0.0,159,159,156.91,159.0,1,-0.3323,-0.0482,56.6,20.32,39.08,Hibernating / Inactive,"Automated reactivation campaign, steep 20% discount offer, clearance alerts."
15009,2011-11-14 17:40:00,2011-11-27 13:35:00,3,639,1259.43,148,0.0,0.0,0.0,12,25,419.81,6.5,2,0.2351,-0.1094,21.6,513.44,987.39,Loyal Customers,"Cross-sell premium categories, early bird access, referral incentives."
15010,2011-11-04 12:42:00,2011-11-04 12:42:00,1,184,308.94,20,0.0,0.0,0.0,36,36,308.94,36.0,2,-0.0941,-0.1966,29.3,113.58,218.42,Promising New,"Welcome discount on 2nd purchase, onboarding email journey, product tips."
15012,2010-12-01 12:49:00,2011-10-17 12:22:00,2,225,405.04,110,0.0,0.0,0.0,54,374,202.52,320.0,2,-0.0684,-0.047,22.1,40.03,76.98,Potential Loyalists,"Offer bundle discounts, volume incentives, brand engagement newsletters."
15014,2011-06-16 19:40:00,2011-10-27 20:07:00,2,149,257.67,29,0.0,0.0,0.0,43,176,128.84,133.0,2,-0.05,-0.0932,21.3,54.67,105.14,Promising New,"Welcome discount on 2nd purchase, onboarding email journey, product tips."
15016,2011-06-20 12:06:00,2011-06-20 12:06:00,1,76,170.04,20,0.0,0.0,0.0,173,173,170.04,173.0,1,-0.3422,-0.0346,59.7,18.8,36.14,Hibernating / Inactive,"Automated reactivation campaign, steep 20% discount offer, clearance alerts."
15017,2011-11-06 10:33:00,2011-11-06 10:33:00,1,63,125.58,20,0.0,0.0,0.0,34,34,125.58,34.0,2,-0.1148,-0.2414,28.8,46.49,89.41,Promising New,"Welcome discount on 2nd purchase, onboarding email journey, product tips."
15018,2010-12-07 10:47:00,2011-11-01 12:47:00,3,189,496.21,30,1.0,1.0,25.0,39,368,165.4,164.5,3,0.0388,-0.013,19.5,51.5,99.05,Potential Loyalists,"Offer bundle discounts, volume incentives, brand engagement newsletters."
15019,2011-03-18 12:35:00,2011-03-18 12:35:00,1,150,252.81,64,0.0,0.0,0.0,267,267,252.81,267.0,1,-0.3933,0.0344,61.3,17.39,33.44,Hibernating / Inactive,"Automated reactivation campaign, steep 20% discount offer, clearance alerts."
15021,2010-12-08 12:17:00,2011-12-01 11:53:00,9,819,1871.77,287,4.0,18.0,30.77,9,367,207.97,44.8,0,0.4573,0.0795,12.4,211.99,407.68,Champions (VIP),"Exclusive VIP preview, concierge service, high-tier loyalty gifts."
15022,2011-10-23 15:47:00,2011-11-28 12:35:00,4,527,852.39,96,0.0,0.0,0.0,12,47,213.1,11.7,0,0.264,-0.0764,21.6,347.51,668.28,Loyal Customers,"Cross-sell premium categories, early bird access, referral incentives."
15023,2010-12-05 13:49:00,2011-12-06 17:23:00,11,2827,6720.41,347,1.0,8.0,8.33,3,369,610.95,36.6,0,0.6681,0.0635,9.9,778.63,1497.37,Champions (VIP),"Exclusive VIP preview, concierge service, high-tier loyalty gifts."
15024,2010-12-07 13:20:00,2011-11-30 12:06:00,10,902,1636.43,105,0.0,0.0,0.0,10,367,163.64,39.7,0,0.4567,0.1065,13.2,183.65,353.16,Champions (VIP),"Exclusive VIP preview, concierge service, high-tier loyalty gifts."
15025,2011-11-06 15:20:00,2011-11-06 15:20:00,1,184,361.96,66,0.0,0.0,0.0,33,33,361.96,33.0,2,-0.0765,-0.2001,28.6,134.39,258.44,Promising New,"Welcome discount on 2nd purchase, onboarding email journey, product tips."
15026,2011-03-07 13:45:00,2011-09-20 13:52:00,3,285,469.0,57,0.0,0.0,0.0,80,277,156.33,98.5,3,-0.0673,0.07,36.1,51.34,98.72,Potential Loyalists,"Offer bundle discounts, volume incentives, brand engagement newsletters."
15027,2011-04-15 14:14:00,2011-11-09 10:16:00,4,565,1066.15,30,2.0,2.0,33.33,31,238,266.54,69.0,3,0.1381,0.0421,20.1,169.84,326.61,Loyal Customers,"Cross-sell premium categories, early bird access, referral incentives."
15028,2010-12-06 12:47:00,2011-12-01 14:06:00,4,459,627.13,35,0.0,0.0,0.0,8,369,156.78,120.3,0,0.3085,-0.1339,10.9,71.85,138.18,Potential Loyalists,"Offer bundle discounts, volume incentives, brand engagement newsletters."
15030,2011-03-16 15:34:00,2011-09-29 10:50:00,2,372,518.28,7,0.0,0.0,0.0,72,268,259.14,196.0,1,-0.1023,-0.0023,28.3,65.79,126.53,Potential Loyalists,"Offer bundle discounts, volume incentives, brand engagement newsletters."
15031,2011-03-02 14:46:00,2011-12-05 14:19:00,4,400,653.19,74,0.0,0.0,0.0,4,282,163.3,92.7,0,0.3967,-0.2032,9.8,99.14,190.65,Potential Loyalists,"Offer bundle discounts, volume incentives, brand engagement newsletters."
15032,2010-12-08 12:57:00,2011-03-28 15:03:00,3,2968,4959.1,29,2.0,300.0,40.0,256,366,1653.03,55.0,3,-0.1618,0.3099,98.0,12.86,24.73,At-Risk High Spenders,"High-priority win-back promotion, dedicated account check-in, special survey."
15033,2011-01-14 13:28:00,2011-12-05 12:40:00,10,1672,2557.18,315,1.0,3.0,9.09,5,329,255.72,36.0,0,0.5607,0.0521,10.9,328.61,631.95,Champions (VIP),"Exclusive VIP preview, concierge service, high-tier loyalty gifts."
15034,2010-12-21 09:47:00,2011-11-24 12:11:00,8,2413,4274.16,299,3.0,11.0,27.27,16,354,534.27,48.3,0,0.3859,0.1553,15.4,484.68,932.07,Champions (VIP),"Exclusive VIP preview, concierge service, high-tier loyalty gifts."
15035,2011-09-11 11:08:00,2011-09-11 11:08:00,1,245,252.73,26,0.0,0.0,0.0,90,90,252.73,90.0,1,-0.2336,-0.0963,41.3,77.14,148.35,Low Value Occasional,Target with low-barrier impulse buys and seasonal holiday campaigns.
15036,2011-06-13 12:19:00,2011-09-28 15:42:00,3,316,429.56,107,0.0,0.0,0.0,72,180,143.19,54.0,3,-0.0548,0.0537,43.0,64.55,124.13,Potential Loyalists,"Offer bundle discounts, volume incentives, brand engagement newsletters."
15038,2010-12-05 10:54:00,2011-10-12 11:33:00,6,212,685.74,105,1.0,30.0,14.29,59,370,114.29,62.2,3,0.0936,0.1742,33.5,58.48,112.46,Potential Loyalists,"Offer bundle discounts, volume incentives, brand engagement newsletters."
15041,2011-06-22 16:16:00,2011-06-22 16:16:00,1,103,179.93,66,0.0,0.0,0.0,170,170,179.93,170.0,1,-0.3378,-0.0343,59.0,20.59,39.6,Hibernating / Inactive,"Automated reactivation campaign, steep 20% discount offer, clearance alerts."
15042,2011-05-24 16:25:00,2011-05-24 16:25:00,1,30,135.93,5,0.0,0.0,0.0,199,199,135.93,199.0,1,-0.3699,-0.0272,61.3,12.54,24.12,Hibernating / Inactive,"Automated reactivation campaign, steep 20% discount offer, clearance alerts."
15043,2011-11-08 14:26:00,2011-11-08 14:26:00,1,300,537.0,3,0.0,0.0,0.0,31,31,537.0,31.0,2,-0.0548,-0.1907,28.1,200.77,386.1,Promising New,"Welcome discount on 2nd purchase, onboarding email journey, product tips."
15044,2010-12-12 14:27:00,2011-11-20 13:20:00,17,2785,7634.73,233,5.0,9.0,22.73,19,362,449.1,21.4,0,0.5098,0.3538,23.7,763.56,1468.39,Champions (VIP),"Exclusive VIP preview, concierge service, high-tier loyalty gifts."
15045,2011-03-27 11:44:00,2011-07-11 11:33:00,2,114,735.66,11,1.0,8.0,33.33,152,258,367.83,106.0,1,-0.2004,0.1021,62.6,50.6,97.31,Hibernating / Inactive,"Automated reactivation campaign, steep 20% discount offer, clearance alerts."
15046,2011-01-05 15:30:00,2011-11-30 15:50:00,15,3372,5090.42,147,1.0,144.0,6.25,9,338,339.36,23.5,0,0.5772,0.2265,14.4,611.71,1176.36,Champions (VIP),"Exclusive VIP preview, concierge service, high-tier loyalty gifts."
15047,2011-03-15 10:49:00,2011-03-15 10:49:00,1,222,343.62,22,0.0,0.0,0.0,270,270,343.62,270.0,1,-0.385,0.0488,61.3,23.37,44.94,Hibernating / Inactive,"Automated reactivation campaign, steep 20% discount offer, clearance alerts."
15048,2010-12-06 12:15:00,2011-10-05 14:55:00,4,192,381.0,86,1.0,12.0,20.0,65,369,95.25,101.3,3,-0.0022,0.086,30.2,34.2,65.76,Potential Loyalists,"Offer bundle discounts, volume incentives, brand engagement newsletters."
15049,2011-03-11 12:13:00,2011-03-11 12:13:00,1,63,121.17,3,0.0,0.0,0.0,274,274,121.17,274.0,1,-0.4207,0.0064,61.3,8.12,15.62,Hibernating / Inactive,"Automated reactivation campaign, steep 20% discount offer, clearance alerts."
15050,2011-09-29 13:22:00,2011-11-14 16:17:00,3,1216,1737.69,68,2.0,40.0,40.0,25,71,579.23,23.0,3,0.143,-0.0119,28.3,647.88,1245.92,Champions (VIP),"Exclusive VIP preview, concierge service, high-tier loyalty gifts."
15051,2011-07-12 15:29:00,2011-11-16 15:38:00,3,1010,1383.36,130,0.0,0.0,0.0,23,150,461.12,63.5,3,0.1474,-0.0312,17.3,361.9,695.96,Loyal Customers,"Cross-sell premium categories, early bird access, referral incentives."
15052,2011-01-24 15:52:00,2011-01-24 15:52:00,1,79,207.73,27,0.0,0.0,0.0,319,319,207.73,319.0,1,-0.4258,0.0476,61.3,11.96,23.0,Hibernating / Inactive,"Automated reactivation campaign, steep 20% discount offer, clearance alerts."
15053,2011-03-03 12:06:00,2011-12-05 12:08:00,3,984,693.95,49,0.0,0.0,0.0,5,282,231.32,138.5,0,0.3301,-0.2282,9.9,105.21,202.32,Potential Loyalists,"Offer bundle discounts, volume incentives, brand engagement newsletters."
15054,2011-10-30 14:33:00,2011-11-27 15:02:00,2,198,302.1,105,0.0,0.0,0.0,12,40,151.05,28.0,2,0.1354,-0.234,15.7,132.43,254.67,Promising New,"Welcome discount on 2nd purchase, onboarding email journey, product tips."
15057,2011-01-28 09:09:00,2011-03-09 15:17:00,2,668,1489.5,25,0.0,0.0,0.0,275,316,744.75,41.0,1,-0.2648,0.2034,98.0,4.47,8.6,At-Risk High Spenders,"High-priority win-back promotion, dedicated account check-in, special survey."
15058,2011-01-31 15:35:00,2011-11-14 14:57:00,11,1054,2102.54,199,0.0,0.0,0.0,25,312,191.14,28.7,0,0.3538,0.2405,24.7,240.78,463.04,Champions (VIP),"Exclusive VIP preview, concierge service, high-tier loyalty gifts."
15059,2011-01-09 11:54:00,2011-10-30 11:35:00,9,604,1337.72,161,2.0,2.0,18.18,41,335,148.64,36.8,3,0.2343,0.2388,32.3,128.28,246.69,Loyal Customers,"Cross-sell premium categories, early bird access, referral incentives."
15060,2011-11-30 14:03:00,2011-12-01 13:47:00,4,257,294.25,81,0.0,0.0,0.0,8,9,73.56,0.3,0,0.2841,-0.166,16.6,127.61,245.4,Potential Loyalists,"Offer bundle discounts, volume incentives, brand engagement newsletters."
15062,2010-12-15 15:37:00,2011-09-29 16:51:00,4,763,987.86,47,0.0,0.0,0.0,71,359,246.96,96.0,3,0.0157,0.137,33.0,87.48,168.23,Potential Loyalists,"Offer bundle discounts, volume incentives, brand engagement newsletters."
15063,2011-05-10 13:25:00,2011-05-10 13:25:00,1,56,370.8,5,0.0,0.0,0.0,213,213,370.8,213.0,1,-0.3476,0.0234,61.3,31.97,61.48,Hibernating / Inactive,"Automated reactivation campaign, steep 20% discount offer, clearance alerts."
15065,2011-02-21 12:54:00,2011-11-02 09:45:00,4,1383,3158.13,148,2.0,28.0,33.33,38,291,789.53,84.3,3,0.1439,0.1122,21.7,403.21,775.41,Loyal Customers,"Cross-sell premium categories, early bird access, referral incentives."
15066,2011-10-17 13:25:00,2011-10-17 13:25:00,1,317,893.59,42,1.0,38.0,50.0,53,53,893.59,53.0,2,-0.1157,-0.1058,33.0,311.33,598.71,Loyal Customers,"Cross-sell premium categories, early bird access, referral incentives."
15067,2011-03-02 12:10:00,2011-09-22 13:20:00,3,954,1744.76,82,0.0,0.0,0.0,78,283,581.59,102.5,3,-0.0212,0.1228,34.8,190.74,366.8,Potential Loyalists,"Offer bundle discounts, volume incentives, brand engagement newsletters."
15068,2011-03-28 14:27:00,2011-10-24 14:47:00,2,364,553.36,96,0.0,0.0,0.0,46,256,276.68,210.0,2,-0.0351,-0.0528,20.8,81.23,156.22,Potential Loyalists,"Offer bundle discounts, volume incentives, brand engagement newsletters."
15069,2011-06-13 14:16:00,2011-06-13 14:16:00,1,520,1109.53,70,0.0,0.0,0.0,179,179,1109.53,179.0,1,-0.2867,0.049,61.0,114.71,220.59,At-Risk High Spenders,"High-priority win-back promotion, dedicated account check-in, special survey."
15070,2010-12-02 11:23:00,2010-12-02 11:23:00,1,36,106.2,1,0.0,0.0,0.0,373,373,106.2,373.0,1,-0.4704,0.0381,61.3,5.23,10.05,Hibernating / Inactive,"Automated reactivation campaign, steep 20% discount offer, clearance alerts."
15071,2011-03-09 10:19:00,2011-09-07 11:43:00,2,269,982.07,25,0.0,0.0,0.0,94,276,491.04,182.0,1,-0.1206,0.0567,35.0,109.75,211.05,Potential Loyalists,"Offer bundle discounts, volume incentives, brand engagement newsletters."
15073,2011-06-06 09:59:00,2011-11-30 10:44:00,3,491,1043.41,31,1.0,214.0,25.0,10,187,347.8,88.5,2,0.2537,-0.1376,11.8,233.51,449.07,Loyal Customers,"Cross-sell premium categories, early bird access, referral incentives."
15074,2011-08-26 14:45:00,2011-08-26 14:45:00,1,431,735.67,41,0.0,0.0,0.0,105,105,735.67,105.0,1,-0.2217,-0.0325,44.6,184.18,354.19,Potential Loyalists,"Offer bundle discounts, volume incentives, brand engagement newsletters."
15075,2011-09-23 12:27:00,2011-09-23 12:27:00,1,447,773.03,27,0.0,0.0,0.0,78,78,773.03,78.0,1,-0.1766,-0.066,38.6,246.81,474.64,Potential Loyalists,"Offer bundle discounts, volume incentives, brand engagement newsletters."
15076,2011-06-20 08:23:00,2011-06-20 08:23:00,1,571,880.85,49,0.0,0.0,0.0,173,173,880.85,173.0,1,-0.2891,0.0351,59.7,97.36,187.24,Hibernating / Inactive,"Automated reactivation campaign, steep 20% discount offer, clearance alerts."
15079,2010-12-09 09:25:00,2011-05-11 12:45:00,4,389,895.61,46,1.0,1.0,20.0,213,366,223.9,51.0,3,-0.1485,0.2646,97.7,2.67,5.14,Hibernating / Inactive,"Automated reactivation campaign, steep 20% discount offer, clearance alerts."
15081,2010-12-07 16:20:00,2011-11-17 17:08:00,5,190,504.8,26,1.0,2.0,16.67,22,367,100.96,86.2,3,0.1967,0.011,15.9,54.89,105.56,Potential Loyalists,"Offer bundle discounts, volume incentives, brand engagement newsletters."
15083,2011-03-28 12:18:00,2011-03-28 12:18:00,1,38,88.2,5,0.0,0.0,0.0,257,257,88.2,257.0,1,-0.4214,-0.0146,61.3,6.3,12.12,Hibernating / Inactive,"Automated reactivation campaign, steep 20% discount offer, clearance alerts."
15087,2011-03-03 10:34:00,2011-03-03 10:34:00,1,470,306.94,15,0.0,0.0,0.0,282,282,306.94,282.0,1,-0.3951,0.0492,61.3,19.99,38.44,Hibernating / Inactive,"Automated reactivation campaign, steep 20% discount offer, clearance alerts."
15088,2011-10-03 14:05:00,2011-11-18 13:14:00,2,460,1160.07,53,1.0,3.0,33.33,21,67,580.04,46.0,2,0.101,-0.1132,18.0,494.66,951.27,Loyal Customers,"Cross-sell premium categories, early bird access, referral incentives."
15089,2011-08-03 14:14:00,2011-11-29 16:31:00,6,1359,2420.84,139,0.0,0.0,0.0,10,128,403.47,23.6,0,0.3851,0.0226,15.2,761.0,1463.46,Champions (VIP),"Exclusive VIP preview, concierge service, high-tier loyalty gifts."
15090,2011-02-04 14:03:00,2011-02-04 14:03:00,1,208,381.32,23,0.0,0.0,0.0,308,308,381.32,308.0,1,-0.4011,0.0691,61.3,22.73,43.72,Hibernating / Inactive,"Automated reactivation campaign, steep 20% discount offer, clearance alerts."
15091,2011-10-03 12:47:00,2011-10-03 12:47:00,1,346,480.71,30,1.0,3.0,50.0,68,68,480.71,68.0,1,-0.1719,-0.1025,36.4,158.98,305.73,Potential Loyalists,"Offer bundle discounts, volume incentives, brand engagement newsletters."
15092,2011-03-01 12:24:00,2011-05-08 14:10:00,2,135,457.81,23,0.0,0.0,0.0,215,284,228.9,69.0,1,-0.2667,0.1236,92.5,5.74,11.03,Hibernating / Inactive,"Automated reactivation campaign, steep 20% discount offer, clearance alerts."
15093,2010-12-02 18:25:00,2011-11-21 13:09:00,6,3760,4597.02,52,3.0,27.0,33.33,18,372,766.17,70.8,0,0.325,0.116,15.0,498.41,958.48,Champions (VIP),"Exclusive VIP preview, concierge service, high-tier loyalty gifts."
15095,2011-05-20 14:27:00,2011-08-28 12:01:00,4,1079,1370.6,30,1.0,2.0,20.0,104,203,342.65,33.0,3,-0.0295,0.1965,75.8,77.53,149.09,Potential Loyalists,"Offer bundle discounts, volume incentives, brand engagement newsletters."
15096,2011-10-28 10:27:00,2011-10-28 10:27:00,1,120,219.39,11,0.0,0.0,0.0,43,43,219.39,43.0,2,-0.1307,-0.1902,30.8,78.95,151.82,Promising New,"Welcome discount on 2nd purchase, onboarding email journey, product tips."
15097,2011-12-05 14:03:00,2011-12-05 14:03:00,1,170,248.08,25,0.0,0.0,0.0,4,4,248.08,4.0,2,0.1948,-0.4481,12.2,113.26,217.81,Promising New,"Welcome discount on 2nd purchase, onboarding email journey, product tips."
15098,2011-06-10 15:22:00,2011-06-10 15:33:00,3,121,39916.5,1,2.0,61.0,40.0,182,182,13305.5,0.0,3,-0.0442,0.3574,98.0,208.14,400.26,At-Risk High Spenders,"High-priority win-back promotion, dedicated account check-in, special survey."
15099,2011-09-16 13:13:00,2011-09-16 13:13:00,1,343,410.48,23,0.0,0.0,0.0,84,84,410.48,84.0,1,-0.2079,-0.084,39.9,128.28,246.7,Potential Loyalists,"Offer bundle discounts, volume incentives, brand engagement newsletters."
15100,2010-12-01 09:09:00,2011-01-10 10:35:00,3,80,876.0,1,3.0,22.0,50.0,334,374,292.0,20.0,1,-0.257,0.2683,98.0,2.22,4.27,Hibernating / Inactive,"Automated reactivation campaign, steep 20% discount offer, clearance alerts."
15101,2010-12-15 12:54:00,2011-12-01 10:18:00,2,241,317.53,8,1.0,2.0,33.33,9,359,158.76,350.0,2,0.1758,-0.2636,10.7,37.48,72.07,Promising New,"Welcome discount on 2nd purchase, onboarding email journey, product tips."
15103,2011-09-14 13:54:00,2011-11-08 14:53:00,2,329,703.36,35,0.0,0.0,0.0,31,86,351.68,55.0,2,0.0295,-0.0891,21.6,286.75,551.43,Loyal Customers,"Cross-sell premium categories, early bird access, referral incentives."
15104,2011-03-02 14:16:00,2011-05-27 12:29:00,2,635,993.54,66,1.0,2.0,33.33,197,282,496.77,85.0,1,-0.2288,0.146,83.6,27.42,52.72,Hibernating / Inactive,"Automated reactivation campaign, steep 20% discount offer, clearance alerts."
15105,2011-07-28 10:09:00,2011-11-21 16:54:00,7,1211,2298.93,90,0.0,0.0,0.0,18,135,328.42,19.5,0,0.3275,0.1162,24.0,614.11,1180.97,Champions (VIP),"Exclusive VIP preview, concierge service, high-tier loyalty gifts."
15106,2011-03-15 12:52:00,2011-11-22 09:16:00,5,1181,1422.52,90,2.0,37.0,28.57,18,269,284.5,62.8,3,0.2584,0.0318,15.3,212.53,408.71,Loyal Customers,"Cross-sell premium categories, early bird access, referral incentives."
15107,2010-12-02 13:45:00,2011-02-01 14:46:00,6,169,319.5,12,2.0,8.0,25.0,311,372,53.25,12.2,1,-0.1748,0.3413,98.0,0.82,1.57,Hibernating / Inactive,"Automated reactivation campaign, steep 20% discount offer, clearance alerts."
15109,2011-04-08 09:58:00,2011-04-08 09:58:00,1,131,484.95,28,1.0,4.0,50.0,246,246,484.95,246.0,1,-0.3602,0.0522,61.3,36.2,69.62,Hibernating / Inactive,"Automated reactivation campaign, steep 20% discount offer, clearance alerts."
15110,2011-01-25 11:41:00,2011-11-16 11:16:00,4,246,996.1,17,3.0,5.0,42.86,24,319,249.02,98.3,3,0.1724,0.0094,16.2,124.16,238.77,Loyal Customers,"Cross-sell premium categories, early bird access, referral incentives."
15111,2010-12-02 11:45:00,2011-11-10 16:58:00,3,710,1567.48,70,0.0,0.0,0.0,29,373,522.49,172.0,3,0.1185,0.0011,16.5,166.5,320.19,Champions (VIP),"Exclusive VIP preview, concierge service, high-tier loyalty gifts."
15113,2011-10-16 15:27:00,2011-11-30 08:23:00,3,2344,3509.43,77,1.0,24.0,25.0,10,54,1169.81,22.0,0,0.2929,-0.0861,15.5,1542.04,2965.47,Champions (VIP),"Exclusive VIP preview, concierge service, high-tier loyalty gifts."
15114,2011-02-11 08:45:00,2011-11-09 15:05:00,10,3096,2760.56,136,0.0,0.0,0.0,30,302,276.06,30.2,3,0.3204,0.254,27.8,313.16,602.24,Champions (VIP),"Exclusive VIP preview, concierge service, high-tier loyalty gifts."
15115,2011-11-21 14:59:00,2011-11-21 14:59:00,1,157,340.11,21,0.0,0.0,0.0,18,18,340.11,18.0,2,0.0076,-0.2732,25.3,132.11,254.06,Promising New,"Welcome discount on 2nd purchase, onboarding email journey, product tips."
15116,2011-05-19 08:50:00,2011-11-22 12:25:00,4,648,1352.75,37,0.0,0.0,0.0,18,205,338.19,62.3,3,0.2228,-0.0108,15.4,264.89,509.41,Loyal Customers,"Cross-sell premium categories, early bird access, referral incentives."
15117,2011-05-08 12:38:00,2011-11-25 08:12:00,5,1948,1551.78,63,1.0,1.0,16.67,15,216,310.36,50.2,0,0.2866,0.0148,14.8,290.44,558.54,Champions (VIP),"Exclusive VIP preview, concierge service, high-tier loyalty gifts."
15118,2011-07-28 14:54:00,2011-07-28 14:54:00,1,1440,244.8,1,0.0,0.0,0.0,134,134,244.8,134.0,1,-0.2929,-0.0499,51.0,42.48,81.68,Low Value Occasional,Target with low-barrier impulse buys and seasonal holiday campaigns.
15119,2011-04-08 09:08:00,2011-04-08 09:08:00,1,88,266.4,14,0.0,0.0,0.0,246,246,266.4,246.0,1,-0.3795,0.0268,61.3,19.89,38.24,Hibernating / Inactive,"Automated reactivation campaign, steep 20% discount offer, clearance alerts."
15120,2011-07-29 09:48:00,2011-07-29 09:48:00,1,296,358.82,21,1.0,4.0,50.0,134,134,358.82,134.0,1,-0.2806,-0.0337,51.0,62.26,119.73,Low Value Occasional,Target with low-barrier impulse buys and seasonal holiday campaigns.
15121,2011-02-24 12:41:00,2011-10-20 14:51:00,2,199,457.72,28,0.0,0.0,0.0,50,289,228.86,239.0,2,-0.0533,-0.051,21.6,58.92,113.31,Potential Loyalists,"Offer bundle discounts, volume incentives, brand engagement newsletters."
15122,2011-02-15 09:59:00,2011-08-17 16:48:00,3,800,1633.78,65,3.0,12.0,50.0,114,298,544.59,92.0,3,-0.0788,0.1654,50.7,128.25,246.63,Potential Loyalists,"Offer bundle discounts, volume incentives, brand engagement newsletters."
15123,2011-05-17 14:57:00,2011-12-02 13:12:00,2,1195,2199.31,93,0.0,0.0,0.0,7,206,1099.66,199.0,2,0.2713,-0.2084,10.4,453.91,872.9,Champions (VIP),"Exclusive VIP preview, concierge service, high-tier loyalty gifts."
15124,2011-06-01 09:06:00,2011-11-17 10:09:00,2,233,184.19,14,0.0,0.0,0.0,23,192,92.1,169.0,2,0.0288,-0.1807,14.9,38.74,74.5,Promising New,"Welcome discount on 2nd purchase, onboarding email journey, product tips."
15125,2011-03-14 09:59:00,2011-11-14 13:57:00,15,6193,11528.48,102,8.0,202.0,34.78,25,271,768.57,17.6,0,0.4624,0.3768,34.1,1330.23,2558.14,Champions (VIP),"Exclusive VIP preview, concierge service, high-tier loyalty gifts."
15127,2011-10-05 10:30:00,2011-10-05 10:30:00,1,251,406.53,16,0.0,0.0,0.0,66,66,406.53,66.0,2,-0.173,-0.1132,35.9,135.5,260.59,Potential Loyalists,"Offer bundle discounts, volume incentives, brand engagement newsletters."
15128,2011-05-04 12:32:00,2011-10-10 13:54:00,4,1343,1471.0,74,4.0,17.0,50.0,60,220,367.75,53.3,3,0.0531,0.1338,36.7,200.83,386.21,Loyal Customers,"Cross-sell premium categories, early bird access, referral incentives."
15129,2011-02-21 09:09:00,2011-10-20 14:40:00,11,1794,3447.4,54,0.0,0.0,0.0,50,292,313.4,24.2,3,0.2702,0.343,50.9,275.06,528.96,Loyal Customers,"Cross-sell premium categories, early bird access, referral incentives."
15130,2011-06-23 10:15:00,2011-06-23 10:15:00,1,197,330.11,22,0.0,0.0,0.0,170,170,330.11,170.0,1,-0.3182,-0.0086,59.0,37.78,72.65,Hibernating / Inactive,"Automated reactivation campaign, steep 20% discount offer, clearance alerts."
15132,2011-03-22 12:02:00,2011-11-21 17:10:00,5,679,977.93,49,0.0,0.0,0.0,18,263,195.59,61.2,3,0.2463,0.0159,15.4,149.27,287.05,Loyal Customers,"Cross-sell premium categories, early bird access, referral incentives."
15133,2011-02-11 10:38:00,2011-08-04 10:44:00,3,680,982.42,27,0.0,0.0,0.0,128,302,327.47,87.0,3,-0.1122,0.1577,57.9,64.98,124.97,Potential Loyalists,"Offer bundle discounts, volume incentives, brand engagement newsletters."
15134,2011-04-13 11:05:00,2011-11-25 08:55:00,8,887,1387.99,44,0.0,0.0,0.0,15,241,173.5,32.3,0,0.3586,0.1002,16.8,227.37,437.25,Loyal Customers,"Cross-sell premium categories, early bird access, referral incentives."
15135,2011-04-14 19:16:00,2011-04-14 19:16:00,1,43,139.05,9,1.0,2.0,50.0,239,239,139.05,239.0,1,-0.3962,-0.0042,61.3,10.68,20.55,Hibernating / Inactive,"Automated reactivation campaign, steep 20% discount offer, clearance alerts."
15136,2011-09-04 16:05:00,2011-12-07 12:26:00,4,776,1286.7,61,1.0,1.0,20.0,3,96,321.68,31.0,0,0.4516,-0.2015,10.1,571.75,1099.53,Loyal Customers,"Cross-sell premium categories, early bird access, referral incentives."
15139,2011-01-07 12:44:00,2011-04-14 11:39:00,2,208,178.96,13,0.0,0.0,0.0,240,337,89.48,97.0,1,-0.3131,0.0971,85.8,3.58,6.88,Hibernating / Inactive,"Automated reactivation campaign, steep 20% discount offer, clearance alerts."
15140,2011-03-20 14:37:00,2011-10-18 14:07:00,7,1572,2354.25,74,1.0,5.0,12.5,52,264,336.32,35.3,3,0.1766,0.2413,41.1,249.23,479.29,Loyal Customers,"Cross-sell premium categories, early bird access, referral incentives."
15142,2011-10-24 12:51:00,2011-10-24 12:51:00,1,365,498.74,26,0.0,0.0,0.0,46,46,498.74,46.0,2,-0.114,-0.1474,31.5,177.65,341.64,Potential Loyalists,"Offer bundle discounts, volume incentives, brand engagement newsletters."
15143,2011-04-28 12:03:00,2011-04-28 12:03:00,1,150,259.45,14,0.0,0.0,0.0,226,226,259.45,226.0,1,-0.3679,0.0154,61.3,21.08,40.54,Hibernating / Inactive,"Automated reactivation campaign, steep 20% discount offer, clearance alerts."
15144,2011-01-31 13:17:00,2011-12-01 15:12:00,17,3050,6580.44,132,1.0,24.0,5.56,8,312,387.08,19.0,0,0.623,0.2508,14.7,853.65,1641.64,Champions (VIP),"Exclusive VIP preview, concierge service, high-tier loyalty gifts."
15145,2011-04-05 15:20:00,2011-12-05 17:21:00,4,756,1194.73,54,0.0,0.0,0.0,4,248,298.68,81.3,0,0.4162,-0.1776,9.8,206.19,396.51,Loyal Customers,"Cross-sell premium categories, early bird access, referral incentives."
15146,2011-02-21 13:07:00,2011-06-28 12:09:00,2,1473,1327.16,90,1.0,14.0,33.33,165,291,663.58,126.0,1,-0.1934,0.137,63.3,79.42,152.73,At-Risk High Spenders,"High-priority win-back promotion, dedicated account check-in, special survey."
15147,2011-04-13 15:57:00,2011-04-13 15:57:00,1,366,623.5,28,1.0,3.0,50.0,240,240,623.5,240.0,1,-0.3484,0.0598,61.3,47.71,91.74,Hibernating / Inactive,"Automated reactivation campaign, steep 20% discount offer, clearance alerts."
15148,2011-11-29 08:21:00,2011-11-29 08:21:00,1,187,301.29,20,0.0,0.0,0.0,11,11,301.29,11.0,2,0.0716,-0.3339,20.3,124.87,240.13,Promising New,"Welcome discount on 2nd purchase, onboarding email journey, product tips."
15149,2011-07-29 10:58:00,2011-07-29 10:58:00,1,128,520.8,23,0.0,0.0,0.0,134,134,520.8,134.0,1,-0.2686,-0.0179,51.0,90.36,173.78,Potential Loyalists,"Offer bundle discounts, volume incentives, brand engagement newsletters."
15150,2011-03-15 14:21:00,2011-11-22 12:52:00,10,3642,5291.33,282,1.0,25.0,9.09,17,269,529.13,28.0,0,0.4218,0.2159,19.1,755.08,1452.08,Champions (VIP),"Exclusive VIP preview, concierge service, high-tier loyalty gifts."
15152,2011-06-05 15:36:00,2011-11-30 12:32:00,13,2704,4745.69,196,3.0,10.0,18.75,10,187,365.05,14.8,0,0.536,0.2053,18.5,981.4,1887.32,Champions (VIP),"Exclusive VIP preview, concierge service, high-tier loyalty gifts."
15153,2011-11-08 17:09:00,2011-11-08 17:09:00,1,198,329.25,22,0.0,0.0,0.0,31,31,329.25,31.0,2,-0.0705,-0.2115,28.1,123.1,236.73,Promising New,"Welcome discount on 2nd purchase, onboarding email journey, product tips."
15154,2011-09-25 16:05:00,2011-09-25 16:05:00,1,89,254.28,66,1.0,4.0,50.0,75,75,254.28,75.0,1,-0.2068,-0.1178,37.9,82.11,157.91,Low Value Occasional,Target with low-barrier impulse buys and seasonal holiday campaigns.
15156,2011-11-06 12:41:00,2011-12-08 18:22:00,3,597,961.49,51,0.0,0.0,0.0,1,34,320.5,16.5,0,0.5031,-0.3473,9.3,453.48,872.08,Loyal Customers,"Cross-sell premium categories, early bird access, referral incentives."
15157,2010-12-16 13:44:00,2011-12-06 11:28:00,3,2392,1936.07,125,2.0,150.0,40.0,4,358,645.36,177.0,0,0.3902,-0.2067,9.6,231.98,446.11,Champions (VIP),"Exclusive VIP preview, concierge service, high-tier loyalty gifts."
15158,2011-10-25 13:53:00,2011-10-25 13:53:00,1,198,401.4,7,0.0,0.0,0.0,45,45,401.4,45.0,2,-0.1178,-0.1592,31.3,143.4,275.76,Promising New,"Welcome discount on 2nd purchase, onboarding email journey, product tips."
15160,2010-12-17 14:15:00,2010-12-17 14:15:00,1,84,158.16,4,0.0,0.0,0.0,357,357,158.16,357.0,1,-0.4512,0.0496,61.3,8.14,15.64,Hibernating / Inactive,"Automated reactivation campaign, steep 20% discount offer, clearance alerts."
15163,2011-05-31 15:22:00,2011-11-21 13:10:00,2,186,304.47,29,0.0,0.0,0.0,18,192,152.24,174.0,2,0.0795,-0.1877,13.5,65.09,125.17,Promising New,"Welcome discount on 2nd purchase, onboarding email journey, product tips."
15164,2011-01-04 14:21:00,2011-10-02 12:05:00,3,351,824.58,79,0.0,0.0,0.0,69,339,274.86,135.0,3,-0.0275,0.0763,29.4,81.48,156.7,Potential Loyalists,"Offer bundle discounts, volume incentives, brand engagement newsletters."
15165,2010-12-01 14:03:00,2010-12-01 14:03:00,1,160,487.75,27,0.0,0.0,0.0,373,373,487.75,373.0,1,-0.4213,0.1026,61.3,24.01,46.18,Hibernating / Inactive,"Automated reactivation campaign, steep 20% discount offer, clearance alerts."
15167,2011-01-23 12:41:00,2011-01-23 12:41:00,1,65,158.8,39,0.0,0.0,0.0,321,321,158.8,321.0,1,-0.4354,0.0369,61.3,9.08,17.47,Hibernating / Inactive,"Automated reactivation campaign, steep 20% discount offer, clearance alerts."
15168,2011-11-14 11:26:00,2011-11-14 11:26:00,1,52,106.56,5,0.0,0.0,0.0,26,26,106.56,26.0,2,-0.0817,-0.2797,27.0,40.45,77.79,Promising New,"Welcome discount on 2nd purchase, onboarding email journey, product tips."
15171,2011-01-12 15:36:00,2011-01-12 15:36:00,1,290,1289.5,5,1.0,100.0,50.0,331,331,1289.5,331.0,1,-0.3723,0.1295,61.3,71.54,137.57,At-Risk High Spenders,"High-priority win-back promotion, dedicated account check-in, special survey."
15172,2011-04-17 11:56:00,2011-12-01 11:51:00,5,1611,1624.05,106,0.0,0.0,0.0,9,237,324.81,57.0,0,0.3576,-0.0402,12.0,286.13,550.26,Champions (VIP),"Exclusive VIP preview, concierge service, high-tier loyalty gifts."
15174,2011-01-21 09:06:00,2011-01-21 09:06:00,1,145,135.75,11,0.0,0.0,0.0,323,323,135.75,323.0,1,-0.4413,0.0311,61.3,7.72,14.84,Hibernating / Inactive,"Automated reactivation campaign, steep 20% discount offer, clearance alerts."
15175,2011-09-29 11:31:00,2011-09-29 11:31:00,1,454,224.14,23,0.0,0.0,0.0,72,72,224.14,72.0,1,-0.2049,-0.128,37.3,73.08,140.54,Low Value Occasional,Target with low-barrier impulse buys and seasonal holiday campaigns.
15178,2011-03-24 15:12:00,2011-03-24 15:12:00,1,30,40.5,3,0.0,0.0,0.0,260,260,40.5,260.0,1,-0.4479,-0.0458,61.3,2.86,5.5,Hibernating / Inactive,"Automated reactivation campaign, steep 20% discount offer, clearance alerts."
15179,2011-01-24 13:48:00,2011-11-21 12:53:00,5,1938,2206.95,91,2.0,31.0,28.57,18,319,441.39,75.2,3,0.2726,0.0505,14.8,279.69,537.87,Champions (VIP),"Exclusive VIP preview, concierge service, high-tier loyalty gifts."
15180,2010-12-07 14:57:00,2010-12-07 14:57:00,1,36,87.5,6,0.0,0.0,0.0,367,367,87.5,367.0,1,-0.4742,0.028,61.3,4.38,8.42,Hibernating / Inactive,"Automated reactivation campaign, steep 20% discount offer, clearance alerts."
15181,2011-03-15 12:03:00,2011-10-04 13:58:00,3,544,689.48,11,2.0,2.0,40.0,66,270,229.83,102.0,3,-0.0268,0.0634,30.5,84.21,161.95,Potential Loyalists,"Offer bundle discounts, volume incentives, brand engagement newsletters."
15182,2011-03-16 12:42:00,2011-07-08 13:37:00,2,253,622.85,24,0.0,0.0,0.0,154,269,311.42,115.0,1,-0.2077,0.0966,61.3,42.52,81.77,Hibernating / Inactive,"Automated reactivation campaign, steep 20% discount offer, clearance alerts."
15184,2011-06-02 12:06:00,2011-11-10 13:41:00,2,199,402.2,59,0.0,0.0,0.0,29,191,201.1,162.0,2,0.021,-0.1207,16.6,83.33,160.25,Promising New,"Welcome discount on 2nd purchase, onboarding email journey, product tips."
15185,2011-09-30 14:06:00,2011-09-30 14:06:00,1,666,310.62,21,0.0,0.0,0.0,70,70,310.62,70.0,1,-0.1902,-0.1176,36.8,102.08,196.31,Low Value Occasional,Target with low-barrier impulse buys and seasonal holiday campaigns.
15186,2011-06-24 14:54:00,2011-11-25 14:58:00,2,215,411.41,17,0.0,0.0,0.0,14,168,205.7,154.0,2,0.1242,-0.2036,12.5,101.67,195.52,Promising New,"Welcome discount on 2nd purchase, onboarding email journey, product tips."
15187,2011-05-11 13:49:00,2011-12-08 11:56:00,16,1887,4777.18,61,2.0,18.0,11.11,2,212,298.57,14.0,0,0.7645,0.0916,10.3,959.09,1844.4,Champions (VIP),"Exclusive VIP preview, concierge service, high-tier loyalty gifts."
15192,2010-12-09 14:56:00,2011-08-12 11:41:00,3,918,1044.32,36,0.0,0.0,0.0,120,365,348.11,122.5,3,-0.1008,0.1525,47.6,71.14,136.81,Potential Loyalists,"Offer bundle discounts, volume incentives, brand engagement newsletters."
15193,2011-10-10 08:23:00,2011-10-10 08:23:00,1,144,499.32,19,0.0,0.0,0.0,61,61,499.32,61.0,2,-0.1549,-0.1138,34.8,169.29,325.56,Potential Loyalists,"Offer bundle discounts, volume incentives, brand engagement newsletters."
15194,2010-12-06 15:00:00,2011-12-06 15:10:00,15,5703,7616.53,209,7.0,55.0,31.82,3,368,507.77,26.1,0,0.7257,0.1328,10.2,881.91,1695.98,Champions (VIP),"Exclusive VIP preview, concierge service, high-tier loyalty gifts."
15195,2011-12-07 12:20:00,2011-12-07 12:20:00,1,1404,3861.0,1,0.0,0.0,0.0,3,3,3861.0,3.0,2,0.3164,-0.3585,11.2,1782.86,3428.57,Champions (VIP),"Exclusive VIP preview, concierge service, high-tier loyalty gifts."
15197,2010-12-16 18:01:00,2011-11-29 10:00:00,3,469,1079.61,30,2.0,16.0,40.0,11,358,359.87,173.5,2,0.2419,-0.1256,11.5,126.64,243.53,Loyal Customers,"Cross-sell premium categories, early bird access, referral incentives."
15198,2011-08-07 15:16:00,2011-09-08 14:42:00,2,120,193.64,10,0.0,0.0,0.0,92,124,96.82,32.0,1,-0.1698,-0.0147,70.8,21.64,41.61,Low Value Occasional,Target with low-barrier impulse buys and seasonal holiday campaigns.
15199,2011-02-04 14:04:00,2011-10-11 15:12:00,4,396,1268.7,5,0.0,0.0,0.0,59,308,317.18,83.0,3,0.0508,0.1256,29.9,137.02,263.49,Loyal Customers,"Cross-sell premium categories, early bird access, referral incentives."
15201,2011-04-06 14:02:00,2011-09-13 14:53:00,5,1210,1236.54,35,6.0,248.0,54.55,87,247,247.31,40.0,3,0.0273,0.2113,60.9,92.88,178.62,Potential Loyalists,"Offer bundle discounts, volume incentives, brand engagement newsletters."
15203,2011-02-01 12:29:00,2011-11-14 08:16:00,6,1753,1827.8,82,0.0,0.0,0.0,26,312,304.63,57.2,3,0.2433,0.1193,19.1,224.88,432.46,Champions (VIP),"Exclusive VIP preview, concierge service, high-tier loyalty gifts."
15204,2010-12-17 13:49:00,2010-12-17 13:49:00,1,258,316.58,9,0.0,0.0,0.0,357,357,316.58,357.0,1,-0.4288,0.079,61.3,16.28,31.32,Hibernating / Inactive,"Automated reactivation campaign, steep 20% discount offer, clearance alerts."
15205,2011-08-04 16:07:00,2011-09-15 19:36:00,2,378,653.24,37,1.0,1.0,33.33,85,127,326.62,42.0,1,-0.1191,0.0273,58.0,102.51,197.13,Potential Loyalists,"Offer bundle discounts, volume incentives, brand engagement newsletters."
15206,2011-03-09 08:59:00,2011-11-29 13:41:00,4,162,420.3,3,0.0,0.0,0.0,10,276,105.07,88.7,0,0.2659,-0.1266,11.8,63.73,122.56,Potential Loyalists,"Offer bundle discounts, volume incentives, brand engagement newsletters."
15208,2010-12-21 13:03:00,2011-12-08 17:24:00,5,316,870.12,25,1.0,2.0,16.67,1,353,174.02,88.0,0,0.5754,-0.2614,8.8,106.67,205.13,Loyal Customers,"Cross-sell premium categories, early bird access, referral incentives."
15210,2011-04-28 16:11:00,2011-04-28 16:11:00,1,228,331.18,20,0.0,0.0,0.0,225,225,331.18,225.0,1,-0.3594,0.0252,61.3,27.03,51.98,Hibernating / Inactive,"Automated reactivation campaign, steep 20% discount offer, clearance alerts."
15211,2010-12-09 16:08:00,2011-10-10 13:31:00,2,240,894.41,52,0.0,0.0,0.0,60,365,447.21,305.0,2,-0.0581,-0.0009,23.7,88.72,170.61,Loyal Customers,"Cross-sell premium categories, early bird access, referral incentives."
15212,2011-04-12 13:45:00,2011-04-12 13:45:00,1,36,101.8,5,1.0,3.0,50.0,241,241,101.8,241.0,1,-0.4074,-0.0164,61.3,7.76,14.92,Hibernating / Inactive,"Automated reactivation campaign, steep 20% discount offer, clearance alerts."
15213,2011-01-14 11:05:00,2011-01-25 12:21:00,2,272,328.35,22,1.0,2.0,33.33,319,330,164.18,11.0,1,-0.3355,0.1571,98.0,0.94,1.82,Hibernating / Inactive,"Automated reactivation campaign, steep 20% discount offer, clearance alerts."
15214,2011-04-11 09:46:00,2011-12-08 12:07:00,8,1254,1661.44,109,0.0,0.0,0.0,2,243,207.68,34.4,0,0.6119,-0.0947,9.5,293.6,564.62,Champions (VIP),"Exclusive VIP preview, concierge service, high-tier loyalty gifts."
15215,2011-09-04 12:24:00,2011-10-24 11:41:00,3,225,734.94,33,3.0,14.0,50.0,47,97,244.98,25.0,3,0.0245,0.0258,47.2,189.82,365.05,Loyal Customers,"Cross-sell premium categories, early bird access, referral incentives."
15216,2011-09-13 11:41:00,2011-09-13 11:41:00,1,28,96.6,2,0.0,0.0,0.0,88,88,96.6,88.0,1,-0.2612,-0.1396,40.8,29.74,57.19,Low Value Occasional,Target with low-barrier impulse buys and seasonal holiday campaigns.
15218,2011-01-25 11:20:00,2011-11-29 11:48:00,11,3329,5756.89,77,0.0,0.0,0.0,11,319,523.35,30.8,0,0.5007,0.1898,14.6,731.29,1406.32,Champions (VIP),"Exclusive VIP preview, concierge service, high-tier loyalty gifts."
15219,2011-06-16 16:57:00,2011-06-16 16:57:00,1,45,305.75,9,0.0,0.0,0.0,176,176,305.75,176.0,1,-0.3258,-0.0077,60.4,32.64,62.77,Hibernating / Inactive,"Automated reactivation campaign, steep 20% discount offer, clearance alerts."
15220,2011-03-04 10:24:00,2011-10-19 12:39:00,6,1393,1778.96,110,1.0,16.0,14.29,52,281,296.49,45.8,3,0.1427,0.1997,35.1,194.96,374.91,Loyal Customers,"Cross-sell premium categories, early bird access, referral incentives."
15221,2010-12-08 13:08:00,2010-12-08 13:08:00,1,43,403.25,5,1.0,18.0,50.0,366,366,403.25,366.0,1,-0.4247,0.0922,61.3,20.23,38.91,Hibernating / Inactive,"Automated reactivation campaign, steep 20% discount offer, clearance alerts."
15222,2011-01-25 08:03:00,2011-01-25 08:03:00,1,440,585.0,5,0.0,0.0,0.0,319,319,585.0,319.0,1,-0.3924,0.0914,61.3,33.68,64.76,Hibernating / Inactive,"Automated reactivation campaign, steep 20% discount offer, clearance alerts."
15223,2011-04-04 12:17:00,2011-04-28 11:31:00,2,213,755.75,14,1.0,115.0,33.33,226,250,377.88,24.0,1,-0.2579,0.1509,98.0,2.87,5.52,Hibernating / Inactive,"Automated reactivation campaign, steep 20% discount offer, clearance alerts."
15224,2010-12-12 12:34:00,2010-12-16 15:02:00,2,152,322.08,13,1.0,2.0,33.33,358,363,161.04,5.0,1,-0.3531,0.1702,98.0,0.84,1.62,Hibernating / Inactive,"Automated reactivation campaign, steep 20% discount offer, clearance alerts."
15225,2011-04-19 14:51:00,2011-04-19 14:51:00,1,226,409.4,23,0.0,0.0,0.0,234,234,409.4,234.0,1,-0.3583,0.0389,61.3,32.13,61.78,Hibernating / Inactive,"Automated reactivation campaign, steep 20% discount offer, clearance alerts."
15226,2011-02-02 11:41:00,2011-02-02 11:41:00,1,71,154.41,8,0.0,0.0,0.0,311,311,154.41,311.0,1,-0.4316,0.0319,61.3,9.12,17.53,Hibernating / Inactive,"Automated reactivation campaign, steep 20% discount offer, clearance alerts."
15227,2011-01-26 15:31:00,2011-11-03 11:59:00,5,750,1219.4,43,0.0,0.0,0.0,37,317,243.88,70.0,3,0.151,0.1092,22.5,141.46,272.03,Loyal Customers,"Cross-sell premium categories, early bird access, referral incentives."
15228,2011-02-18 09:04:00,2011-10-04 13:56:00,4,2255,3386.71,110,1.0,3.0,20.0,66,295,846.68,76.3,3,0.0662,0.1806,33.8,360.62,693.5,Potential Loyalists,"Offer bundle discounts, volume incentives, brand engagement newsletters."
15230,2011-04-13 11:04:00,2011-04-14 14:39:00,2,351,429.6,23,0.0,0.0,0.0,239,241,214.8,2.0,1,-0.2843,0.1337,98.0,1.69,3.25,Hibernating / Inactive,"Automated reactivation campaign, steep 20% discount offer, clearance alerts."
15232,2011-07-22 12:21:00,2011-08-18 16:27:00,2,686,612.06,26,0.0,0.0,0.0,113,141,306.03,28.0,1,-0.1628,0.0587,82.4,36.25,69.71,Potential Loyalists,"Offer bundle discounts, volume incentives, brand engagement newsletters."
15234,2011-03-08 08:53:00,2011-03-08 08:53:00,1,196,197.0,14,0.0,0.0,0.0,277,277,197.0,277.0,1,-0.4067,0.0283,61.3,13.06,25.11,Hibernating / Inactive,"Automated reactivation campaign, steep 20% discount offer, clearance alerts."
15235,2010-12-01 17:22:00,2011-05-06 09:44:00,12,1324,2247.51,132,0.0,0.0,0.0,218,373,187.29,14.1,3,0.0558,0.5189,98.0,5.72,11.0,At-Risk High Spenders,"High-priority win-back promotion, dedicated account check-in, special survey."
15236,2011-02-14 10:52:00,2011-02-14 10:52:00,1,269,321.05,15,0.0,0.0,0.0,299,299,321.05,299.0,1,-0.4022,0.0582,61.3,19.72,37.92,Hibernating / Inactive,"Automated reactivation campaign, steep 20% discount offer, clearance alerts."
15237,2011-04-26 15:04:00,2011-12-08 09:46:00,4,1071,1412.32,94,0.0,0.0,0.0,2,227,353.08,75.0,0,0.4971,-0.2323,9.2,268.06,515.5,Loyal Customers,"Cross-sell premium categories, early bird access, referral incentives."
15238,2011-06-08 16:00:00,2011-11-10 14:28:00,3,692,1071.99,49,2.0,3.0,40.0,29,184,357.33,77.5,3,0.1062,-0.0151,18.8,224.47,431.68,Loyal Customers,"Cross-sell premium categories, early bird access, referral incentives."
15239,2011-09-22 09:53:00,2011-11-29 14:14:00,2,594,780.59,48,1.0,3.0,33.33,10,79,390.3,69.0,2,0.1907,-0.2139,12.1,356.8,686.15,Loyal Customers,"Cross-sell premium categories, early bird access, referral incentives."
15240,2011-02-01 08:23:00,2011-10-26 09:50:00,5,1369,1706.57,58,2.0,8.0,28.57,45,312,341.31,66.8,3,0.1336,0.1465,26.2,191.54,368.34,Loyal Customers,"Cross-sell premium categories, early bird access, referral incentives."
15241,2011-03-01 11:02:00,2011-10-04 09:05:00,8,1818,1756.44,82,1.0,3.0,11.11,67,284,219.56,31.0,3,0.1523,0.2852,56.2,128.54,247.19,Potential Loyalists,"Offer bundle discounts, volume incentives, brand engagement newsletters."
15243,2011-09-26 14:12:00,2011-09-26 14:12:00,1,185,316.68,22,0.0,0.0,0.0,74,74,316.68,74.0,1,-0.1977,-0.1101,37.7,102.59,197.29,Low Value Occasional,Target with low-barrier impulse buys and seasonal holiday campaigns.
15244,2011-04-05 15:12:00,2011-10-05 13:19:00,2,405,631.57,31,0.0,0.0,0.0,65,248,315.79,183.0,2,-0.081,-0.0061,26.6,88.7,170.57,Potential Loyalists,"Offer bundle discounts, volume incentives, brand engagement newsletters."
15245,2011-03-23 13:42:00,2011-07-28 18:56:00,3,1784,2515.84,55,0.0,0.0,0.0,134,261,838.61,63.5,3,-0.0886,0.2031,70.3,135.84,261.23,At-Risk High Spenders,"High-priority win-back promotion, dedicated account check-in, special survey."
15246,2010-12-16 09:46:00,2011-04-15 14:45:00,2,247,514.15,32,0.0,0.0,0.0,238,359,257.08,121.0,1,-0.2779,0.1408,78.2,14.81,28.49,Hibernating / Inactive,"Automated reactivation campaign, steep 20% discount offer, clearance alerts."
15247,2011-08-09 12:52:00,2011-08-09 12:52:00,1,160,356.0,6,0.0,0.0,0.0,122,122,356.0,122.0,1,-0.2671,-0.0453,48.4,71.45,137.4,Low Value Occasional,Target with low-barrier impulse buys and seasonal holiday campaigns.
15249,2011-03-28 12:49:00,2011-11-08 11:45:00,13,3577,6688.46,211,2.0,20.0,13.33,32,257,514.5,18.8,0,0.3847,0.3528,40.7,732.3,1408.26,Loyal Customers,"Cross-sell premium categories, early bird access, referral incentives."
15251,2011-04-12 10:38:00,2011-11-30 15:02:00,11,6171,10484.99,97,4.0,87.0,26.67,9,242,953.18,23.3,0,0.547,0.1932,14.5,1757.74,3380.27,Champions (VIP),"Exclusive VIP preview, concierge service, high-tier loyalty gifts."
15252,2011-06-09 14:15:00,2011-11-03 13:30:00,2,522,740.78,44,0.0,0.0,0.0,36,183,370.39,147.0,2,0.0097,-0.0694,18.9,155.77,299.57,Loyal Customers,"Cross-sell premium categories, early bird access, referral incentives."
15253,2011-06-23 12:19:00,2011-11-23 16:22:00,5,866,918.2,52,1.0,2.0,16.67,16,170,183.64,38.5,0,0.2607,-0.0002,16.4,214.25,412.03,Loyal Customers,"Cross-sell premium categories, early bird access, referral incentives."
15254,2011-08-04 15:04:00,2011-08-04 15:04:00,1,275,300.36,18,0.0,0.0,0.0,127,127,300.36,127.0,1,-0.2785,-0.0477,49.5,56.67,108.98,Low Value Occasional,Target with low-barrier impulse buys and seasonal holiday campaigns.
15255,2011-10-04 12:43:00,2011-10-04 12:43:00,1,489,890.85,47,0.0,0.0,0.0,67,67,890.85,67.0,2,-0.1499,-0.0781,36.1,296.01,569.25,Potential Loyalists,"Offer bundle discounts, volume incentives, brand engagement newsletters."
15256,2011-07-14 11:47:00,2011-07-14 11:47:00,1,55,98.45,6,0.0,0.0,0.0,149,149,98.45,149.0,1,-0.3377,-0.0756,54.4,14.3,27.49,Low Value Occasional,Target with low-barrier impulse buys and seasonal holiday campaigns.
15257,2011-03-01 12:58:00,2011-03-01 12:58:00,1,46,317.15,7,1.0,1.0,50.0,283,283,317.15,283.0,1,-0.3945,0.051,61.3,20.58,39.58,Hibernating / Inactive,"Automated reactivation campaign, steep 20% discount offer, clearance alerts."
15258,2011-05-06 14:16:00,2011-06-24 12:30:00,2,142,623.16,32,0.0,0.0,0.0,169,217,311.58,48.0,1,-0.2213,0.1078,92.7,9.95,19.13,Hibernating / Inactive,"Automated reactivation campaign, steep 20% discount offer, clearance alerts."
15260,2010-12-02 12:09:00,2011-08-31 13:55:00,7,885,1810.77,62,1.0,24.0,12.5,100,373,258.68,45.5,3,0.0728,0.3082,64.1,82.7,159.03,Potential Loyalists,"Offer bundle discounts, volume incentives, brand engagement newsletters."
15261,2011-07-27 15:20:00,2011-07-27 15:20:00,1,270,254.82,19,0.0,0.0,0.0,135,135,254.82,135.0,1,-0.2927,-0.0473,51.3,43.62,83.88,Low Value Occasional,Target with low-barrier impulse buys and seasonal holiday campaigns.
15262,2011-01-20 12:16:00,2011-01-20 12:16:00,1,73,178.95,10,0.0,0.0,0.0,324,324,178.95,324.0,1,-0.4329,0.0431,61.3,10.14,19.5,Hibernating / Inactive,"Automated reactivation campaign, steep 20% discount offer, clearance alerts."
15263,2011-08-25 10:26:00,2011-08-25 10:26:00,1,89,156.51,12,0.0,0.0,0.0,107,107,156.51,107.0,1,-0.2743,-0.0958,45.0,38.17,73.41,Low Value Occasional,Target with low-barrier impulse buys and seasonal holiday campaigns.
15264,2011-10-06 13:49:00,2011-10-06 13:49:00,1,265,393.74,23,0.0,0.0,0.0,64,64,393.74,64.0,2,-0.1695,-0.1182,35.5,132.06,253.96,Low Value Occasional,Target with low-barrier impulse buys and seasonal holiday campaigns.
15265,2011-04-18 12:16:00,2011-07-11 14:46:00,2,612,1506.12,76,0.0,0.0,0.0,151,236,753.06,85.0,1,-0.1763,0.1317,68.5,95.39,183.44,At-Risk High Spenders,"High-priority win-back promotion, dedicated account check-in, special survey."
15266,2011-01-05 13:40:00,2011-01-05 13:40:00,1,18,119.3,6,0.0,0.0,0.0,338,338,119.3,338.0,1,-0.4521,0.0311,61.3,6.48,12.46,Hibernating / Inactive,"Automated reactivation campaign, steep 20% discount offer, clearance alerts."
15267,2011-06-10 10:24:00,2011-11-17 15:59:00,5,944,1717.36,8,0.0,0.0,0.0,22,183,343.47,40.2,3,0.2363,0.063,19.4,358.9,690.2,Champions (VIP),"Exclusive VIP preview, concierge service, high-tier loyalty gifts."
15269,2011-11-16 09:32:00,2011-11-16 09:32:00,1,26,408.8,2,0.0,0.0,0.0,24,24,408.8,24.0,2,-0.0271,-0.2322,26.6,156.03,300.06,Promising New,"Welcome discount on 2nd purchase, onboarding email journey, product tips."
15270,2011-02-02 13:25:00,2011-11-24 09:24:00,7,1521,2379.49,22,2.0,62.0,22.22,16,310,339.93,49.0,0,0.3451,0.1042,15.3,308.49,593.26,Champions (VIP),"Exclusive VIP preview, concierge service, high-tier loyalty gifts."
15271,2010-12-09 13:47:00,2011-12-02 14:11:00,15,1251,2493.34,184,1.0,5.0,6.25,7,365,166.22,25.6,0,0.5871,0.1692,12.8,282.64,543.54,Champions (VIP),"Exclusive VIP preview, concierge service, high-tier loyalty gifts."
15272,2011-09-14 16:36:00,2011-10-13 12:59:00,2,310,721.94,63,0.0,0.0,0.0,57,86,360.97,29.0,2,-0.0576,-0.0161,50.8,184.7,355.19,Loyal Customers,"Cross-sell premium categories, early bird access, referral incentives."
15274,2011-11-21 14:17:00,2011-12-05 16:57:00,2,619,716.57,44,0.0,0.0,0.0,4,18,358.28,14.0,2,0.3045,-0.3129,12.2,327.15,629.14,Loyal Customers,"Cross-sell premium categories, early bird access, referral incentives."
15275,2011-11-02 11:20:00,2011-11-02 11:20:00,1,498,615.14,41,1.0,1.0,50.0,38,38,615.14,38.0,2,-0.0796,-0.1611,29.7,224.87,432.44,Promising New,"Welcome discount on 2nd purchase, onboarding email journey, product tips."
15276,2011-10-04 16:39:00,2011-10-04 16:39:00,1,61,128.63,49,0.0,0.0,0.0,66,66,128.63,66.0,1,-0.21,-0.1619,35.9,42.87,82.45,Low Value Occasional,Target with low-barrier impulse buys and seasonal holiday campaigns.
15277,2011-10-24 10:08:00,2011-10-24 10:08:00,1,205,255.9,12,0.0,0.0,0.0,47,47,255.9,47.0,2,-0.1386,-0.1731,31.7,90.89,174.78,Low Value Occasional,Target with low-barrier impulse buys and seasonal holiday campaigns.
15279,2010-12-20 10:48:00,2010-12-20 10:48:00,1,189,290.51,19,1.0,4.0,50.0,355,355,290.51,355.0,1,-0.4308,0.0747,61.3,15.03,28.9,Hibernating / Inactive,"Automated reactivation campaign, steep 20% discount offer, clearance alerts."
15280,2011-06-20 17:14:00,2011-06-20 17:14:00,1,154,113.12,16,0.0,0.0,0.0,172,172,113.12,172.0,1,-0.3544,-0.0525,59.5,12.64,24.31,Hibernating / Inactive,"Automated reactivation campaign, steep 20% discount offer, clearance alerts."
15281,2011-01-10 15:51:00,2011-10-12 09:10:00,9,1211,2332.15,121,3.0,18.0,25.0,59,333,259.13,34.2,3,0.1995,0.3056,47.1,175.8,338.07,Loyal Customers,"Cross-sell premium categories, early bird access, referral incentives."
15286,2011-10-21 11:08:00,2011-10-21 11:08:00,1,55,240.55,3,0.0,0.0,0.0,50,50,240.55,50.0,2,-0.1496,-0.1684,32.4,84.56,162.61,Low Value Occasional,Target with low-barrier impulse buys and seasonal holiday campaigns.
15287,2011-09-30 12:30:00,2011-11-17 15:34:00,2,433,486.69,17,1.0,1.0,33.33,22,71,243.34,49.0,2,0.0664,-0.1447,18.1,207.27,398.59,Promising New,"Welcome discount on 2nd purchase, onboarding email journey, product tips."
15288,2010-12-09 13:59:00,2011-10-27 16:58:00,5,775,2306.52,80,0.0,0.0,0.0,43,365,461.3,80.5,3,0.1499,0.154,23.9,228.18,438.81,Loyal Customers,"Cross-sell premium categories, early bird access, referral incentives."
15289,2011-04-04 12:44:00,2011-11-10 13:49:00,3,1008,939.78,43,1.0,12.0,25.0,29,250,313.26,110.5,3,0.102,-0.0207,17.5,147.16,282.99,Loyal Customers,"Cross-sell premium categories, early bird access, referral incentives."
15291,2010-12-01 09:32:00,2011-11-14 11:02:00,15,2103,4668.3,62,5.0,29.0,25.0,26,374,311.22,24.9,0,0.4276,0.343,27.8,427.62,822.35,Champions (VIP),"Exclusive VIP preview, concierge service, high-tier loyalty gifts."
15292,2011-05-22 15:00:00,2011-05-22 15:00:00,1,55,178.39,24,0.0,0.0,0.0,201,201,178.39,201.0,1,-0.3627,-0.0145,61.3,16.3,31.34,Hibernating / Inactive,"Automated reactivation campaign, steep 20% discount offer, clearance alerts."
15296,2011-01-17 11:57:00,2011-10-20 11:47:00,6,1766,3672.86,137,4.0,9.0,40.0,51,327,612.14,55.2,3,0.1689,0.2282,31.4,365.61,703.09,Loyal Customers,"Cross-sell premium categories, early bird access, referral incentives."
15297,2011-10-07 09:42:00,2011-11-29 16:32:00,3,292,641.94,30,1.0,2.0,25.0,10,64,213.98,27.0,2,0.238,-0.1582,14.5,285.41,548.86,Potential Loyalists,"Offer bundle discounts, volume incentives, brand engagement newsletters."
15298,2010-12-08 13:55:00,2011-12-07 17:17:00,12,3116,4799.9,115,2.0,364.0,14.29,2,366,399.99,33.1,0,0.7146,0.0322,9.5,563.16,1083.01,Champions (VIP),"Exclusive VIP preview, concierge service, high-tier loyalty gifts."
15299,2010-12-02 16:48:00,2011-10-03 14:19:00,7,2948,4507.01,7,4.0,8.0,36.36,67,372,643.86,50.8,3,0.1608,0.2991,41.6,335.73,645.64,Potential Loyalists,"Offer bundle discounts, volume incentives, brand engagement newsletters."
15300,2011-10-06 17:08:00,2011-10-06 17:08:00,1,292,496.44,28,0.0,0.0,0.0,64,64,496.44,64.0,2,-0.1621,-0.1084,35.5,166.51,320.2,Potential Loyalists,"Offer bundle discounts, volume incentives, brand engagement newsletters."
15301,2010-12-06 12:21:00,2011-10-20 09:57:00,12,2751,5049.95,167,2.0,7.0,14.29,51,369,420.83,28.9,3,0.2946,0.3794,46.1,350.01,673.11,Loyal Customers,"Cross-sell premium categories, early bird access, referral incentives."
15303,2011-02-22 13:59:00,2011-02-22 13:59:00,1,248,574.02,31,0.0,0.0,0.0,290,290,574.02,290.0,1,-0.379,0.0791,61.3,36.35,69.9,Hibernating / Inactive,"Automated reactivation campaign, steep 20% discount offer, clearance alerts."
15304,2010-12-06 11:42:00,2011-10-10 10:23:00,8,104,694.4,8,2.0,4.0,20.0,61,369,86.8,44.0,3,0.1359,0.2346,41.5,52.24,100.46,Potential Loyalists,"Offer bundle discounts, volume incentives, brand engagement newsletters."
15306,2011-07-14 15:22:00,2011-10-06 12:56:00,3,810,1174.35,57,0.0,0.0,0.0,64,148,391.45,42.0,3,-0.0051,0.0823,44.7,208.21,400.4,Potential Loyalists,"Offer bundle discounts, volume incentives, brand engagement newsletters."
15307,2011-09-05 11:38:00,2011-09-05 11:38:00,1,37,205.3,12,0.0,0.0,0.0,96,96,205.3,96.0,1,-0.2497,-0.0973,42.6,58.25,112.01,Low Value Occasional,Target with low-barrier impulse buys and seasonal holiday campaigns.
15308,2011-03-10 13:08:00,2011-03-10 13:08:00,1,175,310.47,19,1.0,2.0,50.0,274,274,310.47,274.0,1,-0.3904,0.0462,61.3,20.81,40.01,Hibernating / Inactive,"Automated reactivation campaign, steep 20% discount offer, clearance alerts."
15312,2010-12-20 12:51:00,2011-09-25 13:10:00,4,516,924.85,42,1.0,3.0,20.0,75,354,231.21,93.0,3,0.0056,0.1407,34.9,80.7,155.19,Potential Loyalists,"Offer bundle discounts, volume incentives, brand engagement newsletters."
15313,2011-08-21 16:02:00,2011-08-21 16:02:00,1,25,52.0,1,0.0,0.0,0.0,110,110,52.0,110.0,1,-0.3136,-0.1388,45.7,12.18,23.42,Low Value Occasional,Target with low-barrier impulse buys and seasonal holiday campaigns.
15314,2011-05-24 14:39:00,2011-05-24 14:39:00,1,313,327.97,24,0.0,0.0,0.0,199,199,327.97,199.0,1,-0.3416,0.01,61.3,30.26,58.2,Hibernating / Inactive,"Automated reactivation campaign, steep 20% discount offer, clearance alerts."
15315,2011-08-15 15:17:00,2011-10-06 12:51:00,2,862,570.5,35,1.0,24.0,33.33,64,116,285.25,52.0,2,-0.082,-0.0123,39.4,141.42,271.96,Potential Loyalists,"Offer bundle discounts, volume incentives, brand engagement newsletters."
15316,2011-01-17 11:34:00,2011-01-17 11:34:00,1,100,165.0,1,0.0,0.0,0.0,327,327,165.0,327.0,1,-0.4369,0.0408,61.3,9.27,17.82,Hibernating / Inactive,"Automated reactivation campaign, steep 20% discount offer, clearance alerts."
15318,2011-12-06 11:30:00,2011-12-06 11:30:00,1,642,312.62,33,0.0,0.0,0.0,4,4,312.62,4.0,2,0.2022,-0.4383,12.2,142.73,274.48,Promising New,"Welcome discount on 2nd purchase, onboarding email journey, product tips."
15319,2011-03-01 12:48:00,2011-03-01 12:48:00,1,175,204.5,16,0.0,0.0,0.0,284,284,204.5,284.0,1,-0.4092,0.0329,61.3,13.22,25.43,Hibernating / Inactive,"Automated reactivation campaign, steep 20% discount offer, clearance alerts."
15320,2011-10-26 13:27:00,2011-10-26 13:27:00,1,326,267.13,36,0.0,0.0,0.0,44,44,267.13,44.0,2,-0.1277,-0.1791,31.0,95.85,184.32,Promising New,"Welcome discount on 2nd purchase, onboarding email journey, product tips."
15321,2011-02-21 11:10:00,2011-09-30 09:40:00,3,1181,2748.31,83,1.0,17.0,25.0,71,292,916.1,110.5,3,0.0072,0.1308,31.6,305.47,587.45,Potential Loyalists,"Offer bundle discounts, volume incentives, brand engagement newsletters."
15322,2011-09-15 09:34:00,2011-09-15 09:34:00,1,416,679.68,42,1.0,51.0,50.0,86,86,679.68,86.0,1,-0.195,-0.0598,40.4,210.65,405.09,Potential Loyalists,"Offer bundle discounts, volume incentives, brand engagement newsletters."
15325,2011-08-28 11:55:00,2011-08-28 11:55:00,1,231,161.74,47,0.0,0.0,0.0,104,104,161.74,104.0,1,-0.2691,-0.0978,44.4,41.03,78.9,Low Value Occasional,Target with low-barrier impulse buys and seasonal holiday campaigns.
15326,2011-01-10 11:38:00,2011-01-10 11:38:00,1,386,311.71,29,0.0,0.0,0.0,334,334,311.71,334.0,1,-0.4195,0.0703,61.3,17.14,32.96,Hibernating / Inactive,"Automated reactivation campaign, steep 20% discount offer, clearance alerts."
15327,2011-10-18 11:55:00,2011-10-18 11:55:00,1,116,208.75,10,0.0,0.0,0.0,53,53,208.75,53.0,2,-0.1626,-0.1675,33.0,72.73,139.86,Low Value Occasional,Target with low-barrier impulse buys and seasonal holiday campaigns.
15329,2011-06-21 10:37:00,2011-10-31 15:36:00,3,486,1049.7,51,2.0,10.0,40.0,39,172,349.9,66.5,3,0.063,0.0188,23.7,220.95,424.91,Loyal Customers,"Cross-sell premium categories, early bird access, referral incentives."
15330,2011-10-10 12:30:00,2011-11-07 17:50:00,2,1312,714.96,10,0.0,0.0,0.0,32,61,357.48,29.0,2,0.0255,-0.0847,30.1,259.87,499.76,Loyal Customers,"Cross-sell premium categories, early bird access, referral incentives."
15333,2011-05-15 13:27:00,2011-05-15 13:27:00,1,344,1028.56,16,0.0,0.0,0.0,208,208,1028.56,208.0,1,-0.3112,0.0639,61.3,90.81,174.63,At-Risk High Spenders,"High-priority win-back promotion, dedicated account check-in, special survey."
15334,2011-06-19 13:51:00,2011-07-06 11:22:00,3,273,350.82,67,0.0,0.0,0.0,157,173,116.94,8.0,1,-0.1755,0.1385,94.9,4.91,9.44,Hibernating / Inactive,"Automated reactivation campaign, steep 20% discount offer, clearance alerts."
15335,2011-10-17 12:50:00,2011-10-17 12:50:00,1,79,170.22,34,0.0,0.0,0.0,53,53,170.22,53.0,2,-0.1691,-0.1761,33.0,59.3,114.05,Low Value Occasional,Target with low-barrier impulse buys and seasonal holiday campaigns.
15339,2011-01-25 13:15:00,2011-10-04 12:51:00,2,416,574.07,77,1.0,2.0,33.33,66,318,287.04,252.0,2,-0.0863,-0.0084,25.7,63.65,122.4,Potential Loyalists,"Offer bundle discounts, volume incentives, brand engagement newsletters."
15341,2011-09-20 09:40:00,2011-09-20 09:40:00,1,812,2020.52,17,0.0,0.0,0.0,81,81,2020.52,81.0,1,-0.1511,-0.0206,39.3,637.76,1226.46,Potential Loyalists,"Offer bundle discounts, volume incentives, brand engagement newsletters."
15342,2011-08-02 10:19:00,2011-08-02 10:19:00,1,283,406.09,24,1.0,7.0,50.0,130,130,406.09,130.0,1,-0.2722,-0.0321,50.1,73.96,142.24,Potential Loyalists,"Offer bundle discounts, volume incentives, brand engagement newsletters."
15343,2011-09-13 13:55:00,2011-09-13 13:55:00,1,84,364.5,21,0.0,0.0,0.0,87,87,364.5,87.0,1,-0.2168,-0.0848,40.6,112.59,216.51,Low Value Occasional,Target with low-barrier impulse buys and seasonal holiday campaigns.
15344,2011-09-26 14:48:00,2011-12-09 10:45:00,3,116,563.94,21,2.0,10.0,40.0,1,74,187.98,36.5,0,0.4858,-0.37,9.0,266.86,513.19,Potential Loyalists,"Offer bundle discounts, volume incentives, brand engagement newsletters."
15345,2011-10-25 11:28:00,2011-10-25 11:28:00,1,81,393.54,20,1.0,3.0,50.0,46,46,393.54,46.0,2,-0.1216,-0.1574,31.5,140.18,269.57,Low Value Occasional,Target with low-barrier impulse buys and seasonal holiday campaigns.
15346,2011-01-11 11:18:00,2011-01-11 11:18:00,1,144,252.42,17,0.0,0.0,0.0,333,333,252.42,333.0,1,-0.4259,0.061,61.3,13.92,26.77,Hibernating / Inactive,"Automated reactivation campaign, steep 20% discount offer, clearance alerts."
15347,2010-12-08 15:25:00,2010-12-08 15:25:00,1,130,201.6,5,0.0,0.0,0.0,366,366,201.6,366.0,1,-0.447,0.0629,61.3,10.11,19.45,Hibernating / Inactive,"Automated reactivation campaign, steep 20% discount offer, clearance alerts."
15348,2011-09-28 13:17:00,2011-09-28 13:17:00,1,84,158.04,9,0.0,0.0,0.0,72,72,158.04,72.0,1,-0.2161,-0.1428,37.3,51.53,99.09,Low Value Occasional,Target with low-barrier impulse buys and seasonal holiday campaigns.
15349,2011-06-05 15:46:00,2011-07-04 16:06:00,2,321,463.91,65,0.0,0.0,0.0,158,187,231.96,29.0,1,-0.221,0.0871,94.6,6.36,12.22,Hibernating / Inactive,"Automated reactivation campaign, steep 20% discount offer, clearance alerts."
15350,2010-12-01 13:33:00,2010-12-01 13:33:00,1,51,115.65,5,0.0,0.0,0.0,373,373,115.65,373.0,1,-0.4677,0.0417,61.3,5.69,10.95,Hibernating / Inactive,"Automated reactivation campaign, steep 20% discount offer, clearance alerts."
15351,2010-12-05 11:49:00,2011-11-27 12:52:00,7,742,1934.66,157,3.0,21.0,30.0,12,370,276.38,59.7,0,0.378,0.063,13.1,215.61,414.63,Champions (VIP),"Exclusive VIP preview, concierge service, high-tier loyalty gifts."
15353,2010-12-07 11:49:00,2011-03-30 12:15:00,2,341,770.12,59,0.0,0.0,0.0,255,368,385.06,113.0,1,-0.275,0.1663,82.8,17.08,32.85,Hibernating / Inactive,"Automated reactivation campaign, steep 20% discount offer, clearance alerts."
15355,2011-10-17 15:22:00,2011-11-10 13:44:00,2,45,277.05,9,0.0,0.0,0.0,29,53,138.52,24.0,2,0.009,-0.1365,31.2,99.11,190.6,Promising New,"Welcome discount on 2nd purchase, onboarding email journey, product tips."
15356,2010-12-06 14:05:00,2011-11-08 13:11:00,10,1643,2718.03,215,0.0,0.0,0.0,31,368,271.8,37.4,3,0.3152,0.2572,25.4,261.44,502.77,Loyal Customers,"Cross-sell premium categories, early bird access, referral incentives."
15360,2011-10-31 09:35:00,2011-10-31 09:35:00,1,223,427.93,13,0.0,0.0,0.0,40,40,427.93,40.0,2,-0.0987,-0.1704,30.1,155.54,299.12,Promising New,"Welcome discount on 2nd purchase, onboarding email journey, product tips."
15361,2010-12-13 09:52:00,2010-12-13 09:52:00,1,336,418.92,7,0.0,0.0,0.0,362,362,418.92,362.0,1,-0.4218,0.0925,61.3,21.25,40.87,Hibernating / Inactive,"Automated reactivation campaign, steep 20% discount offer, clearance alerts."
15363,2010-12-02 12:28:00,2010-12-02 12:28:00,1,144,326.0,16,1.0,1.0,50.0,373,373,326.0,373.0,1,-0.4343,0.0855,61.3,16.05,30.86,Hibernating / Inactive,"Automated reactivation campaign, steep 20% discount offer, clearance alerts."
15364,2011-03-30 13:39:00,2011-09-05 09:46:00,2,493,913.19,29,0.0,0.0,0.0,96,254,456.6,158.0,1,-0.126,0.0561,36.6,108.16,208.0,Potential Loyalists,"Offer bundle discounts, volume incentives, brand engagement newsletters."
15365,2011-01-28 13:08:00,2011-11-14 08:29:00,7,1084,2314.32,65,2.0,326.0,22.22,26,315,330.62,48.2,3,0.2758,0.159,20.2,278.2,535.0,Champions (VIP),"Exclusive VIP preview, concierge service, high-tier loyalty gifts."
15366,2010-12-16 15:59:00,2011-09-25 15:01:00,2,621,602.51,37,0.0,0.0,0.0,75,358,301.26,283.0,1,-0.1034,0.0089,27.8,57.66,110.88,Potential Loyalists,"Offer bundle discounts, volume incentives, brand engagement newsletters."
15367,2011-03-09 13:53:00,2011-10-13 14:13:00,4,1057,1877.59,91,1.0,2.0,20.0,57,275,469.4,72.7,3,0.0684,0.1381,30.5,225.16,433.0,Loyal Customers,"Cross-sell premium categories, early bird access, referral incentives."
15368,2011-11-18 14:42:00,2011-11-18 14:42:00,1,230,446.94,4,0.0,0.0,0.0,21,21,446.94,21.0,2,-0.0053,-0.2439,25.9,172.21,331.18,Promising New,"Welcome discount on 2nd purchase, onboarding email journey, product tips."
15370,2011-01-11 11:32:00,2011-10-30 10:58:00,7,830,2386.05,65,1.0,2.0,12.5,41,333,340.86,48.7,3,0.2115,0.2138,27.8,245.47,472.06,Loyal Customers,"Cross-sell premium categories, early bird access, referral incentives."
15372,2011-07-25 16:39:00,2011-07-25 16:39:00,1,2924,2007.4,27,0.0,0.0,0.0,137,137,2007.4,137.0,1,-0.2283,0.0421,51.7,335.81,645.79,At-Risk High Spenders,"High-priority win-back promotion, dedicated account check-in, special survey."
15373,2010-12-03 14:40:00,2011-12-01 15:05:00,12,500,2415.91,74,1.0,24.0,7.69,8,371,201.33,33.0,0,0.53,0.1359,12.6,270.06,519.35,Champions (VIP),"Exclusive VIP preview, concierge service, high-tier loyalty gifts."
15374,2011-08-03 09:59:00,2011-08-03 09:59:00,1,126,168.0,3,0.0,0.0,0.0,129,129,168.0,129.0,1,-0.2994,-0.0704,49.9,30.96,59.54,Low Value Occasional,Target with low-barrier impulse buys and seasonal holiday campaigns.
15376,2011-05-01 13:45:00,2011-10-30 15:04:00,3,615,1221.56,100,0.0,0.0,0.0,40,222,407.19,91.0,3,0.0643,0.0283,22.0,203.66,391.65,Loyal Customers,"Cross-sell premium categories, early bird access, referral incentives."
15379,2010-12-16 13:02:00,2011-06-23 13:13:00,7,2305,3703.29,145,1.0,12.0,12.5,169,358,529.04,31.5,3,0.019,0.4016,97.0,14.73,28.32,At-Risk High Spenders,"High-priority win-back promotion, dedicated account check-in, special survey."
15380,2010-12-09 15:01:00,2011-12-01 12:13:00,5,376,1690.26,22,1.0,2.0,16.67,9,365,338.05,89.0,0,0.3589,-0.0385,11.4,194.68,374.39,Champions (VIP),"Exclusive VIP preview, concierge service, high-tier loyalty gifts."
15381,2011-03-16 13:44:00,2011-05-10 11:55:00,2,171,596.85,8,0.0,0.0,0.0,214,268,298.42,54.0,1,-0.2574,0.1343,97.0,3.17,6.1,Hibernating / Inactive,"Automated reactivation campaign, steep 20% discount offer, clearance alerts."
15382,2011-02-17 12:01:00,2011-11-25 10:58:00,6,4012,5955.71,193,2.0,9.0,25.0,15,296,992.62,56.2,0,0.3588,0.1062,14.5,816.29,1569.79,Champions (VIP),"Exclusive VIP preview, concierge service, high-tier loyalty gifts."
15384,2010-12-15 11:34:00,2011-06-23 10:57:00,2,596,642.41,34,1.0,3.0,33.33,170,360,321.2,190.0,1,-0.2212,0.1098,57.3,36.15,69.53,Hibernating / Inactive,"Automated reactivation campaign, steep 20% discount offer, clearance alerts."
15385,2011-10-30 15:11:00,2011-10-30 15:11:00,1,161,316.88,12,0.0,0.0,0.0,40,40,316.88,40.0,2,-0.1084,-0.1831,30.1,115.18,221.5,Promising New,"Welcome discount on 2nd purchase, onboarding email journey, product tips."
15386,2011-06-06 13:47:00,2011-06-06 13:47:00,1,446,394.14,31,0.0,0.0,0.0,186,186,394.14,186.0,1,-0.3257,0.0097,61.3,38.91,74.83,Hibernating / Inactive,"Automated reactivation campaign, steep 20% discount offer, clearance alerts."
15389,2011-06-20 16:18:00,2011-06-20 16:18:00,1,400,500.0,1,0.0,0.0,0.0,172,172,500.0,172.0,1,-0.3066,0.0104,59.5,55.86,107.43,Hibernating / Inactive,"Automated reactivation campaign, steep 20% discount offer, clearance alerts."
15392,2010-12-14 15:50:00,2011-12-05 11:01:00,4,1277,1535.53,74,1.0,12.0,20.0,5,360,383.88,118.3,0,0.3973,-0.1449,10.0,182.15,350.29,Champions (VIP),"Exclusive VIP preview, concierge service, high-tier loyalty gifts."
15393,2011-03-03 16:58:00,2011-11-23 16:48:00,2,150,231.86,10,0.0,0.0,0.0,16,281,115.93,265.0,2,0.0872,-0.2127,12.6,34.22,65.81,Promising New,"Welcome discount on 2nd purchase, onboarding email journey, product tips."
15394,2010-12-16 12:46:00,2011-11-30 11:49:00,4,910,2183.54,54,0.0,0.0,0.0,10,359,545.88,116.3,0,0.3191,-0.0566,11.5,255.41,491.18,Champions (VIP),"Exclusive VIP preview, concierge service, high-tier loyalty gifts."
15395,2011-01-18 12:40:00,2011-01-18 12:40:00,1,17,107.45,7,0.0,0.0,0.0,326,326,107.45,326.0,1,-0.4502,0.0223,61.3,6.05,11.64,Hibernating / Inactive,"Automated reactivation campaign, steep 20% discount offer, clearance alerts."
15396,2011-08-19 10:56:00,2011-08-19 10:56:00,1,122,288.18,14,0.0,0.0,0.0,113,113,288.18,113.0,1,-0.2627,-0.0634,46.4,64.86,124.73,Low Value Occasional,Target with low-barrier impulse buys and seasonal holiday campaigns.
15397,2011-02-23 09:25:00,2011-02-23 09:25:00,1,20,94.0,6,0.0,0.0,0.0,290,290,94.0,290.0,1,-0.4372,0.0026,61.3,5.95,11.45,Hibernating / Inactive,"Automated reactivation campaign, steep 20% discount offer, clearance alerts."
15398,2011-09-22 14:56:00,2011-11-23 16:47:00,2,769,1345.53,60,1.0,2.0,33.33,16,78,672.76,62.0,2,0.1439,-0.1381,14.6,597.52,1149.07,Loyal Customers,"Cross-sell premium categories, early bird access, referral incentives."
15399,2011-09-21 15:57:00,2011-12-08 13:04:00,3,611,815.77,45,0.0,0.0,0.0,1,79,271.92,39.0,0,0.4978,-0.3543,9.0,386.02,742.34,Loyal Customers,"Cross-sell premium categories, early bird access, referral incentives."
15400,2011-03-06 11:27:00,2011-09-08 13:57:00,5,390,716.2,10,1.0,30.0,16.67,92,279,143.24,46.8,3,0.0015,0.1948,58.6,50.43,96.98,Potential Loyalists,"Offer bundle discounts, volume incentives, brand engagement newsletters."
15402,2011-05-27 13:32:00,2011-07-14 12:17:00,2,694,626.77,35,0.0,0.0,0.0,149,196,313.38,47.0,1,-0.2026,0.0929,86.0,21.24,40.85,Potential Loyalists,"Offer bundle discounts, volume incentives, brand engagement newsletters."
15405,2011-06-03 14:44:00,2011-06-03 14:44:00,1,193,349.1,8,0.0,0.0,0.0,189,189,349.1,189.0,1,-0.332,0.0065,61.3,33.92,65.23,Hibernating / Inactive,"Automated reactivation campaign, steep 20% discount offer, clearance alerts."
15406,2011-02-11 16:19:00,2011-11-08 13:22:00,2,254,510.71,51,2.0,18.0,50.0,31,301,255.36,270.0,2,0.0191,-0.1027,16.5,67.23,129.28,Promising New,"Welcome discount on 2nd purchase, onboarding email journey, product tips."
15407,2011-02-07 13:18:00,2011-11-06 11:55:00,4,552,1046.74,142,0.0,0.0,0.0,34,305,261.68,90.3,3,0.1242,0.0522,19.9,130.44,250.84,Loyal Customers,"Cross-sell premium categories, early bird access, referral incentives."
15408,2011-03-20 15:02:00,2011-03-20 15:02:00,1,106,267.18,34,0.0,0.0,0.0,264,264,267.18,264.0,1,-0.3898,0.0354,61.3,18.58,35.74,Hibernating / Inactive,"Automated reactivation campaign, steep 20% discount offer, clearance alerts."
15410,2011-03-23 10:15:00,2011-09-16 14:47:00,8,1200,3450.84,48,0.0,0.0,0.0,84,262,431.36,25.4,3,0.1411,0.3409,72.5,171.87,330.52,Potential Loyalists,"Offer bundle discounts, volume incentives, brand engagement newsletters."
15411,2011-06-10 12:30:00,2011-11-13 15:19:00,4,529,1348.93,86,1.0,2.0,20.0,26,183,337.23,52.3,3,0.1708,0.0316,19.6,281.21,540.78,Loyal Customers,"Cross-sell premium categories, early bird access, referral incentives."
15412,2011-06-21 15:24:00,2011-06-21 15:24:00,1,108,190.53,10,0.0,0.0,0.0,171,171,190.53,171.0,1,-0.3368,-0.0312,59.3,21.52,41.38,Hibernating / Inactive,"Automated reactivation campaign, steep 20% discount offer, clearance alerts."
15414,2011-04-11 13:45:00,2011-11-30 09:50:00,3,443,774.9,37,0.0,0.0,0.0,10,242,258.3,116.0,2,0.2441,-0.1502,11.5,134.47,258.59,Loyal Customers,"Cross-sell premium categories, early bird access, referral incentives."
15415,2011-01-30 14:13:00,2011-01-30 14:13:00,1,551,559.61,46,0.0,0.0,0.0,313,313,559.61,313.0,1,-0.3911,0.0873,61.3,32.83,63.14,Hibernating / Inactive,"Automated reactivation campaign, steep 20% discount offer, clearance alerts."
15416,2011-03-02 08:41:00,2011-10-06 09:38:00,4,2090,3984.32,165,1.0,1.0,20.0,65,283,996.08,72.7,3,0.0736,0.1857,34.0,440.91,847.9,Potential Loyalists,"Offer bundle discounts, volume incentives, brand engagement newsletters."
15417,2011-09-15 15:26:00,2011-09-15 15:26:00,1,284,508.8,28,0.0,0.0,0.0,85,85,508.8,85.0,1,-0.2027,-0.0734,40.1,158.48,304.77,Potential Loyalists,"Offer bundle discounts, volume incentives, brand engagement newsletters."
15419,2011-11-15 09:23:00,2011-11-15 09:23:00,1,230,135.86,8,0.0,0.0,0.0,25,25,135.86,25.0,2,-0.0683,-0.2741,26.8,51.71,99.45,Promising New,"Welcome discount on 2nd purchase, onboarding email journey, product tips."
15421,2011-02-02 14:36:00,2011-10-12 09:20:00,4,500,950.36,40,0.0,0.0,0.0,59,310,237.59,83.7,3,0.0414,0.1133,29.8,102.12,196.38,Loyal Customers,"Cross-sell premium categories, early bird access, referral incentives."
15422,2011-01-20 14:17:00,2011-01-20 16:17:00,2,38,97.7,6,0.0,0.0,0.0,323,323,48.85,0.0,1,-0.3763,0.1074,98.0,0.29,0.55,Hibernating / Inactive,"Automated reactivation campaign, steep 20% discount offer, clearance alerts."
15423,2011-11-01 14:01:00,2011-11-01 14:01:00,1,101,43.5,2,0.0,0.0,0.0,38,38,43.5,38.0,2,-0.1646,-0.2728,29.7,15.9,30.58,Promising New,"Welcome discount on 2nd purchase, onboarding email journey, product tips."
15424,2011-03-30 13:00:00,2011-03-30 13:02:00,2,554,383.34,17,0.0,0.0,0.0,254,254,191.67,0.0,1,-0.297,0.1362,98.0,1.43,2.75,Hibernating / Inactive,"Automated reactivation campaign, steep 20% discount offer, clearance alerts."
15426,2010-12-05 13:55:00,2011-11-20 15:36:00,5,656,1404.07,217,2.0,11.0,28.57,19,369,280.81,87.5,3,0.2504,0.0375,14.8,153.83,295.82,Loyal Customers,"Cross-sell premium categories, early bird access, referral incentives."
15427,2011-10-23 14:47:00,2011-11-06 14:29:00,3,967,1430.54,233,0.0,0.0,0.0,33,47,476.85,7.0,3,0.097,0.0123,51.5,360.78,693.82,Loyal Customers,"Cross-sell premium categories, early bird access, referral incentives."
15428,2011-11-24 16:54:00,2011-11-24 16:54:00,1,102,93.78,6,0.0,0.0,0.0,15,15,93.78,15.0,2,-0.0084,-0.3484,24.6,36.77,70.71,Promising New,"Welcome discount on 2nd purchase, onboarding email journey, product tips."
15429,2011-09-25 13:42:00,2011-11-13 12:28:00,2,380,397.35,77,1.0,11.0,33.33,27,75,198.68,48.0,2,0.0308,-0.1295,20.7,163.86,315.11,Promising New,"Welcome discount on 2nd purchase, onboarding email journey, product tips."
15432,2011-11-16 16:30:00,2011-11-16 16:30:00,1,65,171.19,10,0.0,0.0,0.0,23,23,171.19,23.0,2,-0.0491,-0.274,26.4,65.52,126.0,Promising New,"Welcome discount on 2nd purchase, onboarding email journey, product tips."
15433,2011-03-17 14:12:00,2011-05-10 10:45:00,2,534,533.3,40,1.0,135.0,33.33,214,267,266.65,53.0,1,-0.2611,0.1296,97.3,2.56,4.92,Hibernating / Inactive,"Automated reactivation campaign, steep 20% discount offer, clearance alerts."
15434,2011-05-23 14:18:00,2011-12-01 13:33:00,5,647,1041.48,40,1.0,9.0,16.67,8,200,208.3,48.0,0,0.3588,-0.0718,11.9,217.69,418.64,Loyal Customers,"Cross-sell premium categories, early bird access, referral incentives."
15435,2011-11-17 16:39:00,2011-11-17 16:39:00,1,54,149.29,29,0.0,0.0,0.0,22,22,149.29,22.0,2,-0.0472,-0.2849,26.1,57.37,110.33,Promising New,"Welcome discount on 2nd purchase, onboarding email journey, product tips."
15436,2011-04-19 16:52:00,2011-11-27 16:05:00,3,574,1067.75,243,0.0,0.0,0.0,12,234,355.92,111.0,2,0.2297,-0.1164,12.2,190.1,365.58,Loyal Customers,"Cross-sell premium categories, early bird access, referral incentives."
15437,2011-03-22 13:11:00,2011-03-22 13:11:00,1,79,200.16,44,0.0,0.0,0.0,262,262,200.16,262.0,1,-0.398,0.0223,61.3,14.03,26.98,Hibernating / Inactive,"Automated reactivation campaign, steep 20% discount offer, clearance alerts."
15438,2011-07-31 14:19:00,2011-07-31 14:19:00,1,59,156.58,25,0.0,0.0,0.0,131,131,156.58,131.0,1,-0.304,-0.0715,50.4,28.13,54.1,Low Value Occasional,Target with low-barrier impulse buys and seasonal holiday campaigns.
15440,2011-05-15 11:30:00,2011-10-16 12:16:00,3,197,383.68,50,0.0,0.0,0.0,55,209,127.89,77.0,3,-0.0192,0.0168,29.0,61.85,118.93,Low Value Occasional,Target with low-barrier impulse buys and seasonal holiday campaigns.
15442,2011-04-05 12:24:00,2011-04-05 12:24:00,1,120,594.0,2,0.0,0.0,0.0,249,249,594.0,249.0,1,-0.3554,0.0622,61.3,43.81,84.24,Hibernating / Inactive,"Automated reactivation campaign, steep 20% discount offer, clearance alerts."
15443,2011-01-23 13:25:00,2011-12-08 10:40:00,7,1639,3213.59,237,1.0,3.0,12.5,2,320,459.08,53.0,0,0.6112,-0.0928,9.3,432.2,831.14,Champions (VIP),"Exclusive VIP preview, concierge service, high-tier loyalty gifts."
15444,2011-10-30 16:12:00,2011-11-30 17:37:00,2,759,1411.21,191,0.0,0.0,0.0,9,40,705.6,31.0,2,0.2239,-0.2003,13.4,635.49,1222.1,Loyal Customers,"Cross-sell premium categories, early bird access, referral incentives."
15445,2011-03-20 15:06:00,2011-03-20 15:06:00,1,58,113.5,5,0.0,0.0,0.0,264,264,113.5,264.0,1,-0.4173,-0.0008,61.3,7.89,15.18,Hibernating / Inactive,"Automated reactivation campaign, steep 20% discount offer, clearance alerts."
15447,2011-01-13 11:26:00,2011-01-13 11:26:00,1,85,155.17,9,0.0,0.0,0.0,331,331,155.17,331.0,1,-0.4406,0.0397,61.3,8.61,16.55,Hibernating / Inactive,"Automated reactivation campaign, steep 20% discount offer, clearance alerts."
15448,2011-01-31 10:42:00,2011-01-31 10:42:00,1,232,494.64,28,0.0,0.0,0.0,313,313,494.64,313.0,1,-0.395,0.082,61.3,29.02,55.81,Hibernating / Inactive,"Automated reactivation campaign, steep 20% discount offer, clearance alerts."
15449,2011-03-23 10:43:00,2011-11-13 15:02:00,3,812,974.52,47,2.0,2.0,40.0,26,262,324.84,118.0,3,0.1187,-0.0319,16.4,147.55,283.75,Loyal Customers,"Cross-sell premium categories, early bird access, referral incentives."
15450,2011-11-09 17:11:00,2011-11-09 17:11:00,1,376,429.84,30,0.0,0.0,0.0,30,30,429.84,30.0,2,-0.0573,-0.204,27.9,161.16,309.91,Promising New,"Welcome discount on 2nd purchase, onboarding email journey, product tips."
15452,2011-03-20 15:21:00,2011-11-10 12:13:00,3,280,528.48,47,0.0,0.0,0.0,30,264,176.16,117.0,2,0.0785,-0.0411,17.7,78.17,150.33,Potential Loyalists,"Offer bundle discounts, volume incentives, brand engagement newsletters."
15453,2011-06-05 12:37:00,2011-12-08 10:59:00,7,837,1371.77,169,0.0,0.0,0.0,2,188,195.97,31.0,0,0.5837,-0.129,9.5,313.34,602.58,Loyal Customers,"Cross-sell premium categories, early bird access, referral incentives."
15454,2010-12-12 14:21:00,2010-12-12 14:21:00,1,86,179.1,23,0.0,0.0,0.0,362,362,179.1,362.0,1,-0.4492,0.0565,61.3,9.09,17.47,Hibernating / Inactive,"Automated reactivation campaign, steep 20% discount offer, clearance alerts."
15456,2010-12-15 15:34:00,2011-03-01 13:51:00,3,633,434.59,48,0.0,0.0,0.0,283,359,144.86,38.0,1,-0.2552,0.2185,98.0,1.15,2.21,Hibernating / Inactive,"Automated reactivation campaign, steep 20% discount offer, clearance alerts."
15457,2011-03-22 15:31:00,2011-03-22 15:31:00,1,132,237.07,56,0.0,0.0,0.0,262,262,237.07,262.0,1,-0.3925,0.0294,61.3,16.62,31.95,Hibernating / Inactive,"Automated reactivation campaign, steep 20% discount offer, clearance alerts."
15458,2011-11-14 13:08:00,2011-11-14 13:08:00,1,156,161.64,7,0.0,0.0,0.0,25,25,161.64,25.0,2,-0.0628,-0.2667,26.8,61.53,118.32,Promising New,"Welcome discount on 2nd purchase, onboarding email journey, product tips."
15460,2010-12-20 16:08:00,2010-12-20 16:08:00,1,107,214.26,53,0.0,0.0,0.0,354,354,214.26,354.0,1,-0.4401,0.0614,61.3,11.11,21.37,Hibernating / Inactive,"Automated reactivation campaign, steep 20% discount offer, clearance alerts."
15462,2011-06-05 15:36:00,2011-09-06 13:11:00,3,172,234.6,9,0.0,0.0,0.0,94,187,78.2,46.5,1,-0.1132,0.0599,60.0,23.81,45.79,Low Value Occasional,Target with low-barrier impulse buys and seasonal holiday campaigns.
15463,2011-11-10 12:57:00,2011-11-10 12:57:00,1,106,126.14,7,0.0,0.0,0.0,29,29,126.14,29.0,2,-0.0919,-0.2599,27.7,47.42,91.2,Promising New,"Welcome discount on 2nd purchase, onboarding email journey, product tips."
15464,2011-01-05 15:56:00,2011-01-05 15:56:00,1,348,1044.65,155,0.0,0.0,0.0,338,338,1044.65,338.0,1,-0.3822,0.123,61.3,56.75,109.14,At-Risk High Spenders,"High-priority win-back promotion, dedicated account check-in, special survey."
15466,2011-09-15 14:08:00,2011-09-15 14:08:00,1,246,334.53,56,0.0,0.0,0.0,85,85,334.53,85.0,1,-0.2162,-0.0912,40.1,104.2,200.38,Low Value Occasional,Target with low-barrier impulse buys and seasonal holiday campaigns.
15467,2011-07-10 14:42:00,2011-11-30 14:17:00,3,310,524.88,41,1.0,4.0,25.0,9,152,174.96,71.5,2,0.2456,-0.1783,11.7,144.68,278.23,Potential Loyalists,"Offer bundle discounts, volume incentives, brand engagement newsletters."
15468,2011-10-19 13:38:00,2011-10-19 13:49:00,2,155,467.51,24,3.0,5.0,60.0,51,51,233.76,0.0,2,-0.0555,-0.0477,67.1,79.98,153.81,Potential Loyalists,"Offer bundle discounts, volume incentives, brand engagement newsletters."
15469,2011-08-11 16:54:00,2011-10-20 16:21:00,2,153,538.55,24,2.0,3.0,50.0,50,120,269.27,70.0,2,-0.048,-0.0441,27.9,153.54,295.26,Potential Loyalists,"Offer bundle discounts, volume incentives, brand engagement newsletters."
15471,2011-12-07 14:12:00,2011-12-07 14:12:00,1,256,454.48,67,0.0,0.0,0.0,2,2,454.48,2.0,2,0.2898,-0.4842,10.3,211.99,407.67,Promising New,"Welcome discount on 2nd purchase, onboarding email journey, product tips."
15472,2011-08-18 15:17:00,2011-08-18 15:17:00,1,251,371.56,76,0.0,0.0,0.0,113,113,371.56,113.0,1,-0.2545,-0.0527,46.4,83.63,160.82,Low Value Occasional,Target with low-barrier impulse buys and seasonal holiday campaigns.
15473,2011-10-10 11:12:00,2011-11-25 15:15:00,7,672,1771.2,4,3.0,120.0,30.0,14,61,253.03,7.8,0,0.354,0.0765,24.4,696.3,1339.03,Champions (VIP),"Exclusive VIP preview, concierge service, high-tier loyalty gifts."
15475,2011-09-23 15:20:00,2011-09-23 15:20:00,1,319,454.11,29,0.0,0.0,0.0,77,77,454.11,77.0,1,-0.1919,-0.0901,38.4,145.46,279.73,Potential Loyalists,"Offer bundle discounts, volume incentives, brand engagement newsletters."
15478,2011-10-14 11:09:00,2011-10-30 14:19:00,2,575,1399.92,34,0.0,0.0,0.0,40,57,699.96,17.0,2,0.0151,-0.0299,53.0,342.14,657.96,Loyal Customers,"Cross-sell premium categories, early bird access, referral incentives."
15482,2010-12-16 10:08:00,2011-11-24 10:46:00,12,5004,10879.76,46,4.0,2022.0,25.0,16,359,906.65,31.2,0,0.4847,0.2768,17.6,1184.92,2278.7,Champions (VIP),"Exclusive VIP preview, concierge service, high-tier loyalty gifts."
15483,2011-03-18 12:26:00,2011-07-01 13:07:00,4,291,225.26,74,0.0,0.0,0.0,161,267,56.32,35.3,1,-0.1519,0.1724,94.3,2.28,4.39,Hibernating / Inactive,"Automated reactivation campaign, steep 20% discount offer, clearance alerts."
15484,2011-09-22 13:31:00,2011-12-08 15:03:00,4,3150,3590.41,135,1.0,16.0,20.0,1,78,897.6,25.7,0,0.5872,-0.2417,9.1,1697.11,3263.67,Champions (VIP),"Exclusive VIP preview, concierge service, high-tier loyalty gifts."
15485,2010-12-01 13:23:00,2011-11-09 14:31:00,3,1281,2564.5,59,0.0,0.0,0.0,30,373,854.83,171.5,3,0.1296,0.026,16.8,271.43,521.97,Champions (VIP),"Exclusive VIP preview, concierge service, high-tier loyalty gifts."
15488,2011-09-08 10:11:00,2011-09-08 10:11:00,1,73,91.32,2,0.0,0.0,0.0,93,93,91.32,93.0,1,-0.2711,-0.1353,41.9,27.07,52.06,Low Value Occasional,Target with low-barrier impulse buys and seasonal holiday campaigns.
15489,2011-05-12 12:54:00,2011-11-17 08:53:00,3,608,1134.28,47,1.0,15.0,25.0,23,211,378.09,94.0,3,0.141,-0.0397,16.0,214.26,412.05,Loyal Customers,"Cross-sell premium categories, early bird access, referral incentives."
15491,2011-04-18 10:04:00,2011-09-05 15:56:00,6,1646,3100.09,108,1.0,22.0,14.29,95,236,516.68,28.2,3,0.0728,0.2952,75.4,153.33,294.87,Potential Loyalists,"Offer bundle discounts, volume incentives, brand engagement newsletters."
15492,2011-09-26 14:02:00,2011-11-11 14:53:00,2,483,659.46,32,0.0,0.0,0.0,28,74,329.73,46.0,2,0.0419,-0.1038,21.6,268.85,517.02,Promising New,"Welcome discount on 2nd purchase, onboarding email journey, product tips."
15493,2011-03-14 11:44:00,2011-11-07 12:04:00,5,551,1953.41,177,2.0,5.0,28.57,33,271,390.68,59.5,3,0.1826,0.1157,21.9,267.12,513.7,Loyal Customers,"Cross-sell premium categories, early bird access, referral incentives."
15494,2011-08-10 15:29:00,2011-11-18 14:51:00,2,1139,1280.58,120,0.0,0.0,0.0,21,121,640.29,100.0,2,0.1042,-0.109,15.2,425.85,818.94,Loyal Customers,"Cross-sell premium categories, early bird access, referral incentives."
15497,2011-01-24 10:01:00,2011-11-22 11:51:00,2,624,1262.2,13,1.0,2.0,33.33,18,320,631.1,302.0,2,0.1254,-0.1274,13.0,162.83,313.13,Loyal Customers,"Cross-sell premium categories, early bird access, referral incentives."
15500,2011-09-19 13:47:00,2011-12-01 13:47:00,4,572,1131.56,64,0.0,0.0,0.0,8,81,282.89,24.3,0,0.3275,-0.1088,13.6,508.39,977.67,Loyal Customers,"Cross-sell premium categories, early bird access, referral incentives."
15502,2010-12-05 15:40:00,2011-11-24 12:48:00,12,4236,10384.93,164,11.0,413.0,47.83,16,369,865.41,32.1,0,0.4831,0.2748,17.4,1103.04,2121.24,Champions (VIP),"Exclusive VIP preview, concierge service, high-tier loyalty gifts."
15503,2010-12-12 10:57:00,2010-12-12 10:57:00,1,70,141.04,66,0.0,0.0,0.0,363,363,141.04,363.0,1,-0.4573,0.0468,61.3,7.13,13.72,Hibernating / Inactive,"Automated reactivation campaign, steep 20% discount offer, clearance alerts."
15504,2011-09-19 13:45:00,2011-09-19 13:45:00,1,33,52.83,13,0.0,0.0,0.0,81,81,52.83,81.0,1,-0.2683,-0.1748,39.3,16.68,32.07,Low Value Occasional,Target with low-barrier impulse buys and seasonal holiday campaigns.
15505,2011-07-07 13:33:00,2011-10-18 07:56:00,5,2390,3610.96,90,2.0,42.0,28.57,53,155,722.19,25.5,3,0.1341,0.1978,51.8,532.81,1024.64,Loyal Customers,"Cross-sell premium categories, early bird access, referral incentives."
15506,2011-07-24 11:45:00,2011-11-17 12:11:00,3,842,972.08,121,0.0,0.0,0.0,23,139,324.03,58.0,2,0.136,-0.0462,17.7,273.1,525.2,Loyal Customers,"Cross-sell premium categories, early bird access, referral incentives."
15507,2011-06-21 11:19:00,2011-06-21 11:19:00,1,160,475.86,41,0.0,0.0,0.0,172,172,475.86,172.0,1,-0.3082,0.0083,59.5,53.17,102.24,Hibernating / Inactive,"Automated reactivation campaign, steep 20% discount offer, clearance alerts."
15508,2011-04-18 15:31:00,2011-06-03 15:43:00,6,440,1000.27,78,0.0,0.0,0.0,189,235,166.71,9.2,3,-0.0647,0.3297,98.0,4.04,7.77,At-Risk High Spenders,"High-priority win-back promotion, dedicated account check-in, special survey."
15510,2011-01-13 12:10:00,2011-01-13 12:10:00,1,2,250.0,1,0.0,0.0,0.0,331,331,250.0,331.0,1,-0.4253,0.0598,61.3,13.87,26.67,Hibernating / Inactive,"Automated reactivation campaign, steep 20% discount offer, clearance alerts."
15511,2011-09-15 15:05:00,2011-11-28 09:43:00,5,269,900.53,117,0.0,0.0,0.0,12,85,180.11,18.2,0,0.2998,-0.0335,18.7,380.72,732.15,Loyal Customers,"Cross-sell premium categories, early bird access, referral incentives."
15512,2010-12-15 12:01:00,2011-07-07 10:20:00,2,68,121.0,7,0.0,0.0,0.0,156,360,60.5,204.0,1,-0.2624,0.0287,52.2,7.62,14.66,Hibernating / Inactive,"Automated reactivation campaign, steep 20% discount offer, clearance alerts."
15514,2010-12-10 13:50:00,2011-11-27 14:40:00,11,2098,4023.72,96,2.0,337.0,15.38,12,364,365.79,35.2,0,0.4772,0.1843,14.6,447.94,861.42,Champions (VIP),"Exclusive VIP preview, concierge service, high-tier loyalty gifts."
15516,2011-10-24 11:33:00,2011-10-26 10:51:00,3,27,62.43,15,0.0,0.0,0.0,45,47,20.81,1.0,2,-0.0484,-0.0836,63.2,11.95,22.97,Low Value Occasional,Target with low-barrier impulse buys and seasonal holiday campaigns.
15517,2011-04-20 14:02:00,2011-04-20 14:02:00,1,293,267.03,27,0.0,0.0,0.0,233,233,267.03,233.0,1,-0.3714,0.0203,61.3,21.05,40.47,Hibernating / Inactive,"Automated reactivation campaign, steep 20% discount offer, clearance alerts."
15518,2011-01-11 12:55:00,2011-10-06 13:05:00,8,1263,1921.55,135,5.0,11.0,38.46,64,332,240.19,38.3,3,0.1618,0.2836,47.3,144.73,278.32,Potential Loyalists,"Offer bundle discounts, volume incentives, brand engagement newsletters."
15520,2011-12-08 10:58:00,2011-12-08 10:58:00,1,314,343.5,18,0.0,0.0,0.0,2,2,343.5,2.0,2,0.2808,-0.4961,10.3,160.22,308.12,Promising New,"Welcome discount on 2nd purchase, onboarding email journey, product tips."
15521,2011-03-30 09:15:00,2011-10-30 13:42:00,8,1836,3000.2,116,5.0,162.0,38.46,40,255,375.02,30.7,3,0.2444,0.2468,35.4,360.64,693.54,Loyal Customers,"Cross-sell premium categories, early bird access, referral incentives."
15522,2011-09-13 12:26:00,2011-11-07 11:26:00,2,572,397.99,47,0.0,0.0,0.0,33,88,199.0,55.0,2,0.0021,-0.106,22.5,160.39,308.45,Promising New,"Welcome discount on 2nd purchase, onboarding email journey, product tips."
15523,2011-09-16 16:29:00,2011-09-16 16:29:00,1,132,412.01,10,0.0,0.0,0.0,84,84,412.01,84.0,1,-0.2077,-0.0838,39.9,128.76,247.62,Potential Loyalists,"Offer bundle discounts, volume incentives, brand engagement newsletters."
15524,2011-11-15 12:09:00,2011-11-15 12:09:00,1,4,440.0,1,0.0,0.0,0.0,25,25,440.0,25.0,2,-0.0305,-0.2243,26.8,167.48,322.08,Promising New,"Welcome discount on 2nd purchase, onboarding email journey, product tips."
15525,2010-12-01 13:17:00,2011-12-07 14:43:00,3,387,734.37,133,1.0,2.0,25.0,2,373,244.79,185.5,0,0.4344,-0.3097,9.1,84.92,163.31,Loyal Customers,"Cross-sell premium categories, early bird access, referral incentives."
15526,2011-11-06 15:01:00,2011-11-06 15:04:00,2,24,148.44,4,0.0,0.0,0.0,33,33,74.22,0.0,2,-0.0296,-0.1477,51.5,37.44,71.99,Promising New,"Welcome discount on 2nd purchase, onboarding email journey, product tips."
15527,2010-12-20 14:15:00,2011-11-21 12:17:00,8,991,2428.53,127,2.0,4.0,20.0,19,354,303.57,47.9,0,0.3436,0.1509,16.8,270.84,520.84,Champions (VIP),"Exclusive VIP preview, concierge service, high-tier loyalty gifts."
15528,2011-03-30 16:14:00,2011-03-30 16:14:00,1,123,229.33,26,0.0,0.0,0.0,254,254,229.33,254.0,1,-0.389,0.0243,61.3,16.58,31.88,Hibernating / Inactive,"Automated reactivation campaign, steep 20% discount offer, clearance alerts."
15529,2010-12-08 12:24:00,2011-11-17 11:29:00,11,3455,3962.6,415,1.0,7.0,8.33,23,367,360.24,34.4,0,0.3861,0.2578,21.3,403.21,775.4,Champions (VIP),"Exclusive VIP preview, concierge service, high-tier loyalty gifts."
15530,2011-04-07 11:16:00,2011-11-18 12:25:00,4,938,1497.31,90,0.0,0.0,0.0,22,247,374.33,75.0,3,0.1979,0.0166,16.3,240.76,462.99,Loyal Customers,"Cross-sell premium categories, early bird access, referral incentives."
15531,2011-11-09 17:47:00,2011-12-01 18:43:00,2,1085,1972.39,196,0.0,0.0,0.0,8,30,986.2,22.0,2,0.2503,-0.1988,14.0,882.06,1696.26,Champions (VIP),"Exclusive VIP preview, concierge service, high-tier loyalty gifts."
15532,2010-12-16 16:45:00,2011-11-14 14:51:00,4,515,1564.73,205,2.0,13.0,33.33,25,358,391.18,111.0,3,0.1812,0.0333,16.2,173.79,334.22,Champions (VIP),"Exclusive VIP preview, concierge service, high-tier loyalty gifts."
15533,2011-09-11 15:41:00,2011-11-20 15:35:00,3,289,807.57,73,2.0,33.0,40.0,19,89,269.19,35.0,2,0.157,-0.0762,18.7,341.41,656.55,Loyal Customers,"Cross-sell premium categories, early bird access, referral incentives."
15535,2011-01-16 12:35:00,2011-06-19 16:02:00,4,135,502.9,55,3.0,14.0,42.86,173,328,125.72,51.7,3,-0.1365,0.2151,92.5,5.46,10.49,Hibernating / Inactive,"Automated reactivation campaign, steep 20% discount offer, clearance alerts."
15537,2011-06-29 13:10:00,2011-06-29 13:10:00,1,29,110.92,24,0.0,0.0,0.0,163,163,110.92,163.0,1,-0.3471,-0.0598,57.5,13.72,26.39,Hibernating / Inactive,"Automated reactivation campaign, steep 20% discount offer, clearance alerts."
15539,2011-12-02 13:36:00,2011-12-02 13:36:00,1,410,538.46,41,0.0,0.0,0.0,7,7,538.46,7.0,2,0.1503,-0.3583,15.4,236.88,455.54,Promising New,"Welcome discount on 2nd purchase, onboarding email journey, product tips."
15540,2011-11-28 13:51:00,2011-11-28 13:51:00,1,200,213.3,15,0.0,0.0,0.0,11,11,213.3,11.0,2,0.0605,-0.3485,20.3,88.4,170.0,Promising New,"Welcome discount on 2nd purchase, onboarding email journey, product tips."
15541,2011-08-17 14:58:00,2011-08-17 14:58:00,1,49,85.13,29,0.0,0.0,0.0,114,114,85.13,114.0,1,-0.3031,-0.1139,46.6,18.92,36.39,Low Value Occasional,Target with low-barrier impulse buys and seasonal holiday campaigns.
15543,2011-02-24 15:26:00,2011-02-24 15:26:00,1,86,127.86,26,0.0,0.0,0.0,288,288,127.86,288.0,1,-0.4263,0.0147,61.3,8.15,15.68,Hibernating / Inactive,"Automated reactivation campaign, steep 20% discount offer, clearance alerts."
15544,2010-12-02 12:47:00,2011-11-30 16:43:00,9,3109,3546.71,122,2.0,4.0,18.18,9,373,394.08,45.5,0,0.478,0.1066,12.4,395.24,760.07,Champions (VIP),"Exclusive VIP preview, concierge service, high-tier loyalty gifts."
15545,2010-12-03 17:28:00,2011-10-16 13:24:00,2,162,288.97,78,0.0,0.0,0.0,54,371,144.48,317.0,2,-0.0793,-0.0613,22.1,28.79,55.36,Low Value Occasional,Target with low-barrier impulse buys and seasonal holiday campaigns.
15547,2010-12-12 13:26:00,2011-12-02 12:52:00,14,3999,4910.6,441,0.0,0.0,0.0,7,362,350.76,27.3,0,0.597,0.1836,12.6,562.57,1081.87,Champions (VIP),"Exclusive VIP preview, concierge service, high-tier loyalty gifts."
15549,2011-01-27 15:38:00,2011-09-23 16:22:00,3,694,1681.46,104,1.0,10.0,25.0,77,316,560.49,119.5,3,-0.0205,0.1196,32.9,169.42,325.8,Potential Loyalists,"Offer bundle discounts, volume incentives, brand engagement newsletters."
15550,2011-02-11 12:49:00,2011-12-05 15:38:00,4,295,575.63,43,0.0,0.0,0.0,4,302,143.91,99.3,0,0.3926,-0.2086,9.8,81.58,156.89,Potential Loyalists,"Offer bundle discounts, volume incentives, brand engagement newsletters."
15551,2011-11-03 12:37:00,2011-11-03 12:37:00,1,218,436.06,29,0.0,0.0,0.0,37,37,436.06,37.0,2,-0.0869,-0.1788,29.5,159.86,307.42,Promising New,"Welcome discount on 2nd purchase, onboarding email journey, product tips."
15552,2011-05-06 14:47:00,2011-05-06 14:47:00,1,60,90.12,17,0.0,0.0,0.0,217,217,90.12,217.0,1,-0.3958,-0.0341,61.3,7.63,14.67,Hibernating / Inactive,"Automated reactivation campaign, steep 20% discount offer, clearance alerts."
15553,2011-10-10 14:02:00,2011-10-10 14:02:00,1,449,428.93,51,0.0,0.0,0.0,60,60,428.93,60.0,2,-0.1574,-0.1222,34.6,145.87,280.52,Potential Loyalists,"Offer bundle discounts, volume incentives, brand engagement newsletters."
15554,2011-03-07 09:00:00,2011-03-07 09:00:00,1,74,217.2,14,0.0,0.0,0.0,278,278,217.2,278.0,1,-0.4041,0.0329,61.3,14.35,27.59,Hibernating / Inactive,"Automated reactivation campaign, steep 20% discount offer, clearance alerts."
15555,2010-12-05 14:45:00,2011-11-27 16:19:00,16,4427,4794.86,401,4.0,29.0,20.0,12,369,299.68,23.8,0,0.5478,0.2692,16.6,514.23,988.9,Champions (VIP),"Exclusive VIP preview, concierge service, high-tier loyalty gifts."
15556,2011-11-15 16:08:00,2011-11-15 16:08:00,1,236,279.77,31,0.0,0.0,0.0,24,24,279.77,24.0,2,-0.0393,-0.2483,26.6,106.78,205.35,Promising New,"Welcome discount on 2nd purchase, onboarding email journey, product tips."
15557,2011-11-11 12:46:00,2011-11-11 12:46:00,1,213,468.91,16,0.0,0.0,0.0,29,29,468.91,29.0,2,-0.0496,-0.2043,27.7,176.29,339.02,Promising New,"Welcome discount on 2nd purchase, onboarding email journey, product tips."
15561,2011-05-08 11:38:00,2011-11-28 11:07:00,4,267,800.59,27,1.0,11.0,20.0,12,216,200.15,68.0,0,0.262,-0.079,12.8,153.36,294.92,Loyal Customers,"Cross-sell premium categories, early bird access, referral incentives."
15562,2010-12-23 09:55:00,2010-12-23 09:55:00,1,39,134.55,1,0.0,0.0,0.0,352,352,134.55,352.0,1,-0.4543,0.0411,61.3,7.02,13.5,Hibernating / Inactive,"Automated reactivation campaign, steep 20% discount offer, clearance alerts."
15563,2010-12-16 11:27:00,2011-11-17 14:50:00,4,1501,1400.44,88,3.0,41.0,42.86,22,359,350.11,112.3,3,0.1957,0.0138,15.3,156.78,301.5,Loyal Customers,"Cross-sell premium categories, early bird access, referral incentives."
15565,2011-09-30 10:44:00,2011-10-20 14:33:00,2,60,173.16,8,0.0,0.0,0.0,50,71,86.58,21.0,2,-0.0846,-0.0922,55.6,39.98,76.88,Low Value Occasional,Target with low-barrier impulse buys and seasonal holiday campaigns.
15567,2011-11-21 10:48:00,2011-11-21 10:48:00,1,223,186.01,7,0.0,0.0,0.0,19,19,186.01,19.0,2,-0.0194,-0.2925,25.5,72.06,138.58,Promising New,"Welcome discount on 2nd purchase, onboarding email journey, product tips."
15568,2011-09-27 14:37:00,2011-12-07 11:27:00,3,461,758.29,27,0.0,0.0,0.0,3,73,252.76,35.0,0,0.3929,-0.2735,10.0,354.88,682.45,Loyal Customers,"Cross-sell premium categories, early bird access, referral incentives."
15569,2011-01-11 13:26:00,2011-08-28 10:15:00,5,666,1375.71,27,0.0,0.0,0.0,104,332,275.14,57.0,3,0.0046,0.2372,58.9,80.81,155.4,Potential Loyalists,"Offer bundle discounts, volume incentives, brand engagement newsletters."
15570,2010-12-05 12:57:00,2011-12-02 14:47:00,12,2063,4148.82,231,1.0,9.0,7.69,7,369,345.73,32.9,0,0.5649,0.1446,12.1,468.94,901.81,Champions (VIP),"Exclusive VIP preview, concierge service, high-tier loyalty gifts."
15571,2011-09-22 13:15:00,2011-11-28 10:02:00,4,264,650.43,47,0.0,0.0,0.0,12,78,162.61,22.0,0,0.2553,-0.0878,17.1,280.39,539.21,Potential Loyalists,"Offer bundle discounts, volume incentives, brand engagement newsletters."
15572,2011-03-06 14:44:00,2011-12-05 10:09:00,7,1213,2533.42,166,0.0,0.0,0.0,5,278,361.92,45.5,0,0.5011,-0.0191,10.6,386.58,743.42,Champions (VIP),"Exclusive VIP preview, concierge service, high-tier loyalty gifts."
15573,2011-09-15 12:16:00,2011-11-08 11:38:00,2,355,591.19,88,0.0,0.0,0.0,32,86,295.59,54.0,2,0.0193,-0.0928,22.2,239.17,459.94,Promising New,"Welcome discount on 2nd purchase, onboarding email journey, product tips."
15574,2010-12-02 15:46:00,2011-06-15 12:01:00,4,332,675.64,131,0.0,0.0,0.0,178,372,168.91,64.7,3,-0.1312,0.231,88.6,9.82,18.89,Hibernating / Inactive,"Automated reactivation campaign, steep 20% discount offer, clearance alerts."
15576,2011-11-02 12:03:00,2011-11-02 12:03:00,1,394,921.37,43,0.0,0.0,0.0,38,38,921.37,38.0,2,-0.0666,-0.1439,29.7,336.82,647.72,Loyal Customers,"Cross-sell premium categories, early bird access, referral incentives."
15577,2011-02-07 13:32:00,2011-07-11 17:03:00,3,89,258.88,39,0.0,0.0,0.0,151,305,86.29,77.0,1,-0.1795,0.1209,71.6,11.44,22.0,Hibernating / Inactive,"Automated reactivation campaign, steep 20% discount offer, clearance alerts."
15578,2011-06-30 13:03:00,2011-06-30 13:03:00,1,52,127.1,13,0.0,0.0,0.0,162,162,127.1,162.0,1,-0.3419,-0.0548,57.3,15.9,30.57,Hibernating / Inactive,"Automated reactivation campaign, steep 20% discount offer, clearance alerts."
15579,2011-01-30 12:09:00,2011-10-02 12:45:00,2,117,327.6,45,0.0,0.0,0.0,69,314,163.8,245.0,2,-0.1109,-0.0269,26.6,36.34,69.88,Low Value Occasional,Target with low-barrier impulse buys and seasonal holiday campaigns.
15581,2010-12-08 14:38:00,2011-08-11 09:38:00,13,283,3675.77,134,1.0,1.0,7.14,121,366,282.75,20.4,3,0.172,0.4856,86.6,63.86,122.8,At-Risk High Spenders,"High-priority win-back promotion, dedicated account check-in, special survey."
15582,2011-05-03 13:36:00,2011-11-15 09:55:00,3,453,682.91,39,0.0,0.0,0.0,25,220,227.64,97.5,2,0.1128,-0.0515,16.6,122.84,236.24,Potential Loyalists,"Offer bundle discounts, volume incentives, brand engagement newsletters."
15584,2011-06-30 16:39:00,2011-11-16 10:55:00,4,313,720.86,89,1.0,2.0,20.0,24,162,180.22,46.0,3,0.1619,-0.0044,19.5,169.97,326.87,Loyal Customers,"Cross-sell premium categories, early bird access, referral incentives."
15585,2011-06-16 08:38:00,2011-06-16 08:38:00,1,320,455.3,31,0.0,0.0,0.0,177,177,455.3,177.0,1,-0.3138,0.0098,60.6,48.09,92.48,Hibernating / Inactive,"Automated reactivation campaign, steep 20% discount offer, clearance alerts."
15587,2010-12-23 09:59:00,2011-10-20 13:37:00,4,312,913.68,3,0.0,0.0,0.0,50,352,228.42,100.7,3,0.0642,0.0919,25.0,92.37,177.64,Loyal Customers,"Cross-sell premium categories, early bird access, referral incentives."
15589,2011-02-02 10:46:00,2011-03-29 09:54:00,3,243,478.53,28,1.0,1.0,25.0,256,311,159.51,27.5,1,-0.2374,0.2105,98.0,1.46,2.81,Hibernating / Inactive,"Automated reactivation campaign, steep 20% discount offer, clearance alerts."
15592,2011-10-24 08:59:00,2011-10-24 08:59:00,1,354,388.58,24,0.0,0.0,0.0,47,47,388.58,47.0,2,-0.1251,-0.1554,31.7,138.01,265.4,Low Value Occasional,Target with low-barrier impulse buys and seasonal holiday campaigns.
15593,2011-09-30 11:46:00,2011-09-30 11:46:00,1,60,199.8,5,0.0,0.0,0.0,71,71,199.8,71.0,1,-0.2065,-0.1345,37.0,65.45,125.87,Low Value Occasional,Target with low-barrier impulse buys and seasonal holiday campaigns.
15594,2011-04-19 10:08:00,2011-11-24 08:53:00,5,983,1771.78,85,1.0,1.0,16.67,16,235,354.36,54.8,0,0.282,0.0277,15.0,304.09,584.79,Champions (VIP),"Exclusive VIP preview, concierge service, high-tier loyalty gifts."
15596,2010-12-09 16:10:00,2011-08-31 10:55:00,5,561,1406.59,51,4.0,13.0,44.44,101,365,281.32,66.0,3,0.0096,0.2347,53.0,85.94,165.28,Potential Loyalists,"Offer bundle discounts, volume incentives, brand engagement newsletters."
15597,2011-11-04 13:26:00,2011-11-04 13:26:00,1,279,324.57,22,1.0,3.0,50.0,35,35,324.57,35.0,2,-0.0884,-0.1979,29.0,119.83,230.44,Promising New,"Welcome discount on 2nd purchase, onboarding email journey, product tips."
15598,2011-10-17 16:04:00,2011-10-17 16:04:00,1,160,240.68,14,2.0,4.0,66.67,53,53,240.68,53.0,2,-0.158,-0.1615,33.0,83.85,161.26,Low Value Occasional,Target with low-barrier impulse buys and seasonal holiday campaigns.
15599,2011-05-19 13:05:00,2011-11-13 11:44:00,2,718,761.74,50,0.0,0.0,0.0,27,204,380.87,177.0,2,0.0518,-0.1019,15.9,149.01,286.55,Loyal Customers,"Cross-sell premium categories, early bird access, referral incentives."
15601,2010-12-02 10:39:00,2011-11-28 15:15:00,14,4983,6776.56,230,3.0,5.0,17.65,11,373,484.04,27.8,0,0.5475,0.2463,15.0,732.75,1409.13,Champions (VIP),"Exclusive VIP preview, concierge service, high-tier loyalty gifts."
15602,2010-12-06 15:35:00,2011-12-01 14:14:00,9,1137,1297.87,30,6.0,140.0,40.0,8,368,144.21,45.0,0,0.4611,0.0511,12.0,147.27,283.21,Loyal Customers,"Cross-sell premium categories, early bird access, referral incentives."
15603,2011-09-22 10:04:00,2011-09-22 10:04:00,1,96,48.48,2,0.0,0.0,0.0,79,79,48.48,79.0,1,-0.2674,-0.1814,38.8,15.43,29.67,Low Value Occasional,Target with low-barrier impulse buys and seasonal holiday campaigns.
15604,2011-10-18 14:47:00,2011-10-18 14:47:00,1,159,216.39,17,0.0,0.0,0.0,52,52,216.39,52.0,2,-0.1587,-0.1682,32.8,75.62,145.41,Low Value Occasional,Target with low-barrier impulse buys and seasonal holiday campaigns.
15605,2010-12-01 13:38:00,2011-11-03 14:17:00,5,441,1198.23,61,0.0,0.0,0.0,36,373,239.65,84.2,3,0.1543,0.1052,21.0,120.42,231.58,Loyal Customers,"Cross-sell premium categories, early bird access, referral incentives."
15606,2011-01-19 12:07:00,2011-10-09 15:47:00,9,892,2920.16,48,2.0,172.0,18.18,61,325,324.46,33.0,3,0.202,0.3191,49.7,214.45,412.4,Potential Loyalists,"Offer bundle discounts, volume incentives, brand engagement newsletters."
15607,2011-01-07 12:44:00,2011-01-07 12:44:00,1,202,104.76,13,0.0,0.0,0.0,337,337,104.76,337.0,1,-0.4559,0.0253,61.3,5.71,10.98,Hibernating / Inactive,"Automated reactivation campaign, steep 20% discount offer, clearance alerts."
15608,2011-08-11 09:56:00,2011-11-11 13:20:00,4,714,1093.68,59,0.0,0.0,0.0,28,121,273.42,31.0,3,0.1534,0.0313,25.9,317.8,611.16,Loyal Customers,"Cross-sell premium categories, early bird access, referral incentives."
15609,2011-06-08 13:00:00,2011-06-08 13:00:00,1,148,298.48,16,1.0,3.0,50.0,184,184,298.48,184.0,1,-0.3331,-0.0034,61.3,29.79,57.29,Hibernating / Inactive,"Automated reactivation campaign, steep 20% discount offer, clearance alerts."
15610,2011-10-19 10:36:00,2011-10-19 10:36:00,1,66,112.46,6,0.0,0.0,0.0,52,52,112.46,52.0,2,-0.1797,-0.1959,32.8,39.3,75.57,Low Value Occasional,Target with low-barrier impulse buys and seasonal holiday campaigns.
15611,2011-01-09 11:32:00,2011-11-30 12:36:00,13,504,1591.45,23,2.0,6.0,13.33,10,335,122.42,27.1,0,0.5007,0.1589,14.5,192.73,370.64,Champions (VIP),"Exclusive VIP preview, concierge service, high-tier loyalty gifts."
15612,2011-10-09 12:49:00,2011-11-03 14:52:00,2,52,195.15,4,0.0,0.0,0.0,36,62,97.58,26.0,2,-0.0333,-0.1259,35.9,65.05,125.1,Promising New,"Welcome discount on 2nd purchase, onboarding email journey, product tips."
15618,2011-07-26 10:13:00,2011-11-07 08:34:00,4,454,776.85,39,1.0,26.0,20.0,33,137,194.21,34.7,3,0.1189,0.036,27.8,194.26,373.58,Loyal Customers,"Cross-sell premium categories, early bird access, referral incentives."
15619,2011-11-29 08:14:00,2011-11-29 08:14:00,1,136,336.4,3,0.0,0.0,0.0,11,11,336.4,11.0,2,0.0752,-0.3292,20.3,139.42,268.11,Promising New,"Welcome discount on 2nd purchase, onboarding email journey, product tips."
15620,2010-12-16 14:34:00,2011-10-14 12:41:00,3,915,1553.18,92,3.0,16.0,50.0,57,358,517.73,150.5,3,0.0207,0.0804,25.1,154.19,296.52,Loyal Customers,"Cross-sell premium categories, early bird access, referral incentives."
15621,2011-11-18 11:49:00,2011-12-05 14:01:00,4,501,1293.03,11,2.0,38.0,33.33,4,22,323.26,6.0,0,0.4187,-0.1742,12.2,590.35,1135.29,Loyal Customers,"Cross-sell premium categories, early bird access, referral incentives."
15622,2011-03-02 13:42:00,2011-10-27 16:44:00,9,1674,3709.56,169,7.0,122.0,43.75,43,282,412.17,29.9,3,0.2604,0.2878,38.4,384.49,739.41,Loyal Customers,"Cross-sell premium categories, early bird access, referral incentives."
15623,2011-07-21 17:26:00,2011-07-21 17:26:00,1,125,301.03,19,0.0,0.0,0.0,141,141,301.03,141.0,1,-0.2937,-0.035,52.6,48.02,92.34,Low Value Occasional,Target with low-barrier impulse buys and seasonal holiday campaigns.
15624,2011-03-28 13:32:00,2011-08-15 11:38:00,4,357,588.13,26,0.0,0.0,0.0,117,256,147.03,46.3,3,-0.0741,0.1747,72.5,29.98,57.65,Potential Loyalists,"Offer bundle discounts, volume incentives, brand engagement newsletters."
15625,2011-04-18 14:01:00,2011-08-28 10:21:00,4,1188,1534.26,44,4.0,22.0,50.0,104,235,383.56,43.7,3,-0.0258,0.2013,67.6,100.37,193.02,Potential Loyalists,"Offer bundle discounts, volume incentives, brand engagement newsletters."
15626,2011-01-14 10:10:00,2011-09-26 10:03:00,2,766,675.8,49,0.0,0.0,0.0,75,330,337.9,255.0,1,-0.0997,0.0138,28.1,69.87,134.36,Potential Loyalists,"Offer bundle discounts, volume incentives, brand engagement newsletters."
15628,2010-12-08 09:51:00,2011-12-05 10:24:00,9,1894,2870.24,85,1.0,12.0,10.0,5,367,318.92,45.2,0,0.5467,0.0358,10.6,331.77,638.01,Champions (VIP),"Exclusive VIP preview, concierge service, high-tier loyalty gifts."
15630,2011-05-19 10:16:00,2011-10-25 15:36:00,2,800,1186.35,57,1.0,1.0,33.33,45,205,593.17,160.0,2,-0.0073,-0.023,21.3,216.11,415.59,Loyal Customers,"Cross-sell premium categories, early bird access, referral incentives."
15632,2011-03-10 08:29:00,2011-11-24 09:51:00,8,2109,3285.31,107,2.0,60.0,20.0,16,275,410.66,37.0,0,0.3774,0.1441,16.6,472.76,909.16,Champions (VIP),"Exclusive VIP preview, concierge service, high-tier loyalty gifts."
15634,2011-11-22 16:28:00,2011-11-22 16:28:00,1,99,243.55,15,0.0,0.0,0.0,17,17,243.55,17.0,2,0.0048,-0.2939,25.0,94.98,182.66,Promising New,"Welcome discount on 2nd purchase, onboarding email journey, product tips."
15636,2011-03-02 14:50:00,2011-09-11 11:17:00,2,284,724.76,20,0.0,0.0,0.0,90,282,362.38,192.0,1,-0.1241,0.0386,33.5,81.1,155.96,Potential Loyalists,"Offer bundle discounts, volume incentives, brand engagement newsletters."
15637,2011-10-18 08:28:00,2011-10-18 08:28:00,1,128,223.36,15,0.0,0.0,0.0,53,53,223.36,53.0,2,-0.1604,-0.1646,33.0,77.82,149.65,Low Value Occasional,Target with low-barrier impulse buys and seasonal holiday campaigns.
15639,2011-07-28 14:30:00,2011-07-28 14:30:00,1,323,425.32,25,0.0,0.0,0.0,134,134,425.32,134.0,1,-0.2751,-0.0265,51.0,73.8,141.92,Potential Loyalists,"Offer bundle discounts, volume incentives, brand engagement newsletters."
15640,2010-12-02 15:40:00,2011-12-05 14:35:00,15,6572,12416.11,240,2.0,34.0,11.76,4,372,827.74,26.3,0,0.7085,0.1805,10.8,1412.68,2716.69,Champions (VIP),"Exclusive VIP preview, concierge service, high-tier loyalty gifts."
15641,2010-12-15 14:45:00,2011-08-26 14:04:00,4,1562,1887.2,102,0.0,0.0,0.0,105,359,471.8,84.7,3,-0.0206,0.2113,48.7,127.96,246.08,Potential Loyalists,"Offer bundle discounts, volume incentives, brand engagement newsletters."
15643,2011-03-02 14:34:00,2011-06-01 07:38:00,3,246,664.0,31,3.0,4.0,50.0,192,282,221.33,45.0,1,-0.1845,0.1898,97.9,2.35,4.51,Hibernating / Inactive,"Automated reactivation campaign, steep 20% discount offer, clearance alerts."
15644,2011-03-23 15:37:00,2011-06-26 14:54:00,4,550,803.54,166,0.0,0.0,0.0,166,261,200.88,31.7,3,-0.1153,0.23,96.2,5.55,10.68,Hibernating / Inactive,"Automated reactivation campaign, steep 20% discount offer, clearance alerts."
15645,2011-11-21 11:55:00,2011-11-21 11:55:00,1,256,612.01,50,0.0,0.0,0.0,19,19,612.01,19.0,2,0.0189,-0.2421,25.5,237.09,455.95,Promising New,"Welcome discount on 2nd purchase, onboarding email journey, product tips."
15646,2010-12-02 16:59:00,2011-07-05 09:53:00,3,394,447.64,35,1.0,6.0,25.0,158,372,149.21,107.0,1,-0.1685,0.1496,64.7,20.16,38.76,Hibernating / Inactive,"Automated reactivation campaign, steep 20% discount offer, clearance alerts."
15648,2011-03-17 18:59:00,2011-05-19 15:53:00,2,218,639.5,23,2.0,8.0,50.0,204,267,319.75,63.0,1,-0.2482,0.1315,93.4,7.5,14.42,Hibernating / Inactive,"Automated reactivation campaign, steep 20% discount offer, clearance alerts."
15649,2010-12-07 10:06:00,2011-01-07 13:34:00,2,192,816.0,1,0.0,0.0,0.0,336,368,408.0,32.0,1,-0.3138,0.202,98.0,2.1,4.05,Hibernating / Inactive,"Automated reactivation campaign, steep 20% discount offer, clearance alerts."
15651,2011-03-24 08:56:00,2011-11-03 08:41:00,3,479,646.3,27,0.0,0.0,0.0,37,261,215.43,112.0,3,0.0549,-0.008,20.1,93.88,180.54,Potential Loyalists,"Offer bundle discounts, volume incentives, brand engagement newsletters."
15652,2011-09-09 14:22:00,2011-09-09 14:22:00,1,208,337.74,21,0.0,0.0,0.0,91,91,337.74,91.0,1,-0.2259,-0.0827,41.5,102.74,197.58,Low Value Occasional,Target with low-barrier impulse buys and seasonal holiday campaigns.
15653,2011-08-16 09:50:00,2011-09-08 10:49:00,2,1200,877.44,4,0.0,0.0,0.0,93,116,438.72,23.0,1,-0.1227,0.0506,78.0,78.96,151.85,Potential Loyalists,"Offer bundle discounts, volume incentives, brand engagement newsletters."
15654,2011-11-13 15:15:00,2011-11-30 13:08:00,2,475,922.53,15,0.0,0.0,0.0,9,26,461.26,17.0,2,0.2102,-0.2183,16.3,401.52,772.15,Loyal Customers,"Cross-sell premium categories, early bird access, referral incentives."
15655,2011-04-10 15:25:00,2011-04-10 15:25:00,1,324,560.67,34,1.0,5.0,50.0,243,243,560.67,243.0,1,-0.3537,0.0568,61.3,42.37,81.48,Hibernating / Inactive,"Automated reactivation campaign, steep 20% discount offer, clearance alerts."
15656,2011-02-28 15:32:00,2011-10-25 14:56:00,4,343,748.5,46,0.0,0.0,0.0,45,284,187.12,79.7,3,0.073,0.071,24.7,94.17,181.09,Loyal Customers,"Cross-sell premium categories, early bird access, referral incentives."
15657,2011-11-17 12:19:00,2011-11-17 12:19:00,1,24,30.0,1,0.0,0.0,0.0,23,23,30.0,23.0,2,-0.1045,-0.3469,26.4,11.48,22.08,Promising New,"Welcome discount on 2nd purchase, onboarding email journey, product tips."
15658,2010-12-02 10:53:00,2011-06-02 15:22:00,5,242,1024.1,40,3.0,10.0,37.5,190,373,204.82,45.8,3,-0.0934,0.2971,97.6,3.13,6.01,At-Risk High Spenders,"High-priority win-back promotion, dedicated account check-in, special survey."
15659,2011-10-27 09:23:00,2011-10-27 09:23:00,1,111,306.45,11,0.0,0.0,0.0,44,44,306.45,44.0,2,-0.1233,-0.1733,31.0,109.95,211.45,Promising New,"Welcome discount on 2nd purchase, onboarding email journey, product tips."
15660,2010-12-09 09:49:00,2011-11-14 16:58:00,9,1050,1600.86,55,3.0,13.0,25.0,25,366,177.87,42.6,3,0.311,0.1884,20.6,164.79,316.9,Champions (VIP),"Exclusive VIP preview, concierge service, high-tier loyalty gifts."
15661,2011-01-05 12:32:00,2011-01-26 13:56:00,2,236,309.8,4,0.0,0.0,0.0,317,339,154.9,22.0,1,-0.3365,0.1539,98.0,0.87,1.67,Hibernating / Inactive,"Automated reactivation campaign, steep 20% discount offer, clearance alerts."
15663,2011-08-25 15:50:00,2011-08-25 15:50:00,1,106,138.14,9,0.0,0.0,0.0,106,106,138.14,106.0,1,-0.2769,-0.1022,44.8,34.13,65.64,Low Value Occasional,Target with low-barrier impulse buys and seasonal holiday campaigns.
15664,2011-10-20 10:57:00,2011-10-20 10:57:00,1,157,386.43,17,1.0,16.0,50.0,51,51,386.43,51.0,2,-0.1372,-0.146,32.6,135.44,260.45,Low Value Occasional,Target with low-barrier impulse buys and seasonal holiday campaigns.
15665,2011-04-10 15:09:00,2011-06-24 14:57:00,2,1654,2222.21,92,0.0,0.0,0.0,168,243,1111.1,75.0,1,-0.1794,0.1611,79.8,87.65,168.56,At-Risk High Spenders,"High-priority win-back promotion, dedicated account check-in, special survey."
15667,2011-10-31 10:56:00,2011-10-31 10:56:00,1,240,301.32,13,0.0,0.0,0.0,40,40,301.32,40.0,2,-0.11,-0.1853,30.1,109.52,210.62,Promising New,"Welcome discount on 2nd purchase, onboarding email journey, product tips."
15668,2011-05-06 10:39:00,2011-05-06 10:39:00,1,72,76.32,1,0.0,0.0,0.0,218,218,76.32,218.0,1,-0.4018,-0.0405,61.3,6.43,12.36,Hibernating / Inactive,"Automated reactivation campaign, steep 20% discount offer, clearance alerts."
15669,2011-03-21 09:13:00,2011-10-30 16:03:00,4,342,684.34,31,1.0,3.0,20.0,40,264,171.08,74.7,3,0.0871,0.0533,23.2,94.46,181.66,Potential Loyalists,"Offer bundle discounts, volume incentives, brand engagement newsletters."
15670,2011-02-16 10:50:00,2011-02-16 10:50:00,1,91,173.05,12,0.0,0.0,0.0,297,297,173.05,297.0,1,-0.4211,0.0312,61.3,10.7,20.58,Hibernating / Inactive,"Automated reactivation campaign, steep 20% discount offer, clearance alerts."
15671,2011-03-14 09:37:00,2011-11-21 12:43:00,7,1699,2657.13,52,3.0,18.0,30.0,19,271,379.59,42.0,0,0.3246,0.1286,17.5,383.83,738.13,Champions (VIP),"Exclusive VIP preview, concierge service, high-tier loyalty gifts."
15673,2011-01-16 16:25:00,2011-09-12 16:12:00,4,1451,2726.23,107,0.0,0.0,0.0,88,327,681.56,79.7,3,0.0172,0.2058,42.6,227.07,436.68,Potential Loyalists,"Offer bundle discounts, volume incentives, brand engagement newsletters."
15674,2011-03-30 09:19:00,2011-09-27 15:17:00,5,1275,2446.6,88,3.0,200.0,37.5,73,255,489.32,45.5,3,0.0749,0.2194,48.1,236.28,454.38,Potential Loyalists,"Offer bundle discounts, volume incentives, brand engagement newsletters."
15675,2011-03-04 14:21:00,2011-09-19 13:48:00,3,527,323.69,20,0.0,0.0,0.0,81,280,107.9,99.5,3,-0.0811,0.0557,36.3,34.94,67.2,Low Value Occasional,Target with low-barrier impulse buys and seasonal holiday campaigns.
15676,2011-03-01 10:19:00,2011-11-21 12:40:00,3,2252,3435.76,191,2.0,21.0,40.0,19,284,1145.25,132.5,3,0.2038,-0.0146,14.1,493.1,948.26,Champions (VIP),"Exclusive VIP preview, concierge service, high-tier loyalty gifts."
15677,2011-10-21 15:36:00,2011-10-21 15:36:00,1,319,657.23,33,0.0,0.0,0.0,49,49,657.23,49.0,2,-0.1142,-0.1282,32.1,232.05,446.26,Potential Loyalists,"Offer bundle discounts, volume incentives, brand engagement newsletters."
15678,2011-10-18 09:25:00,2011-10-18 09:25:00,1,184,352.7,12,0.0,0.0,0.0,53,53,352.7,53.0,2,-0.1457,-0.1453,33.0,122.88,236.31,Low Value Occasional,Target with low-barrier impulse buys and seasonal holiday campaigns.
15679,2011-06-10 08:24:00,2011-11-15 16:19:00,4,1170,781.28,98,0.0,0.0,0.0,24,183,195.32,53.0,3,0.1645,-0.0009,18.6,164.9,317.11,Loyal Customers,"Cross-sell premium categories, early bird access, referral incentives."
15680,2010-12-08 14:43:00,2011-11-30 13:46:00,3,952,1333.68,61,0.0,0.0,0.0,9,366,444.56,178.5,0,0.2757,-0.1387,11.0,153.89,295.93,Loyal Customers,"Cross-sell premium categories, early bird access, referral incentives."
15681,2011-03-04 13:46:00,2011-11-14 16:30:00,5,816,1426.16,32,1.0,260.0,16.67,25,280,285.23,63.8,3,0.2121,0.0699,18.1,197.94,380.65,Loyal Customers,"Cross-sell premium categories, early bird access, referral incentives."
15683,2011-08-14 12:56:00,2011-08-14 12:56:00,1,131,193.75,10,0.0,0.0,0.0,117,117,193.75,117.0,1,-0.2805,-0.0761,47.3,41.41,79.63,Low Value Occasional,Target with low-barrier impulse buys and seasonal holiday campaigns.
15687,2011-01-13 15:13:00,2011-12-01 08:33:00,9,1310,2993.1,119,2.0,2.0,18.18,9,330,332.57,40.1,0,0.4725,0.0994,12.7,375.72,722.53,Champions (VIP),"Exclusive VIP preview, concierge service, high-tier loyalty gifts."
15689,2010-12-13 09:57:00,2011-08-12 09:37:00,2,84,254.1,8,0.0,0.0,0.0,120,362,127.05,242.0,1,-0.2,0.0286,40.5,19.82,38.11,Low Value Occasional,Target with low-barrier impulse buys and seasonal holiday campaigns.
15690,2011-08-31 11:40:00,2011-12-05 15:59:00,2,408,239.76,19,0.0,0.0,0.0,4,101,119.88,97.0,2,0.2692,-0.3593,9.8,101.6,195.39,Promising New,"Welcome discount on 2nd purchase, onboarding email journey, product tips."
15691,2011-04-01 15:13:00,2011-04-01 15:13:00,1,72,136.8,2,0.0,0.0,0.0,252,252,136.8,252.0,1,-0.4045,0.0015,61.3,9.97,19.17,Hibernating / Inactive,"Automated reactivation campaign, steep 20% discount offer, clearance alerts."
15692,2011-11-11 14:12:00,2011-11-11 14:12:00,1,138,191.04,12,0.0,0.0,0.0,28,28,191.04,28.0,2,-0.0735,-0.2465,27.5,72.02,138.5,Promising New,"Welcome discount on 2nd purchase, onboarding email journey, product tips."
15694,2010-12-02 07:49:00,2011-12-09 09:44:00,14,1677,6479.4,42,1.0,12.0,6.67,1,373,462.81,28.6,0,0.8109,0.0277,9.0,750.07,1442.43,Champions (VIP),"Exclusive VIP preview, concierge service, high-tier loyalty gifts."
15695,2011-03-18 08:31:00,2011-03-18 08:32:00,2,212,409.98,22,0.0,0.0,0.0,267,267,204.99,0.0,1,-0.3021,0.1451,98.0,1.46,2.8,Hibernating / Inactive,"Automated reactivation campaign, steep 20% discount offer, clearance alerts."
15696,2011-01-17 11:24:00,2011-11-06 14:02:00,8,1015,2711.11,140,4.0,6.0,33.33,33,327,338.89,42.0,3,0.2688,0.2198,25.2,294.27,565.89,Loyal Customers,"Cross-sell premium categories, early bird access, referral incentives."
15699,2011-11-22 08:26:00,2011-11-22 08:26:00,1,113,309.65,18,0.0,0.0,0.0,18,18,309.65,18.0,2,0.0045,-0.2772,25.3,120.28,231.31,Promising New,"Welcome discount on 2nd purchase, onboarding email journey, product tips."
15700,2011-06-19 15:36:00,2011-06-20 16:53:00,2,357,696.68,85,1.0,29.0,33.33,172,173,348.34,1.0,1,-0.2203,0.1146,98.0,3.82,7.35,Hibernating / Inactive,"Automated reactivation campaign, steep 20% discount offer, clearance alerts."
15701,2011-08-21 12:36:00,2011-12-07 14:39:00,4,912,1529.0,193,0.0,0.0,0.0,2,111,382.25,36.3,0,0.4997,-0.2289,9.4,592.17,1138.8,Champions (VIP),"Exclusive VIP preview, concierge service, high-tier loyalty gifts."
15703,2011-03-20 10:51:00,2011-03-20 10:51:00,1,66,211.5,5,0.0,0.0,0.0,265,265,211.5,265.0,1,-0.3979,0.026,61.3,14.66,28.18,Hibernating / Inactive,"Automated reactivation campaign, steep 20% discount offer, clearance alerts."
15704,2011-05-08 12:42:00,2011-07-22 13:35:00,4,1028,2293.62,79,0.0,0.0,0.0,140,216,573.4,25.3,3,-0.0564,0.2541,90.6,47.36,91.08,At-Risk High Spenders,"High-priority win-back promotion, dedicated account check-in, special survey."
15705,2011-05-22 15:37:00,2011-05-22 15:37:00,1,62,143.1,6,0.0,0.0,0.0,201,201,143.1,201.0,1,-0.3698,-0.0239,61.3,13.07,25.14,Hibernating / Inactive,"Automated reactivation campaign, steep 20% discount offer, clearance alerts."
15706,2011-08-15 14:32:00,2011-10-07 10:09:00,4,321,1060.56,50,3.0,16.0,42.86,64,116,265.14,17.3,3,0.0331,0.1276,70.2,129.28,248.61,Potential Loyalists,"Offer bundle discounts, volume incentives, brand engagement newsletters."
15707,2011-09-14 14:19:00,2011-11-04 14:35:00,4,594,916.98,126,0.0,0.0,0.0,35,86,229.24,17.0,3,0.1158,0.05,47.5,250.33,481.4,Loyal Customers,"Cross-sell premium categories, early bird access, referral incentives."
15708,2010-12-05 11:12:00,2011-10-30 10:54:00,7,1217,3235.25,124,4.0,9.0,36.36,41,370,462.18,54.8,3,0.2213,0.2267,26.4,305.37,587.24,Loyal Customers,"Cross-sell premium categories, early bird access, referral incentives."
15709,2011-03-01 10:38:00,2011-03-01 10:38:00,1,121,133.25,6,0.0,0.0,0.0,284,284,133.25,284.0,1,-0.4229,0.0148,61.3,8.62,16.57,Hibernating / Inactive,"Automated reactivation campaign, steep 20% discount offer, clearance alerts."
15712,2011-02-25 11:32:00,2011-11-30 14:09:00,5,486,1072.36,41,0.0,0.0,0.0,9,288,214.47,69.8,0,0.3442,-0.0578,11.7,156.01,300.01,Loyal Customers,"Cross-sell premium categories, early bird access, referral incentives."
15713,2010-12-08 15:16:00,2011-07-19 13:34:00,2,150,356.7,18,1.0,1.0,33.33,143,366,178.35,223.0,1,-0.2148,0.064,47.6,24.23,46.6,Low Value Occasional,Target with low-barrier impulse buys and seasonal holiday campaigns.
15714,2011-09-23 11:25:00,2011-11-28 11:26:00,2,186,330.03,34,0.0,0.0,0.0,12,78,165.02,66.0,2,0.1382,-0.2302,12.9,149.48,287.46,Promising New,"Welcome discount on 2nd purchase, onboarding email journey, product tips."
15716,2010-12-05 12:26:00,2011-07-17 11:59:00,4,738,1101.11,101,0.0,0.0,0.0,146,370,275.28,74.7,3,-0.0863,0.2279,70.4,41.8,80.38,At-Risk High Spenders,"High-priority win-back promotion, dedicated account check-in, special survey."
15717,2011-04-19 13:21:00,2011-04-19 13:21:00,1,70,150.3,7,0.0,0.0,0.0,234,234,150.3,234.0,1,-0.3906,-0.0035,61.3,11.79,22.68,Hibernating / Inactive,"Automated reactivation campaign, steep 20% discount offer, clearance alerts."
15719,2011-01-06 12:31:00,2011-11-07 12:29:00,13,2718,5030.07,299,1.0,1.0,7.14,33,338,386.93,25.4,3,0.371,0.3443,33.7,468.18,900.34,Loyal Customers,"Cross-sell premium categories, early bird access, referral incentives."
15720,2011-11-15 14:48:00,2011-11-15 14:48:00,1,281,598.73,128,0.0,0.0,0.0,24,24,598.73,24.0,2,-0.0148,-0.216,26.6,228.52,439.47,Promising New,"Welcome discount on 2nd purchase, onboarding email journey, product tips."
15721,2011-11-28 12:14:00,2011-11-28 12:14:00,1,388,471.4,80,0.0,0.0,0.0,12,12,471.4,12.0,2,0.0742,-0.3052,21.6,192.18,369.58,Promising New,"Welcome discount on 2nd purchase, onboarding email journey, product tips."
15722,2011-02-22 12:24:00,2011-11-04 11:43:00,5,1023,2211.21,45,1.0,5.0,16.67,36,291,442.24,63.8,3,0.1741,0.1312,22.7,278.71,535.98,Loyal Customers,"Cross-sell premium categories, early bird access, referral incentives."
15723,2010-12-10 11:12:00,2010-12-10 11:12:00,1,73,190.7,37,0.0,0.0,0.0,365,365,190.7,365.0,1,-0.4484,0.0602,61.3,9.59,18.45,Hibernating / Inactive,"Automated reactivation campaign, steep 20% discount offer, clearance alerts."
15724,2011-02-28 10:40:00,2011-05-22 14:40:00,2,73,218.25,11,1.0,1.0,33.33,201,285,109.12,84.0,1,-0.2807,0.0841,84.7,5.56,10.69,Hibernating / Inactive,"Automated reactivation campaign, steep 20% discount offer, clearance alerts."
15725,2011-11-24 14:51:00,2011-11-24 14:51:00,1,221,415.25,32,0.0,0.0,0.0,15,15,415.25,15.0,2,0.0394,-0.2855,24.6,162.81,313.1,Promising New,"Welcome discount on 2nd purchase, onboarding email journey, product tips."
15727,2010-12-15 15:47:00,2011-11-23 12:36:00,7,3063,5159.06,213,0.0,0.0,0.0,17,359,737.01,57.0,0,0.3616,0.144,15.3,577.56,1110.69,Champions (VIP),"Exclusive VIP preview, concierge service, high-tier loyalty gifts."
15729,2011-05-11 12:36:00,2011-05-11 12:36:00,1,28,85.0,5,1.0,4.0,50.0,213,213,85.0,213.0,1,-0.395,-0.0388,61.3,7.33,14.09,Hibernating / Inactive,"Automated reactivation campaign, steep 20% discount offer, clearance alerts."
15730,2011-05-17 12:43:00,2011-10-05 12:31:00,3,689,1120.88,68,1.0,6.0,25.0,66,207,373.63,70.5,3,-0.0111,0.084,34.9,167.27,321.67,Potential Loyalists,"Offer bundle discounts, volume incentives, brand engagement newsletters."
15732,2010-12-02 15:00:00,2011-05-11 14:24:00,2,215,294.12,13,0.0,0.0,0.0,212,372,147.06,160.0,1,-0.2789,0.1032,66.9,12.42,23.88,Hibernating / Inactive,"Automated reactivation campaign, steep 20% discount offer, clearance alerts."
15733,2011-03-02 09:05:00,2011-03-02 09:05:00,1,62,162.3,10,0.0,0.0,0.0,283,283,162.3,283.0,1,-0.4161,0.0227,61.3,10.53,20.25,Hibernating / Inactive,"Automated reactivation campaign, steep 20% discount offer, clearance alerts."
15734,2011-05-23 14:59:00,2011-08-17 10:50:00,2,346,1339.45,25,0.0,0.0,0.0,115,200,669.72,85.0,1,-0.1401,0.094,52.9,149.68,287.84,Potential Loyalists,"Offer bundle discounts, volume incentives, brand engagement newsletters."
15737,2011-04-11 10:01:00,2011-11-25 11:21:00,8,597,1188.12,60,4.0,13.0,33.33,15,243,148.52,32.6,0,0.3535,0.0936,16.7,193.26,371.66,Loyal Customers,"Cross-sell premium categories, early bird access, referral incentives."
15738,2010-12-02 12:50:00,2011-11-21 08:26:00,16,2982,4812.42,46,3.0,15.0,15.79,19,372,300.78,23.5,0,0.4842,0.3214,22.4,476.35,916.05,Champions (VIP),"Exclusive VIP preview, concierge service, high-tier loyalty gifts."
15739,2011-10-04 13:42:00,2011-10-04 13:42:00,1,472,449.12,8,0.0,0.0,0.0,66,66,449.12,66.0,2,-0.1698,-0.1089,35.9,149.7,287.89,Potential Loyalists,"Offer bundle discounts, volume incentives, brand engagement newsletters."
15740,2011-10-21 14:29:00,2011-10-21 14:29:00,1,152,154.88,9,0.0,0.0,0.0,49,49,154.88,49.0,2,-0.1608,-0.1894,32.1,54.69,105.16,Low Value Occasional,Target with low-barrier impulse buys and seasonal holiday campaigns.
15743,2011-06-08 10:14:00,2011-11-23 17:19:00,4,214,775.96,59,0.0,0.0,0.0,16,185,193.99,56.3,3,0.2213,-0.0479,14.9,169.37,325.71,Loyal Customers,"Cross-sell premium categories, early bird access, referral incentives."
15744,2011-09-23 09:52:00,2011-09-23 09:52:00,1,120,34.8,3,0.0,0.0,0.0,78,78,34.8,78.0,1,-0.276,-0.1966,38.6,11.11,21.37,Low Value Occasional,Target with low-barrier impulse buys and seasonal holiday campaigns.
15745,2011-04-17 13:04:00,2011-11-20 13:45:00,4,421,1094.59,57,2.0,9.0,33.33,19,236,273.65,72.3,3,0.2084,-0.0136,15.3,186.41,358.48,Loyal Customers,"Cross-sell premium categories, early bird access, referral incentives."
15746,2011-07-28 15:21:00,2011-07-28 15:21:00,1,178,196.88,28,1.0,48.0,50.0,134,134,196.88,134.0,1,-0.2999,-0.0591,51.0,34.16,65.69,Low Value Occasional,Target with low-barrier impulse buys and seasonal holiday campaigns.
15747,2011-06-20 11:30:00,2011-11-27 12:26:00,3,466,946.64,52,0.0,0.0,0.0,13,173,315.55,80.0,2,0.2149,-0.1126,12.9,226.15,434.9,Loyal Customers,"Cross-sell premium categories, early bird access, referral incentives."
15748,2011-10-30 12:51:00,2011-10-30 12:51:00,1,50,144.36,19,0.0,0.0,0.0,40,40,144.36,40.0,2,-0.1337,-0.2164,30.1,52.47,100.91,Promising New,"Welcome discount on 2nd purchase, onboarding email journey, product tips."
15749,2011-01-11 12:55:00,2011-04-18 13:20:00,3,18028,44534.3,5,1.0,9014.0,25.0,235,332,14844.77,48.5,3,-0.0783,0.3929,98.0,127.3,244.8,At-Risk High Spenders,"High-priority win-back promotion, dedicated account check-in, special survey."
15750,2010-12-08 10:36:00,2011-12-07 12:34:00,8,1783,2463.05,214,1.0,7.0,11.11,3,367,307.88,52.0,0,0.582,-0.0432,9.7,287.56,553.0,Champions (VIP),"Exclusive VIP preview, concierge service, high-tier loyalty gifts."
15752,2010-12-02 09:43:00,2011-10-31 11:37:00,7,1960,2626.6,236,1.0,5.0,12.5,40,373,375.23,55.5,3,0.2181,0.2149,25.8,247.93,476.79,Loyal Customers,"Cross-sell premium categories, early bird access, referral incentives."
15753,2011-02-08 12:41:00,2011-02-08 12:41:00,1,144,79.2,1,0.0,0.0,0.0,305,305,79.2,305.0,1,-0.4501,0.0015,61.3,4.77,9.17,Hibernating / Inactive,"Automated reactivation campaign, steep 20% discount offer, clearance alerts."
15754,2011-04-07 12:24:00,2011-10-19 14:40:00,3,199,458.57,24,1.0,2.0,25.0,51,247,152.86,98.0,3,-0.0025,0.0154,25.5,65.63,126.21,Potential Loyalists,"Offer bundle discounts, volume incentives, brand engagement newsletters."
15755,2011-02-18 11:53:00,2011-11-29 14:57:00,6,1427,2364.25,127,2.0,30.0,25.0,10,295,394.04,57.0,0,0.3844,0.0216,12.4,333.13,640.63,Champions (VIP),"Exclusive VIP preview, concierge service, high-tier loyalty gifts."
15756,2011-04-04 14:00:00,2011-10-09 13:30:00,4,241,528.01,160,0.0,0.0,0.0,61,249,132.0,62.7,3,0.0176,0.0923,34.4,66.0,126.93,Potential Loyalists,"Offer bundle discounts, volume incentives, brand engagement newsletters."
15757,2011-05-06 11:40:00,2011-10-05 12:14:00,2,491,714.42,43,0.0,0.0,0.0,66,218,357.21,152.0,2,-0.0793,0.0009,27.7,112.43,216.21,Potential Loyalists,"Offer bundle discounts, volume incentives, brand engagement newsletters."
15758,2011-11-15 10:48:00,2011-11-15 10:48:00,1,47,205.25,9,0.0,0.0,0.0,25,25,205.25,25.0,2,-0.0551,-0.2566,26.8,78.13,150.24,Promising New,"Welcome discount on 2nd purchase, onboarding email journey, product tips."
15759,2010-12-16 15:29:00,2011-05-05 15:13:00,3,60,253.04,5,0.0,0.0,0.0,218,358,84.35,70.0,1,-0.2343,0.1642,92.4,2.55,4.9,Hibernating / Inactive,"Automated reactivation campaign, steep 20% discount offer, clearance alerts."
15762,2011-09-23 15:17:00,2011-10-05 16:15:00,2,251,583.75,37,0.0,0.0,0.0,65,77,291.88,12.0,2,-0.0836,-0.0095,73.1,81.66,157.03,Potential Loyalists,"Offer bundle discounts, volume incentives, brand engagement newsletters."
15763,2011-09-23 12:10:00,2011-11-08 09:44:00,2,271,1086.92,58,1.0,3.0,33.33,32,78,543.46,46.0,2,0.039,-0.0669,23.7,431.25,829.32,Loyal Customers,"Cross-sell premium categories, early bird access, referral incentives."
15764,2011-03-08 09:23:00,2011-09-12 17:58:00,6,2050,3279.97,150,4.0,14.0,40.0,88,277,546.66,37.8,3,0.0858,0.2884,63.3,206.2,396.54,Potential Loyalists,"Offer bundle discounts, volume incentives, brand engagement newsletters."
15766,2011-10-06 17:03:00,2011-10-06 17:03:00,1,170,315.06,11,0.0,0.0,0.0,64,64,315.06,64.0,2,-0.1767,-0.1276,35.5,105.67,203.21,Low Value Occasional,Target with low-barrier impulse buys and seasonal holiday campaigns.
15768,2011-04-28 09:20:00,2011-08-16 10:48:00,3,244,621.83,23,1.0,1.0,25.0,116,226,207.28,55.0,3,-0.1126,0.1264,66.3,44.0,84.61,Potential Loyalists,"Offer bundle discounts, volume incentives, brand engagement newsletters."
15773,2011-12-04 12:48:00,2011-12-04 12:48:00,1,311,635.68,10,0.0,0.0,0.0,6,6,635.68,6.0,2,0.1754,-0.3674,14.3,283.28,544.78,Promising New,"Welcome discount on 2nd purchase, onboarding email journey, product tips."
15774,2011-10-02 12:04:00,2011-10-02 12:04:00,1,87,270.8,25,0.0,0.0,0.0,69,69,270.8,69.0,1,-0.1926,-0.1251,36.6,89.28,171.69,Low Value Occasional,Target with low-barrier impulse buys and seasonal holiday campaigns.
15775,2011-04-08 12:56:00,2011-04-08 12:56:00,1,68,104.9,7,0.0,0.0,0.0,245,245,104.9,245.0,1,-0.4089,-0.0131,61.3,7.86,15.12,Hibernating / Inactive,"Automated reactivation campaign, steep 20% discount offer, clearance alerts."
15776,2011-07-29 13:46:00,2011-07-29 13:46:00,1,138,241.62,18,0.0,0.0,0.0,133,133,241.62,133.0,1,-0.2922,-0.0514,50.8,42.41,81.56,Low Value Occasional,Target with low-barrier impulse buys and seasonal holiday campaigns.
15777,2010-12-13 16:38:00,2011-04-12 16:43:00,4,378,1047.11,18,1.0,3.0,20.0,241,361,261.78,40.0,1,-0.1616,0.2861,98.0,2.75,5.29,At-Risk High Spenders,"High-priority win-back promotion, dedicated account check-in, special survey."
15780,2010-12-17 11:43:00,2011-06-09 12:01:00,3,220,475.28,26,0.0,0.0,0.0,184,358,158.43,87.0,1,-0.189,0.1705,80.6,12.22,23.5,Hibernating / Inactive,"Automated reactivation campaign, steep 20% discount offer, clearance alerts."
15781,2011-02-07 09:15:00,2011-11-14 14:57:00,3,180,345.46,20,1.0,2.0,25.0,25,306,115.15,140.5,2,0.0908,-0.0804,15.7,45.16,86.84,Low Value Occasional,Target with low-barrier impulse buys and seasonal holiday campaigns.
15782,2011-09-11 14:29:00,2011-11-30 10:49:00,3,864,2614.74,34,1.0,1.0,25.0,10,89,871.58,39.5,0,0.2834,-0.0986,13.2,1180.19,2269.59,Champions (VIP),"Exclusive VIP preview, concierge service, high-tier loyalty gifts."
15783,2011-11-29 09:50:00,2011-11-29 09:50:00,1,212,246.3,14,0.0,0.0,0.0,11,11,246.3,11.0,2,0.0651,-0.3424,20.3,102.08,196.3,Promising New,"Welcome discount on 2nd purchase, onboarding email journey, product tips."
15785,2011-02-17 14:17:00,2011-11-07 11:33:00,5,1612,2328.97,58,3.0,18.0,37.5,33,295,465.79,65.5,3,0.1883,0.1232,21.3,294.81,566.95,Loyal Customers,"Cross-sell premium categories, early bird access, referral incentives."
15786,2011-08-17 13:33:00,2011-10-24 14:13:00,3,3340,4919.0,257,2.0,33.0,40.0,46,114,1639.67,34.0,3,0.0891,0.104,37.6,1277.6,2456.92,Loyal Customers,"Cross-sell premium categories, early bird access, referral incentives."
15787,2011-10-09 13:11:00,2011-11-13 14:55:00,3,534,933.26,156,0.0,0.0,0.0,26,61,311.09,17.5,3,0.1173,-0.0337,35.5,313.02,601.96,Loyal Customers,"Cross-sell premium categories, early bird access, referral incentives."
15789,2010-12-16 14:35:00,2010-12-16 14:35:00,1,438,351.3,25,0.0,0.0,0.0,358,358,351.3,358.0,1,-0.4259,0.0837,61.3,18.02,34.65,Hibernating / Inactive,"Automated reactivation campaign, steep 20% discount offer, clearance alerts."
15790,2011-11-29 14:53:00,2011-11-29 14:53:00,1,113,218.75,34,0.0,0.0,0.0,10,10,218.75,10.0,2,0.0742,-0.358,19.0,92.14,177.19,Promising New,"Welcome discount on 2nd purchase, onboarding email journey, product tips."
15791,2011-05-19 15:15:00,2011-10-27 10:14:00,2,731,1612.69,66,1.0,1.0,33.33,44,204,806.34,160.0,2,0.0059,-0.0126,21.0,296.33,569.87,Loyal Customers,"Cross-sell premium categories, early bird access, referral incentives."
15793,2011-03-16 10:45:00,2011-11-25 09:31:00,3,553,965.61,6,1.0,1.0,25.0,15,269,321.87,127.0,2,0.1958,-0.0956,12.9,148.36,285.3,Loyal Customers,"Cross-sell premium categories, early bird access, referral incentives."
15795,2011-07-13 10:43:00,2011-07-13 10:43:00,1,581,610.01,42,0.0,0.0,0.0,150,150,610.01,150.0,1,-0.28,0.0024,54.6,87.61,168.47,Potential Loyalists,"Offer bundle discounts, volume incentives, brand engagement newsletters."
15796,2011-02-10 15:40:00,2011-12-08 19:55:00,8,860,2708.61,70,2.0,2.0,20.0,1,302,338.58,43.0,0,0.6876,-0.123,8.9,387.7,745.58,Champions (VIP),"Exclusive VIP preview, concierge service, high-tier loyalty gifts."
15797,2011-01-24 15:47:00,2011-08-18 17:04:00,4,873,2207.4,8,0.0,0.0,0.0,113,319,551.85,68.7,3,-0.0262,0.2267,57.7,138.89,267.09,Potential Loyalists,"Offer bundle discounts, volume incentives, brand engagement newsletters."
15799,2011-01-09 15:13:00,2011-09-25 12:46:00,3,955,884.14,94,0.0,0.0,0.0,76,334,294.71,129.0,3,-0.0394,0.0908,32.0,85.41,164.25,Potential Loyalists,"Offer bundle discounts, volume incentives, brand engagement newsletters."
15800,2011-04-07 12:39:00,2011-08-24 14:23:00,2,332,696.89,116,0.0,0.0,0.0,107,247,348.44,140.0,1,-0.1507,0.0576,41.3,78.58,151.12,Potential Loyalists,"Offer bundle discounts, volume incentives, brand engagement newsletters."
15801,2011-08-22 09:53:00,2011-10-24 13:52:00,3,570,1063.95,61,1.0,8.0,25.0,46,110,354.65,32.0,3,0.0396,0.0389,39.1,279.5,537.5,Loyal Customers,"Cross-sell premium categories, early bird access, referral incentives."
15802,2011-07-20 11:38:00,2011-07-20 11:38:00,1,1,451.42,1,2.0,2.0,66.67,143,143,451.42,143.0,1,-0.2827,-0.0162,53.0,70.4,135.39,Potential Loyalists,"Offer bundle discounts, volume incentives, brand engagement newsletters."
15803,2011-10-19 14:56:00,2011-10-19 14:56:00,1,290,415.82,8,0.0,0.0,0.0,51,51,415.82,51.0,2,-0.1348,-0.1429,32.6,145.74,280.26,Potential Loyalists,"Offer bundle discounts, volume incentives, brand engagement newsletters."
15804,2011-05-25 10:12:00,2011-12-09 12:31:00,13,2565,4206.39,170,6.0,52.0,31.58,1,199,323.57,16.5,0,0.7841,-0.006,9.3,909.71,1749.44,Champions (VIP),"Exclusive VIP preview, concierge service, high-tier loyalty gifts."
15805,2010-12-10 09:33:00,2011-11-16 16:32:00,17,3367,5488.18,220,3.0,50.0,15.0,23,365,322.83,21.4,0,0.4722,0.3618,27.6,516.54,993.35,Champions (VIP),"Exclusive VIP preview, concierge service, high-tier loyalty gifts."
15806,2011-03-08 09:24:00,2011-10-24 14:35:00,3,602,784.58,24,0.0,0.0,0.0,46,277,261.53,115.5,3,0.0298,0.026,22.9,103.62,199.27,Loyal Customers,"Cross-sell premium categories, early bird access, referral incentives."
15807,2011-09-23 14:43:00,2011-10-20 14:10:00,3,430,903.9,48,0.0,0.0,0.0,50,77,301.3,13.5,3,0.0223,0.0419,66.5,157.46,302.81,Loyal Customers,"Cross-sell premium categories, early bird access, referral incentives."
15808,2010-12-05 13:05:00,2011-02-06 14:33:00,4,1305,3651.27,142,1.0,2.0,20.0,306,369,912.82,21.0,3,-0.1564,0.368,98.0,9.39,18.06,At-Risk High Spenders,"High-priority win-back promotion, dedicated account check-in, special survey."
15809,2011-02-10 11:16:00,2011-11-03 16:40:00,5,301,515.77,31,1.0,50.0,16.67,36,303,103.15,66.8,3,0.1271,0.0694,22.4,62.68,120.53,Potential Loyalists,"Offer bundle discounts, volume incentives, brand engagement newsletters."
15810,2011-02-16 09:11:00,2011-09-22 09:38:00,4,861,1391.98,66,3.0,124.0,42.86,79,297,348.0,72.7,3,0.0112,0.1643,40.3,132.77,255.32,Potential Loyalists,"Offer bundle discounts, volume incentives, brand engagement newsletters."
15811,2010-12-09 15:29:00,2011-11-17 15:31:00,6,1071,2218.62,117,3.0,10.0,33.33,22,365,369.77,68.6,3,0.2732,0.1081,16.6,240.54,462.58,Champions (VIP),"Exclusive VIP preview, concierge service, high-tier loyalty gifts."
15812,2011-01-26 12:12:00,2011-08-24 14:19:00,5,922,1801.14,36,0.0,0.0,0.0,107,318,360.23,52.8,3,0.0091,0.2521,63.0,99.44,191.23,Potential Loyalists,"Offer bundle discounts, volume incentives, brand engagement newsletters."
15813,2011-04-14 09:09:00,2011-05-16 08:13:00,2,603,1303.91,40,0.0,0.0,0.0,208,240,651.95,32.0,1,-0.228,0.1641,98.0,5.16,9.92,At-Risk High Spenders,"High-priority win-back promotion, dedicated account check-in, special survey."
15814,2011-10-20 09:04:00,2011-11-23 08:17:00,4,1271,1945.33,63,2.0,24.0,33.33,17,51,486.33,11.3,3,0.2426,-0.0019,28.7,721.25,1387.01,Champions (VIP),"Exclusive VIP preview, concierge service, high-tier loyalty gifts."
15815,2011-03-25 08:43:00,2011-10-07 12:42:00,5,1856,2100.6,33,0.0,0.0,0.0,64,260,420.12,49.0,3,0.0892,0.1972,40.7,227.33,437.18,Potential Loyalists,"Offer bundle discounts, volume incentives, brand engagement newsletters."
15819,2011-03-08 09:45:00,2011-10-21 14:50:00,4,1357,1905.45,96,0.0,0.0,0.0,49,277,476.36,76.0,3,0.0908,0.1208,26.7,239.25,460.1,Loyal Customers,"Cross-sell premium categories, early bird access, referral incentives."
15820,2011-01-24 12:00:00,2011-01-24 12:00:00,1,128,206.98,17,0.0,0.0,0.0,320,320,206.98,320.0,1,-0.4264,0.0478,61.3,11.88,22.84,Hibernating / Inactive,"Automated reactivation campaign, steep 20% discount offer, clearance alerts."
15821,2011-10-09 13:28:00,2011-10-26 15:48:00,2,202,570.96,57,0.0,0.0,0.0,44,61,285.48,17.0,2,-0.0277,-0.0567,57.0,127.67,245.51,Promising New,"Welcome discount on 2nd purchase, onboarding email journey, product tips."
15822,2010-12-15 13:38:00,2011-12-06 14:50:00,2,375,885.47,28,0.0,0.0,0.0,3,359,442.74,356.0,0,0.3443,-0.3309,9.3,106.15,204.14,Loyal Customers,"Cross-sell premium categories, early bird access, referral incentives."
15823,2010-12-02 15:08:00,2010-12-02 15:08:00,1,1,15.0,1,1.0,284.0,50.0,372,372,15.0,372.0,1,-0.5315,-0.0431,61.3,0.74,1.42,Hibernating / Inactive,"Automated reactivation campaign, steep 20% discount offer, clearance alerts."
15825,2011-06-20 13:27:00,2011-06-20 13:27:00,1,220,532.94,20,0.0,0.0,0.0,172,172,532.94,172.0,1,-0.3045,0.0131,59.5,59.54,114.51,Hibernating / Inactive,"Automated reactivation campaign, steep 20% discount offer, clearance alerts."
15826,2011-05-13 10:44:00,2011-10-14 16:05:00,3,963,1654.31,64,1.0,1.0,25.0,56,211,551.44,77.5,3,0.0253,0.081,29.4,262.65,505.1,Loyal Customers,"Cross-sell premium categories, early bird access, referral incentives."
15827,2010-12-02 13:06:00,2011-09-27 15:35:00,14,882,1836.09,72,6.0,40.0,30.0,73,372,131.15,23.0,3,0.2363,0.4109,69.1,72.37,139.17,Potential Loyalists,"Offer bundle discounts, volume incentives, brand engagement newsletters."
15829,2011-07-22 10:23:00,2011-09-01 16:45:00,2,996,636.14,44,0.0,0.0,0.0,99,141,318.07,42.0,1,-0.1422,0.0444,66.2,72.36,139.15,Potential Loyalists,"Offer bundle discounts, volume incentives, brand engagement newsletters."
15830,2011-11-02 10:40:00,2011-11-02 10:40:00,1,415,576.0,39,1.0,6.0,50.0,38,38,576.0,38.0,2,-0.0818,-0.1638,29.7,210.56,404.93,Promising New,"Welcome discount on 2nd purchase, onboarding email journey, product tips."
15831,2011-01-19 14:52:00,2011-10-12 13:14:00,3,1092,794.64,63,1.0,8.0,25.0,58,324,264.88,133.0,3,-0.0034,0.054,26.0,86.12,165.61,Loyal Customers,"Cross-sell premium categories, early bird access, referral incentives."
15832,2011-03-30 15:29:00,2011-03-30 15:29:00,1,465,836.79,54,0.0,0.0,0.0,254,254,836.79,254.0,1,-0.3473,0.0792,61.3,60.5,116.34,Hibernating / Inactive,"Automated reactivation campaign, steep 20% discount offer, clearance alerts."
15834,2011-03-07 17:52:00,2011-09-30 14:41:00,4,961,2225.15,242,2.0,4.0,33.33,70,277,556.29,69.0,3,0.044,0.1698,37.1,239.76,461.07,Potential Loyalists,"Offer bundle discounts, volume incentives, brand engagement newsletters."
15835,2011-01-13 10:35:00,2011-10-26 15:47:00,4,439,954.09,47,0.0,0.0,0.0,44,331,238.52,95.7,3,0.0841,0.0786,23.2,105.04,202.0,Loyal Customers,"Cross-sell premium categories, early bird access, referral incentives."
15836,2011-10-20 17:13:00,2011-10-20 17:13:00,1,26,137.37,10,1.0,2.0,50.0,50,50,137.37,50.0,2,-0.1676,-0.1921,32.4,48.29,92.86,Low Value Occasional,Target with low-barrier impulse buys and seasonal holiday campaigns.
15837,2011-10-06 09:01:00,2011-10-06 09:01:00,1,189,391.98,24,0.0,0.0,0.0,65,65,391.98,65.0,2,-0.1719,-0.1165,35.7,131.06,252.04,Low Value Occasional,Target with low-barrier impulse buys and seasonal holiday campaigns.
15839,2011-07-14 16:35:00,2011-11-06 13:54:00,3,675,1048.49,56,2.0,5.0,40.0,33,148,349.5,57.5,3,0.087,-0.0009,22.2,261.53,502.94,Loyal Customers,"Cross-sell premium categories, early bird access, referral incentives."
15840,2011-06-20 11:42:00,2011-10-12 09:08:00,2,396,355.56,26,1.0,2.0,33.33,59,173,177.78,114.0,2,-0.0855,-0.042,27.2,71.0,136.53,Low Value Occasional,Target with low-barrier impulse buys and seasonal holiday campaigns.
15841,2011-01-05 11:25:00,2011-09-28 12:15:00,4,942,1224.06,36,2.0,16.0,33.33,73,339,306.02,88.7,3,0.0186,0.1494,34.7,111.88,215.16,Potential Loyalists,"Offer bundle discounts, volume incentives, brand engagement newsletters."
15843,2011-02-09 10:19:00,2011-02-09 10:19:00,1,27,118.95,8,0.0,0.0,0.0,304,304,118.95,304.0,1,-0.4366,0.0182,61.3,7.19,13.82,Hibernating / Inactive,"Automated reactivation campaign, steep 20% discount offer, clearance alerts."
15844,2011-10-24 15:19:00,2011-10-24 15:19:00,1,134,130.74,11,0.0,0.0,0.0,46,46,130.74,46.0,2,-0.1571,-0.2041,31.5,46.57,89.56,Low Value Occasional,Target with low-barrier impulse buys and seasonal holiday campaigns.
15845,2011-01-06 17:19:00,2011-11-22 09:42:00,8,1926,3711.77,97,2.0,8.0,20.0,18,337,463.97,45.6,0,0.3649,0.1628,16.6,435.87,838.2,Champions (VIP),"Exclusive VIP preview, concierge service, high-tier loyalty gifts."
15847,2011-02-24 16:46:00,2011-11-01 14:41:00,2,449,389.27,22,0.0,0.0,0.0,38,288,194.64,250.0,2,-0.0189,-0.0903,18.4,52.34,100.65,Promising New,"Welcome discount on 2nd purchase, onboarding email journey, product tips."
15850,2011-06-24 14:16:00,2011-11-20 14:14:00,2,298,234.88,87,0.0,0.0,0.0,19,168,117.44,149.0,2,0.0636,-0.1925,13.9,57.12,109.84,Promising New,"Welcome discount on 2nd purchase, onboarding email journey, product tips."
15852,2011-05-26 13:26:00,2011-06-06 11:22:00,2,48,160.71,22,0.0,0.0,0.0,187,197,80.36,10.0,1,-0.2799,0.0625,98.0,0.77,1.49,Hibernating / Inactive,"Automated reactivation campaign, steep 20% discount offer, clearance alerts."
15853,2011-10-19 10:38:00,2011-10-19 10:38:00,1,135,110.8,29,0.0,0.0,0.0,52,52,110.8,52.0,2,-0.1802,-0.1965,32.8,38.72,74.46,Low Value Occasional,Target with low-barrier impulse buys and seasonal holiday campaigns.
15854,2010-12-13 11:47:00,2011-12-05 13:39:00,12,926,2969.12,105,0.0,0.0,0.0,4,362,247.43,32.5,0,0.6236,0.0735,10.5,348.32,669.86,Champions (VIP),"Exclusive VIP preview, concierge service, high-tier loyalty gifts."
15855,2011-03-21 12:32:00,2011-07-26 10:20:00,5,470,712.24,59,0.0,0.0,0.0,137,264,142.45,31.8,3,-0.0571,0.2423,88.4,14.85,28.56,Potential Loyalists,"Offer bundle discounts, volume incentives, brand engagement newsletters."
15857,2011-11-21 12:18:00,2011-11-21 12:18:00,1,308,297.0,14,0.0,0.0,0.0,19,19,297.0,19.0,2,-0.0044,-0.2727,25.5,115.06,221.26,Promising New,"Welcome discount on 2nd purchase, onboarding email journey, product tips."
15858,2010-12-07 14:31:00,2011-11-24 12:48:00,5,1163,1427.57,145,0.0,0.0,0.0,16,367,285.51,87.8,0,0.275,0.0185,13.8,159.1,305.96,Loyal Customers,"Cross-sell premium categories, early bird access, referral incentives."
15860,2010-12-06 11:38:00,2011-10-30 11:25:00,8,437,965.16,105,0.0,0.0,0.0,41,369,120.64,46.9,3,0.2041,0.2015,28.3,88.98,171.12,Loyal Customers,"Cross-sell premium categories, early bird access, referral incentives."
15861,2011-03-17 20:12:00,2011-11-27 15:59:00,8,2528,3146.92,339,1.0,1.0,11.11,12,267,393.36,36.4,0,0.4157,0.1098,14.5,478.16,919.53,Champions (VIP),"Exclusive VIP preview, concierge service, high-tier loyalty gifts."
15862,2010-12-01 11:21:00,2011-12-01 13:28:00,4,585,832.88,142,0.0,0.0,0.0,8,374,208.22,122.0,0,0.3176,-0.1218,10.9,94.15,181.06,Loyal Customers,"Cross-sell premium categories, early bird access, referral incentives."
15863,2011-05-31 11:36:00,2011-11-14 12:49:00,2,19,68.84,18,0.0,0.0,0.0,26,193,34.42,167.0,2,-0.0201,-0.2079,15.7,14.27,27.44,Promising New,"Welcome discount on 2nd purchase, onboarding email journey, product tips."
15864,2011-01-27 16:43:00,2011-11-17 13:32:00,6,1192,1936.32,16,2.0,148.0,25.0,22,316,322.72,58.8,3,0.2689,0.1023,17.2,240.74,462.97,Champions (VIP),"Exclusive VIP preview, concierge service, high-tier loyalty gifts."
15865,2011-05-10 11:44:00,2011-10-30 12:43:00,3,368,895.13,37,0.0,0.0,0.0,41,214,298.38,86.5,3,0.0506,0.018,22.7,153.42,295.05,Loyal Customers,"Cross-sell premium categories, early bird access, referral incentives."
15866,2011-08-30 14:09:00,2011-08-30 14:09:00,1,124,211.89,43,0.0,0.0,0.0,101,101,211.89,101.0,1,-0.2561,-0.0899,43.7,56.04,107.78,Low Value Occasional,Target with low-barrier impulse buys and seasonal holiday campaigns.
15867,2010-12-05 14:17:00,2011-12-04 13:32:00,15,2052,3810.14,302,1.0,2.0,6.25,5,369,254.01,26.0,0,0.6434,0.1524,11.5,433.61,833.86,Champions (VIP),"Exclusive VIP preview, concierge service, high-tier loyalty gifts."
15869,2011-03-07 17:19:00,2011-03-07 17:23:00,2,175,149.64,13,0.0,0.0,0.0,277,277,74.82,0.0,1,-0.34,0.1068,98.0,0.51,0.99,Hibernating / Inactive,"Automated reactivation campaign, steep 20% discount offer, clearance alerts."
15870,2011-11-07 10:58:00,2011-11-07 10:58:00,1,333,351.44,68,0.0,0.0,0.0,33,33,351.44,33.0,2,-0.0774,-0.2014,28.6,130.48,250.93,Promising New,"Welcome discount on 2nd purchase, onboarding email journey, product tips."
15872,2011-11-25 11:54:00,2011-11-25 11:55:00,2,187,316.25,101,0.0,0.0,0.0,15,15,158.12,0.0,2,0.1062,-0.2069,25.8,122.02,234.65,Promising New,"Welcome discount on 2nd purchase, onboarding email journey, product tips."
15874,2011-02-28 13:28:00,2011-10-07 12:31:00,7,2534,4405.88,110,2.0,28.0,22.22,64,284,629.41,36.7,3,0.1667,0.2927,48.6,378.37,727.63,Potential Loyalists,"Offer bundle discounts, volume incentives, brand engagement newsletters."
15877,2011-11-22 11:18:00,2011-12-08 11:53:00,2,368,490.33,122,1.0,125.0,33.33,2,18,245.16,16.0,0,0.3678,-0.3908,10.1,229.21,440.8,Promising New,"Welcome discount on 2nd purchase, onboarding email journey, product tips."
15880,2010-12-05 13:00:00,2010-12-05 13:00:00,1,202,329.03,95,1.0,24.0,50.0,369,369,329.03,369.0,1,-0.4324,0.0846,61.3,16.37,31.49,Hibernating / Inactive,"Automated reactivation campaign, steep 20% discount offer, clearance alerts."
15881,2010-12-10 13:32:00,2011-01-31 16:59:00,5,260,501.39,26,3.0,61.0,37.5,312,364,100.28,13.0,1,-0.1895,0.3265,98.0,1.31,2.51,Hibernating / Inactive,"Automated reactivation campaign, steep 20% discount offer, clearance alerts."
15882,2010-12-06 13:01:00,2011-05-25 11:35:00,4,276,516.36,23,1.0,10.0,20.0,199,368,129.09,56.3,1,-0.1563,0.233,95.2,3.2,6.15,Hibernating / Inactive,"Automated reactivation campaign, steep 20% discount offer, clearance alerts."
15883,2011-11-06 14:50:00,2011-12-07 17:05:00,2,223,396.48,42,0.0,0.0,0.0,2,33,198.24,31.0,2,0.3609,-0.3998,9.5,186.58,358.81,Promising New,"Welcome discount on 2nd purchase, onboarding email journey, product tips."
15885,2011-02-03 15:28:00,2011-09-08 10:43:00,3,111,379.35,18,0.0,0.0,0.0,93,309,126.45,108.0,3,-0.0962,0.079,39.7,35.13,67.55,Low Value Occasional,Target with low-barrier impulse buys and seasonal holiday campaigns.
15886,2011-10-10 14:25:00,2011-10-10 14:25:00,1,147,181.09,12,0.0,0.0,0.0,60,60,181.09,60.0,2,-0.1852,-0.1588,34.6,61.59,118.43,Low Value Occasional,Target with low-barrier impulse buys and seasonal holiday campaigns.
15888,2011-09-20 12:30:00,2011-09-20 12:30:00,1,76,168.31,11,1.0,16.0,50.0,81,81,168.31,81.0,1,-0.2313,-0.1261,39.3,53.13,102.16,Low Value Occasional,Target with low-barrier impulse buys and seasonal holiday campaigns.
15889,2010-12-05 15:12:00,2011-07-06 11:10:00,2,206,420.07,79,0.0,0.0,0.0,157,369,210.04,212.0,1,-0.2232,0.0822,52.1,25.87,49.76,Hibernating / Inactive,"Automated reactivation campaign, steep 20% discount offer, clearance alerts."
15891,2011-04-27 12:35:00,2011-04-27 12:35:00,1,418,511.68,60,0.0,0.0,0.0,227,227,511.68,227.0,1,-0.3466,0.0447,61.3,41.39,79.6,Hibernating / Inactive,"Automated reactivation campaign, steep 20% discount offer, clearance alerts."
15894,2010-12-05 14:06:00,2011-03-31 13:50:00,2,164,258.25,35,0.0,0.0,0.0,253,369,129.12,116.0,1,-0.3091,0.119,81.6,6.11,11.75,Hibernating / Inactive,"Automated reactivation campaign, steep 20% discount offer, clearance alerts."
15895,2011-07-13 10:27:00,2011-07-13 10:27:00,1,94,179.17,11,0.0,0.0,0.0,150,150,179.17,150.0,1,-0.3195,-0.0496,54.6,25.73,49.48,Low Value Occasional,Target with low-barrier impulse buys and seasonal holiday campaigns.
15897,2011-05-29 13:32:00,2011-05-29 13:50:00,2,223,208.59,17,0.0,0.0,0.0,194,194,104.3,0.0,1,-0.2769,0.078,98.0,1.02,1.96,Hibernating / Inactive,"Automated reactivation campaign, steep 20% discount offer, clearance alerts."
15898,2010-12-06 11:01:00,2011-12-08 15:23:00,5,567,1383.83,70,1.0,2.0,16.67,1,369,276.77,92.0,0,0.5904,-0.2417,8.8,162.29,312.1,Loyal Customers,"Cross-sell premium categories, early bird access, referral incentives."
15899,2010-12-06 10:36:00,2010-12-06 10:36:00,1,39,56.25,4,0.0,0.0,0.0,369,369,56.25,369.0,1,-0.4891,0.0101,61.3,2.8,5.38,Hibernating / Inactive,"Automated reactivation campaign, steep 20% discount offer, clearance alerts."
15900,2011-11-16 12:19:00,2011-11-16 12:19:00,1,216,337.28,44,0.0,0.0,0.0,24,24,337.28,24.0,2,-0.0333,-0.2403,26.6,128.73,247.56,Promising New,"Welcome discount on 2nd purchase, onboarding email journey, product tips."
15901,2011-07-08 12:18:00,2011-11-23 12:43:00,3,379,351.73,102,0.0,0.0,0.0,17,155,117.24,69.0,2,0.1458,-0.1242,14.7,91.84,176.62,Low Value Occasional,Target with low-barrier impulse buys and seasonal holiday campaigns.
15903,2011-02-17 14:04:00,2011-11-30 08:08:00,7,2410,5126.76,46,1.0,1.0,12.5,10,295,732.39,47.5,0,0.4342,0.0842,12.8,719.07,1382.83,Champions (VIP),"Exclusive VIP preview, concierge service, high-tier loyalty gifts."
15904,2011-12-01 14:50:00,2011-12-01 14:50:00,1,84,164.68,30,0.0,0.0,0.0,8,8,164.68,8.0,2,0.0947,-0.3943,16.6,71.42,137.34,Promising New,"Welcome discount on 2nd purchase, onboarding email journey, product tips."
15906,2011-03-29 13:28:00,2011-11-20 12:24:00,7,544,1567.69,113,1.0,6.0,12.5,20,255,223.96,39.2,0,0.3004,0.1121,18.5,237.75,457.21,Champions (VIP),"Exclusive VIP preview, concierge service, high-tier loyalty gifts."
15907,2011-05-13 13:01:00,2011-12-06 12:21:00,3,478,882.72,175,0.0,0.0,0.0,4,210,294.24,103.0,0,0.3648,-0.2401,9.7,180.11,346.36,Loyal Customers,"Cross-sell premium categories, early bird access, referral incentives."
15909,2011-06-19 10:38:00,2011-06-19 10:38:00,1,98,191.94,7,0.0,0.0,0.0,174,174,191.94,174.0,1,-0.3391,-0.0288,59.9,20.99,40.36,Hibernating / Inactive,"Automated reactivation campaign, steep 20% discount offer, clearance alerts."
15910,2011-01-27 11:55:00,2011-12-09 10:51:00,8,1013,1228.88,215,0.0,0.0,0.0,1,317,153.61,45.1,0,0.6621,-0.1566,8.9,167.57,322.26,Loyal Customers,"Cross-sell premium categories, early bird access, referral incentives."
15912,2011-04-20 17:10:00,2011-06-14 14:29:00,2,185,264.62,19,0.0,0.0,0.0,178,233,132.31,55.0,1,-0.2566,0.0777,92.9,3.83,7.36,Hibernating / Inactive,"Automated reactivation campaign, steep 20% discount offer, clearance alerts."
15916,2010-12-08 13:07:00,2011-11-23 13:46:00,8,752,1502.86,124,2.0,5.0,20.0,16,366,187.86,50.0,0,0.3522,0.1109,15.3,165.03,317.37,Champions (VIP),"Exclusive VIP preview, concierge service, high-tier loyalty gifts."
15917,2011-04-06 10:40:00,2011-04-06 10:40:00,1,42,123.1,12,0.0,0.0,0.0,248,248,123.1,248.0,1,-0.4055,-0.0049,61.3,9.11,17.53,Hibernating / Inactive,"Automated reactivation campaign, steep 20% discount offer, clearance alerts."
15918,2011-03-13 15:55:00,2011-06-02 11:42:00,2,153,334.23,33,0.0,0.0,0.0,191,271,167.12,80.0,1,-0.2594,0.0961,84.6,9.01,17.33,Hibernating / Inactive,"Automated reactivation campaign, steep 20% discount offer, clearance alerts."
15919,2010-12-06 11:26:00,2011-11-20 11:28:00,2,385,525.69,103,0.0,0.0,0.0,20,369,262.85,349.0,2,0.0823,-0.1524,13.5,58.47,112.45,Promising New,"Welcome discount on 2nd purchase, onboarding email journey, product tips."
15920,2011-07-08 15:16:00,2011-07-08 15:31:00,4,99,167.5,53,0.0,0.0,0.0,154,154,41.88,0.0,1,-0.1549,0.1545,94.2,2.99,5.76,Hibernating / Inactive,"Automated reactivation campaign, steep 20% discount offer, clearance alerts."
15921,2011-06-20 11:03:00,2011-06-20 11:03:00,1,162,323.03,24,0.0,0.0,0.0,173,173,323.03,173.0,1,-0.3215,-0.0075,59.7,35.71,68.66,Hibernating / Inactive,"Automated reactivation campaign, steep 20% discount offer, clearance alerts."
15922,2010-12-01 13:51:00,2010-12-01 13:51:00,1,138,369.5,11,1.0,2.0,50.0,373,373,369.5,373.0,1,-0.4303,0.0908,61.3,18.19,34.98,Hibernating / Inactive,"Automated reactivation campaign, steep 20% discount offer, clearance alerts."
15923,2010-12-02 12:16:00,2010-12-02 12:16:00,1,122,127.08,21,0.0,0.0,0.0,373,373,127.08,373.0,1,-0.4646,0.0457,61.3,6.26,12.03,Hibernating / Inactive,"Automated reactivation campaign, steep 20% discount offer, clearance alerts."
15925,2011-05-29 15:35:00,2011-05-29 15:35:00,1,93,207.15,12,0.0,0.0,0.0,194,194,207.15,194.0,1,-0.3527,-0.0125,61.3,19.61,37.71,Hibernating / Inactive,"Automated reactivation campaign, steep 20% discount offer, clearance alerts."
15930,2011-10-03 14:52:00,2011-10-03 14:52:00,1,139,426.63,21,0.0,0.0,0.0,67,67,426.63,67.0,2,-0.1736,-0.1093,36.1,141.76,272.62,Potential Loyalists,"Offer bundle discounts, volume incentives, brand engagement newsletters."
15932,2011-02-23 14:50:00,2011-12-05 17:13:00,8,2325,2495.87,93,3.0,14.0,27.27,4,289,311.98,40.7,0,0.5495,-0.0156,10.3,367.58,706.88,Champions (VIP),"Exclusive VIP preview, concierge service, high-tier loyalty gifts."
15933,2011-09-14 12:05:00,2011-11-18 13:14:00,3,885,1107.46,63,0.0,0.0,0.0,21,87,369.15,33.0,2,0.1531,-0.0512,20.4,458.4,881.53,Loyal Customers,"Cross-sell premium categories, early bird access, referral incentives."
15935,2011-04-12 09:35:00,2011-04-14 13:27:00,2,115,416.86,12,0.0,0.0,0.0,239,242,208.43,3.0,1,-0.2853,0.1324,98.0,1.63,3.14,Hibernating / Inactive,"Automated reactivation campaign, steep 20% discount offer, clearance alerts."
15937,2011-10-06 15:48:00,2011-10-06 15:48:00,1,73,145.35,7,0.0,0.0,0.0,64,64,145.35,64.0,2,-0.2016,-0.1604,35.5,48.75,93.75,Low Value Occasional,Target with low-barrier impulse buys and seasonal holiday campaigns.
15938,2011-01-20 10:11:00,2011-08-19 12:56:00,5,240,404.58,13,0.0,0.0,0.0,112,324,80.92,53.0,3,-0.0458,0.1942,65.5,20.44,39.31,Potential Loyalists,"Offer bundle discounts, volume incentives, brand engagement newsletters."
15939,2011-01-12 12:43:00,2011-09-11 11:30:00,15,4728,6115.01,28,1.0,3.0,6.25,90,332,407.67,17.3,3,0.2567,0.5014,79.3,180.91,347.91,Potential Loyalists,"Offer bundle discounts, volume incentives, brand engagement newsletters."
15940,2011-02-01 16:18:00,2011-02-01 16:18:00,1,4,35.8,1,1.0,1.0,50.0,311,311,35.8,311.0,1,-0.4782,-0.0293,61.3,2.11,4.07,Hibernating / Inactive,"Automated reactivation campaign, steep 20% discount offer, clearance alerts."
15942,2011-07-29 09:01:00,2011-07-29 09:01:00,1,232,337.44,14,0.0,0.0,0.0,134,134,337.44,134.0,1,-0.2826,-0.0363,51.0,58.55,112.6,Low Value Occasional,Target with low-barrier impulse buys and seasonal holiday campaigns.
15944,2011-03-08 10:33:00,2011-03-08 10:33:00,1,50,325.1,6,0.0,0.0,0.0,277,277,325.1,277.0,1,-0.3906,0.0495,61.3,21.55,41.45,Hibernating / Inactive,"Automated reactivation campaign, steep 20% discount offer, clearance alerts."
15945,2010-12-09 13:14:00,2010-12-09 13:14:00,1,52,181.0,2,0.0,0.0,0.0,365,365,181.0,365.0,1,-0.4501,0.058,61.3,9.11,17.51,Hibernating / Inactive,"Automated reactivation campaign, steep 20% discount offer, clearance alerts."
15947,2011-09-18 10:46:00,2011-09-18 10:46:00,1,898,1708.24,29,0.0,0.0,0.0,83,83,1708.24,83.0,1,-0.1601,-0.0249,39.7,535.64,1030.07,Potential Loyalists,"Offer bundle discounts, volume incentives, brand engagement newsletters."
15948,2011-10-27 08:35:00,2011-12-01 15:32:00,2,567,955.24,51,0.0,0.0,0.0,8,44,477.62,36.0,2,0.2269,-0.2296,12.4,435.13,836.79,Loyal Customers,"Cross-sell premium categories, early bird access, referral incentives."
15949,2011-09-29 17:34:00,2011-11-23 09:09:00,2,284,364.72,12,0.0,0.0,0.0,17,71,182.36,54.0,2,0.0933,-0.1866,15.4,160.45,308.55,Promising New,"Welcome discount on 2nd purchase, onboarding email journey, product tips."
15950,2010-12-15 11:56:00,2011-11-08 11:09:00,4,719,1744.71,86,1.0,7.0,20.0,32,360,436.18,109.3,3,0.1494,0.0668,18.5,187.42,360.42,Loyal Customers,"Cross-sell premium categories, early bird access, referral incentives."
15951,2011-02-27 11:57:00,2011-12-01 08:34:00,2,313,708.22,36,1.0,7.0,33.33,9,286,354.11,277.0,2,0.2017,-0.2296,10.8,104.81,201.56,Loyal Customers,"Cross-sell premium categories, early bird access, referral incentives."
15952,2011-04-28 12:55:00,2011-11-06 11:18:00,4,391,781.91,65,0.0,0.0,0.0,34,225,195.48,63.7,3,0.1148,0.0398,21.9,128.79,247.66,Loyal Customers,"Cross-sell premium categories, early bird access, referral incentives."
15953,2010-12-05 15:15:00,2011-11-24 15:32:00,8,891,1657.28,63,2.0,7.0,20.0,15,369,207.16,50.6,0,0.3643,0.1077,14.8,181.57,349.17,Champions (VIP),"Exclusive VIP preview, concierge service, high-tier loyalty gifts."
15955,2010-12-02 11:22:00,2011-11-15 14:15:00,14,2135,4416.26,137,2.0,11.0,12.5,24,373,315.45,26.8,0,0.4251,0.3169,24.9,421.92,811.38,Champions (VIP),"Exclusive VIP preview, concierge service, high-tier loyalty gifts."
15957,2011-11-08 12:14:00,2011-11-08 12:14:00,1,211,428.89,40,0.0,0.0,0.0,32,32,428.89,32.0,2,-0.0666,-0.1966,28.4,159.68,307.09,Promising New,"Welcome discount on 2nd purchase, onboarding email journey, product tips."
15958,2011-09-26 13:41:00,2011-09-26 13:41:00,1,33,104.35,7,0.0,0.0,0.0,74,74,104.35,74.0,1,-0.2334,-0.157,37.7,33.81,65.01,Low Value Occasional,Target with low-barrier impulse buys and seasonal holiday campaigns.
15963,2011-10-25 13:05:00,2011-11-20 11:33:00,2,298,470.76,26,0.0,0.0,0.0,20,45,235.38,25.0,2,0.0788,-0.1571,22.5,189.72,364.84,Promising New,"Welcome discount on 2nd purchase, onboarding email journey, product tips."
15965,2010-12-07 13:18:00,2011-11-22 16:44:00,4,434,808.87,88,0.0,0.0,0.0,17,367,202.22,116.7,3,0.2142,-0.0392,13.6,90.36,173.77,Loyal Customers,"Cross-sell premium categories, early bird access, referral incentives."
15967,2011-01-25 11:57:00,2011-11-16 15:41:00,2,205,397.68,73,0.0,0.0,0.0,23,319,198.84,296.0,2,0.0536,-0.1481,14.3,50.69,97.49,Promising New,"Welcome discount on 2nd purchase, onboarding email journey, product tips."
15969,2011-06-07 12:19:00,2011-12-07 11:06:00,3,124,666.1,20,1.0,4.0,25.0,3,186,222.03,91.5,0,0.3887,-0.279,9.5,153.78,295.73,Potential Loyalists,"Offer bundle discounts, volume incentives, brand engagement newsletters."
15970,2011-02-09 12:08:00,2011-02-09 12:08:00,1,116,314.1,11,0.0,0.0,0.0,304,304,314.1,304.0,1,-0.4054,0.0593,61.3,18.97,36.49,Hibernating / Inactive,"Automated reactivation campaign, steep 20% discount offer, clearance alerts."
15971,2011-02-01 16:47:00,2011-11-22 12:50:00,12,1717,4199.85,10,0.0,0.0,0.0,17,311,349.99,26.7,0,0.4454,0.2432,19.5,515.83,991.99,Champions (VIP),"Exclusive VIP preview, concierge service, high-tier loyalty gifts."
15973,2010-12-08 11:42:00,2010-12-08 11:42:00,1,106,307.82,4,2.0,19.0,66.67,367,367,307.82,367.0,1,-0.4338,0.0811,61.3,15.4,29.62,Hibernating / Inactive,"Automated reactivation campaign, steep 20% discount offer, clearance alerts."
15974,2011-02-24 10:10:00,2011-10-31 13:13:00,7,2262,3442.15,141,1.0,6.0,12.5,39,289,491.74,41.7,3,0.2305,0.2234,28.9,401.83,772.75,Loyal Customers,"Cross-sell premium categories, early bird access, referral incentives."
15975,2011-09-16 13:33:00,2011-09-16 13:33:00,1,243,371.01,24,0.0,0.0,0.0,84,84,371.01,84.0,1,-0.2111,-0.0883,39.9,115.95,222.98,Low Value Occasional,Target with low-barrier impulse buys and seasonal holiday campaigns.
15976,2011-05-03 17:12:00,2011-06-27 13:00:00,2,275,427.64,83,0.0,0.0,0.0,165,220,213.82,55.0,1,-0.23,0.0889,88.2,10.88,20.93,Hibernating / Inactive,"Automated reactivation campaign, steep 20% discount offer, clearance alerts."
15977,2011-10-31 16:24:00,2011-11-22 13:29:00,2,1016,1054.73,48,0.0,0.0,0.0,17,39,527.36,22.0,2,0.1276,-0.1415,21.5,430.54,827.96,Loyal Customers,"Cross-sell premium categories, early bird access, referral incentives."
15978,2011-09-23 15:21:00,2011-09-23 15:21:00,1,888,1098.78,49,0.0,0.0,0.0,77,77,1098.78,77.0,1,-0.1634,-0.0526,38.4,351.96,676.85,Potential Loyalists,"Offer bundle discounts, volume incentives, brand engagement newsletters."
15980,2011-03-30 15:05:00,2011-09-12 09:41:00,3,1560,2398.86,40,0.0,0.0,0.0,89,254,799.62,82.5,3,-0.0302,0.1521,42.4,258.12,496.39,Potential Loyalists,"Offer bundle discounts, volume incentives, brand engagement newsletters."
15981,2011-02-01 13:50:00,2011-11-15 08:00:00,8,1866,3408.48,53,0.0,0.0,0.0,25,311,426.06,40.9,3,0.3158,0.1971,20.9,411.35,791.06,Champions (VIP),"Exclusive VIP preview, concierge service, high-tier loyalty gifts."
15983,2010-12-01 12:15:00,2011-11-17 17:34:00,4,886,1465.12,82,0.0,0.0,0.0,22,374,366.28,117.3,3,0.1972,0.0157,15.2,157.63,303.13,Loyal Customers,"Cross-sell premium categories, early bird access, referral incentives."
15984,2010-12-06 13:21:00,2011-12-07 12:16:00,10,1815,2780.63,217,1.0,10.0,9.09,3,368,278.06,40.6,0,0.6233,0.0066,9.8,323.4,621.91,Champions (VIP),"Exclusive VIP preview, concierge service, high-tier loyalty gifts."
15985,2011-04-17 11:04:00,2011-08-08 16:31:00,2,1086,1142.42,29,1.0,250.0,33.33,123,237,571.21,114.0,1,-0.1551,0.0953,49.9,114.59,220.37,At-Risk High Spenders,"High-priority win-back promotion, dedicated account check-in, special survey."
15986,2011-11-09 15:17:00,2011-11-09 15:17:00,1,268,168.12,14,0.0,0.0,0.0,30,30,168.12,30.0,2,-0.0875,-0.2438,27.9,63.03,121.21,Promising New,"Welcome discount on 2nd purchase, onboarding email journey, product tips."
15987,2010-12-06 08:34:00,2011-11-27 15:38:00,7,1533,1432.77,110,0.0,0.0,0.0,12,369,204.68,59.5,0,0.3683,0.0502,13.1,160.1,307.89,Loyal Customers,"Cross-sell premium categories, early bird access, referral incentives."
15988,2011-11-20 13:23:00,2011-11-20 13:23:00,1,180,156.78,26,0.0,0.0,0.0,19,19,156.78,19.0,2,-0.0249,-0.2998,25.5,60.74,116.8,Promising New,"Welcome discount on 2nd purchase, onboarding email journey, product tips."
15990,2011-02-25 15:35:00,2011-10-26 15:58:00,2,443,792.11,52,0.0,0.0,0.0,44,287,396.06,243.0,2,-0.0171,-0.0428,20.0,104.77,201.48,Loyal Customers,"Cross-sell premium categories, early bird access, referral incentives."
15992,2011-12-06 11:00:00,2011-12-06 11:00:00,1,17,41.99,3,0.0,0.0,0.0,4,4,41.99,4.0,2,0.138,-0.5227,12.2,19.17,36.87,Promising New,"Welcome discount on 2nd purchase, onboarding email journey, product tips."
15993,2011-10-26 16:21:00,2011-12-01 10:45:00,7,2037,2777.67,335,3.0,9.0,30.0,9,44,396.81,5.8,0,0.4285,0.0466,17.8,1187.29,2283.24,Champions (VIP),"Exclusive VIP preview, concierge service, high-tier loyalty gifts."
15994,2011-10-16 12:28:00,2011-10-16 12:28:00,1,173,414.27,31,0.0,0.0,0.0,55,55,414.27,55.0,2,-0.1459,-0.1341,33.5,143.25,275.49,Potential Loyalists,"Offer bundle discounts, volume incentives, brand engagement newsletters."
15996,2010-12-08 15:59:00,2011-09-12 15:14:00,6,380,1032.58,103,1.0,2.0,14.29,88,366,172.1,55.6,3,0.0485,0.2393,51.0,65.6,126.15,Potential Loyalists,"Offer bundle discounts, volume incentives, brand engagement newsletters."
15998,2010-12-12 13:32:00,2011-11-03 12:45:00,5,2032,3080.22,370,1.0,4.0,16.67,37,362,616.04,81.2,3,0.1809,0.1485,21.6,316.54,608.72,Loyal Customers,"Cross-sell premium categories, early bird access, referral incentives."
16000,2011-12-07 12:14:00,2011-12-07 12:17:00,3,5110,12393.7,9,0.0,0.0,0.0,3,3,4131.23,0.0,0,0.4832,-0.1548,11.2,5722.91,11005.6,Champions (VIP),"Exclusive VIP preview, concierge service, high-tier loyalty gifts."
16003,2010-12-15 12:09:00,2011-11-10 09:57:00,5,1185,2735.37,82,0.0,0.0,0.0,30,360,547.07,82.5,3,0.2072,0.1189,18.9,292.39,562.29,Champions (VIP),"Exclusive VIP preview, concierge service, high-tier loyalty gifts."
16005,2011-03-14 11:46:00,2011-11-27 13:47:00,4,280,578.71,173,0.0,0.0,0.0,12,271,144.68,86.3,0,0.2515,-0.0928,12.5,88.66,170.51,Potential Loyalists,"Offer bundle discounts, volume incentives, brand engagement newsletters."
16006,2011-05-12 13:12:00,2011-05-12 13:12:00,1,84,101.4,8,0.0,0.0,0.0,211,211,101.4,211.0,1,-0.3879,-0.0325,61.3,8.82,16.97,Hibernating / Inactive,"Automated reactivation campaign, steep 20% discount offer, clearance alerts."
16007,2011-05-08 13:32:00,2011-10-23 11:05:00,4,1388,1693.81,221,0.0,0.0,0.0,48,215,423.45,55.7,3,0.09,0.1133,29.7,262.79,505.37,Loyal Customers,"Cross-sell premium categories, early bird access, referral incentives."
16008,2011-05-19 10:54:00,2011-11-16 10:32:00,3,323,478.78,29,0.0,0.0,0.0,24,205,159.59,90.5,2,0.1071,-0.0714,16.4,92.64,178.16,Potential Loyalists,"Offer bundle discounts, volume incentives, brand engagement newsletters."
16009,2011-07-03 11:26:00,2011-11-17 16:51:00,4,366,972.11,68,0.0,0.0,0.0,22,160,243.03,46.0,3,0.1839,-0.0018,18.5,234.96,451.85,Loyal Customers,"Cross-sell premium categories, early bird access, referral incentives."
16010,2010-12-12 12:18:00,2011-04-08 10:14:00,3,202,392.4,62,0.0,0.0,0.0,246,363,130.8,58.5,1,-0.2379,0.1973,97.8,1.13,2.17,Hibernating / Inactive,"Automated reactivation campaign, steep 20% discount offer, clearance alerts."
16011,2010-12-08 16:34:00,2011-12-01 16:31:00,16,2035,3352.96,99,0.0,0.0,0.0,8,366,209.56,23.9,0,0.5906,0.2095,13.7,375.14,721.42,Champions (VIP),"Exclusive VIP preview, concierge service, high-tier loyalty gifts."
16012,2011-07-07 18:02:00,2011-11-04 13:25:00,3,799,1415.29,87,0.0,0.0,0.0,35,155,471.76,60.0,3,0.0882,0.0188,22.8,334.48,643.22,Loyal Customers,"Cross-sell premium categories, early bird access, referral incentives."
16014,2011-02-21 17:42:00,2011-11-02 12:04:00,3,258,646.83,123,1.0,4.0,25.0,38,291,215.61,126.5,3,0.0511,-0.0048,19.9,84.48,162.47,Potential Loyalists,"Offer bundle discounts, volume incentives, brand engagement newsletters."
16015,2011-10-21 12:56:00,2011-12-06 10:58:00,3,907,704.55,146,1.0,3.0,25.0,4,49,234.85,22.5,0,0.3576,-0.2497,11.1,325.7,626.34,Loyal Customers,"Cross-sell premium categories, early bird access, referral incentives."
16016,2010-12-08 12:36:00,2011-12-06 14:35:00,8,602,1465.51,156,2.0,2.0,20.0,3,367,183.19,52.0,0,0.5653,-0.0652,9.7,171.1,329.04,Loyal Customers,"Cross-sell premium categories, early bird access, referral incentives."
16017,2011-10-23 12:56:00,2011-10-23 12:56:00,1,102,211.88,26,0.0,0.0,0.0,47,47,211.88,47.0,2,-0.1447,-0.1811,31.7,75.25,144.71,Low Value Occasional,Target with low-barrier impulse buys and seasonal holiday campaigns.
16018,2011-06-12 13:52:00,2011-10-31 14:13:00,2,190,408.9,26,0.0,0.0,0.0,39,180,204.45,141.0,2,-0.021,-0.0852,19.9,86.34,166.04,Promising New,"Welcome discount on 2nd purchase, onboarding email journey, product tips."
16019,2010-12-10 12:29:00,2011-10-24 11:51:00,9,1733,3786.24,133,1.0,84.0,10.0,47,365,420.69,39.8,3,0.2482,0.2992,34.8,320.92,617.15,Loyal Customers,"Cross-sell premium categories, early bird access, referral incentives."
16020,2011-10-05 13:54:00,2011-11-23 11:18:00,3,487,851.01,42,0.0,0.0,0.0,17,65,283.67,24.0,2,0.1743,-0.0867,20.5,351.81,676.55,Loyal Customers,"Cross-sell premium categories, early bird access, referral incentives."
16022,2011-03-24 13:16:00,2011-03-24 13:16:00,1,255,602.63,68,0.0,0.0,0.0,260,260,602.63,260.0,1,-0.3613,0.068,61.3,42.56,81.85,Hibernating / Inactive,"Automated reactivation campaign, steep 20% discount offer, clearance alerts."
16023,2011-03-18 13:32:00,2011-10-24 16:34:00,3,358,719.81,90,0.0,0.0,0.0,46,266,239.94,110.0,3,0.027,0.0223,23.1,98.74,189.89,Loyal Customers,"Cross-sell premium categories, early bird access, referral incentives."
16024,2011-11-27 13:26:00,2011-11-27 13:26:00,1,397,251.03,61,0.0,0.0,0.0,12,12,251.03,12.0,2,0.0539,-0.332,21.6,102.34,196.81,Promising New,"Welcome discount on 2nd purchase, onboarding email journey, product tips."
16025,2011-11-10 11:45:00,2011-11-10 11:45:00,1,338,439.66,28,0.0,0.0,0.0,30,30,439.66,30.0,2,-0.0565,-0.2031,27.9,164.84,316.99,Promising New,"Welcome discount on 2nd purchase, onboarding email journey, product tips."
16026,2011-10-27 13:53:00,2011-10-27 13:53:00,1,243,236.09,30,0.0,0.0,0.0,43,43,236.09,43.0,2,-0.1283,-0.1871,30.8,84.95,163.37,Promising New,"Welcome discount on 2nd purchase, onboarding email journey, product tips."
16027,2011-02-10 12:19:00,2011-09-09 10:47:00,6,1147,934.62,11,1.0,1.0,14.29,92,303,155.77,42.2,3,0.0388,0.2404,62.0,55.62,106.96,Potential Loyalists,"Offer bundle discounts, volume incentives, brand engagement newsletters."
16030,2011-02-03 11:28:00,2011-02-03 11:28:00,1,283,331.24,28,0.0,0.0,0.0,310,310,331.24,310.0,1,-0.4065,0.0639,61.3,19.62,37.73,Hibernating / Inactive,"Automated reactivation campaign, steep 20% discount offer, clearance alerts."
16031,2011-04-06 14:23:00,2011-09-08 13:07:00,2,421,547.9,91,0.0,0.0,0.0,92,247,273.95,155.0,1,-0.1363,0.0293,35.6,67.78,130.35,Potential Loyalists,"Offer bundle discounts, volume incentives, brand engagement newsletters."
16034,2011-01-11 11:54:00,2011-05-27 16:17:00,3,242,437.7,18,0.0,0.0,0.0,196,333,145.9,68.5,1,-0.2009,0.1746,90.2,6.11,11.75,Hibernating / Inactive,"Automated reactivation campaign, steep 20% discount offer, clearance alerts."
16036,2011-03-21 13:01:00,2011-09-13 14:53:00,2,716,758.92,55,0.0,0.0,0.0,87,263,379.46,176.0,1,-0.1176,0.0365,33.1,91.6,176.16,Potential Loyalists,"Offer bundle discounts, volume incentives, brand engagement newsletters."
16037,2010-12-16 10:18:00,2011-03-15 09:13:00,3,428,855.02,37,0.0,0.0,0.0,270,359,285.01,44.5,1,-0.2265,0.2416,98.0,2.26,4.35,Hibernating / Inactive,"Automated reactivation campaign, steep 20% discount offer, clearance alerts."
16038,2011-05-22 11:29:00,2011-12-02 12:40:00,3,244,471.78,24,1.0,3.0,25.0,8,202,157.26,97.0,2,0.2577,-0.1956,11.0,98.63,189.68,Potential Loyalists,"Offer bundle discounts, volume incentives, brand engagement newsletters."
16040,2011-03-16 09:58:00,2011-10-05 13:47:00,3,684,1313.55,57,0.0,0.0,0.0,65,269,437.85,102.0,3,-0.0038,0.0889,30.2,161.73,311.02,Potential Loyalists,"Offer bundle discounts, volume incentives, brand engagement newsletters."
16041,2011-07-21 16:27:00,2011-11-09 12:25:00,3,1584,3166.4,6,0.0,0.0,0.0,31,141,1055.47,55.0,3,0.1317,0.0388,21.6,835.41,1606.56,Loyal Customers,"Cross-sell premium categories, early bird access, referral incentives."
16042,2011-01-11 13:25:00,2011-11-17 17:50:00,5,743,1177.47,68,2.0,10.0,28.57,22,332,235.49,77.5,3,0.2241,0.0469,16.2,141.02,271.19,Loyal Customers,"Cross-sell premium categories, early bird access, referral incentives."
16043,2011-01-26 11:14:00,2011-11-02 12:50:00,4,503,773.99,30,0.0,0.0,0.0,37,318,193.5,93.7,3,0.1023,0.0493,20.8,91.47,175.9,Loyal Customers,"Cross-sell premium categories, early bird access, referral incentives."
16045,2011-02-22 14:55:00,2011-08-12 12:41:00,4,897,1340.7,71,0.0,0.0,0.0,120,290,335.18,56.7,3,-0.0512,0.2128,67.3,71.73,137.95,Potential Loyalists,"Offer bundle discounts, volume incentives, brand engagement newsletters."
16048,2010-12-01 15:27:00,2010-12-01 15:28:00,2,144,256.44,8,1.0,1.0,33.33,373,373,128.22,0.0,1,-0.3665,0.1655,98.0,0.65,1.25,Hibernating / Inactive,"Automated reactivation campaign, steep 20% discount offer, clearance alerts."
16049,2011-09-25 14:33:00,2011-10-30 13:19:00,3,763,1074.81,248,0.0,0.0,0.0,40,75,358.27,17.5,3,0.0601,0.0228,52.1,267.71,514.83,Loyal Customers,"Cross-sell premium categories, early bird access, referral incentives."
16050,2011-06-19 11:44:00,2011-06-19 11:44:00,1,278,137.9,10,0.0,0.0,0.0,174,174,137.9,174.0,1,-0.3497,-0.0428,59.9,15.08,29.0,Hibernating / Inactive,"Automated reactivation campaign, steep 20% discount offer, clearance alerts."
16052,2011-10-16 15:13:00,2011-10-16 15:13:00,1,282,362.06,34,0.0,0.0,0.0,54,54,362.06,54.0,2,-0.1476,-0.1419,33.3,125.58,241.49,Low Value Occasional,Target with low-barrier impulse buys and seasonal holiday campaigns.
16053,2011-08-09 14:57:00,2011-11-07 11:21:00,2,1793,1511.95,81,0.0,0.0,0.0,33,122,755.98,89.0,2,0.0452,-0.0493,19.6,472.79,909.22,Loyal Customers,"Cross-sell premium categories, early bird access, referral incentives."
16054,2011-07-17 13:08:00,2011-07-17 13:08:00,1,380,783.9,70,0.0,0.0,0.0,145,145,783.9,145.0,1,-0.267,0.0089,53.5,119.28,229.39,Potential Loyalists,"Offer bundle discounts, volume incentives, brand engagement newsletters."
16055,2011-05-03 09:26:00,2011-05-03 09:26:00,1,22,134.8,8,0.0,0.0,0.0,221,221,134.8,221.0,1,-0.3856,-0.015,61.3,11.2,21.54,Hibernating / Inactive,"Automated reactivation campaign, steep 20% discount offer, clearance alerts."
16056,2011-10-25 15:19:00,2011-10-25 15:19:00,1,345,650.75,66,0.0,0.0,0.0,45,45,650.75,45.0,2,-0.1022,-0.1387,31.3,232.47,447.07,Promising New,"Welcome discount on 2nd purchase, onboarding email journey, product tips."
16057,2011-02-28 10:35:00,2011-11-23 15:23:00,7,863,2263.12,109,3.0,30.0,30.0,16,285,323.3,44.8,0,0.3435,0.1021,15.7,317.63,610.83,Champions (VIP),"Exclusive VIP preview, concierge service, high-tier loyalty gifts."
16059,2010-12-07 10:36:00,2011-10-05 09:56:00,6,641,1453.16,126,0.0,0.0,0.0,66,368,242.19,60.4,3,0.1015,0.2195,37.5,117.11,225.2,Potential Loyalists,"Offer bundle discounts, volume incentives, brand engagement newsletters."
16062,2010-12-10 12:00:00,2011-11-30 12:15:00,4,800,1153.62,50,0.0,0.0,0.0,10,365,288.4,118.3,0,0.2985,-0.0837,11.5,132.72,255.23,Loyal Customers,"Cross-sell premium categories, early bird access, referral incentives."
16063,2011-03-24 14:55:00,2011-03-24 14:56:00,1,262,335.32,23,0.0,0.0,0.0,260,260,335.32,260.0,1,-0.3802,0.0432,61.3,23.68,45.54,Hibernating / Inactive,"Automated reactivation campaign, steep 20% discount offer, clearance alerts."
16065,2010-12-09 13:03:00,2010-12-09 13:03:00,1,228,367.14,71,0.0,0.0,0.0,365,365,367.14,365.0,1,-0.4273,0.0879,61.3,18.47,35.52,Hibernating / Inactive,"Automated reactivation campaign, steep 20% discount offer, clearance alerts."
16066,2011-08-07 14:33:00,2011-11-23 11:54:00,5,935,1521.04,77,0.0,0.0,0.0,17,124,304.21,26.8,0,0.2686,0.0282,19.5,468.55,901.05,Champions (VIP),"Exclusive VIP preview, concierge service, high-tier loyalty gifts."
16070,2011-11-07 16:36:00,2011-11-17 15:50:00,2,457,852.15,32,0.0,0.0,0.0,22,32,426.08,10.0,2,0.0845,-0.1209,36.2,282.71,543.68,Loyal Customers,"Cross-sell premium categories, early bird access, referral incentives."
16071,2011-10-26 11:14:00,2011-10-26 11:14:00,1,180,326.24,21,0.0,0.0,0.0,45,45,326.24,45.0,2,-0.1245,-0.168,31.3,116.55,224.13,Promising New,"Welcome discount on 2nd purchase, onboarding email journey, product tips."
16072,2011-02-24 14:32:00,2011-02-24 14:32:00,1,140,584.32,23,0.0,0.0,0.0,288,288,584.32,288.0,1,-0.3774,0.0791,61.3,37.26,71.65,Hibernating / Inactive,"Automated reactivation campaign, steep 20% discount offer, clearance alerts."
16073,2011-02-15 15:41:00,2011-02-15 15:41:00,1,48,122.4,1,1.0,11.0,50.0,297,297,122.4,297.0,1,-0.4323,0.0166,61.3,7.57,14.55,Hibernating / Inactive,"Automated reactivation campaign, steep 20% discount offer, clearance alerts."
16076,2011-05-15 12:31:00,2011-12-06 14:59:00,10,1435,2234.73,71,1.0,72.0,9.09,3,209,223.47,22.9,0,0.6163,-0.0027,10.4,454.59,874.21,Champions (VIP),"Exclusive VIP preview, concierge service, high-tier loyalty gifts."
16078,2011-03-01 09:47:00,2011-03-01 09:47:00,1,16,79.2,1,0.0,0.0,0.0,284,284,79.2,284.0,1,-0.4396,-0.0071,61.3,5.12,9.85,Hibernating / Inactive,"Automated reactivation campaign, steep 20% discount offer, clearance alerts."
16079,2011-10-30 13:06:00,2011-11-23 12:48:00,3,864,1352.0,18,0.0,0.0,0.0,17,40,450.67,11.5,2,0.1892,-0.067,28.7,501.27,963.98,Loyal Customers,"Cross-sell premium categories, early bird access, referral incentives."
16080,2011-03-10 14:44:00,2011-09-19 10:42:00,2,128,217.16,10,1.0,24.0,33.33,82,274,108.58,192.0,1,-0.1493,-0.0237,31.2,25.87,49.76,Low Value Occasional,Target with low-barrier impulse buys and seasonal holiday campaigns.
16081,2010-12-08 11:16:00,2011-10-14 13:06:00,5,1473,2799.42,175,0.0,0.0,0.0,56,367,559.88,77.8,3,0.1179,0.1935,29.3,255.89,492.1,Loyal Customers,"Cross-sell premium categories, early bird access, referral incentives."
16083,2010-12-14 11:51:00,2011-08-31 10:47:00,2,908,1317.62,31,0.0,0.0,0.0,101,361,658.81,260.0,1,-0.1216,0.0778,35.0,112.57,216.49,Potential Loyalists,"Offer bundle discounts, volume incentives, brand engagement newsletters."
16084,2011-02-13 16:05:00,2011-02-13 16:05:00,1,216,436.18,38,0.0,0.0,0.0,299,299,436.18,299.0,1,-0.3924,0.0712,61.3,26.79,51.52,Hibernating / Inactive,"Automated reactivation campaign, steep 20% discount offer, clearance alerts."
16085,2011-01-23 12:07:00,2011-11-16 13:24:00,5,636,981.51,123,0.0,0.0,0.0,23,321,196.3,74.5,3,0.2119,0.0443,16.7,120.86,232.41,Loyal Customers,"Cross-sell premium categories, early bird access, referral incentives."
16086,2010-12-07 13:45:00,2011-10-11 13:09:00,5,511,1121.39,24,1.0,1.0,16.67,59,367,224.28,77.0,3,0.0807,0.1609,30.7,100.48,193.22,Loyal Customers,"Cross-sell premium categories, early bird access, referral incentives."
16091,2011-05-25 09:18:00,2011-07-08 08:45:00,2,154,315.06,16,0.0,0.0,0.0,155,199,157.53,44.0,1,-0.2306,0.0684,89.6,7.81,15.02,Hibernating / Inactive,"Automated reactivation campaign, steep 20% discount offer, clearance alerts."
16092,2011-03-30 15:38:00,2011-08-17 10:46:00,3,628,817.86,37,2.0,26.0,40.0,115,254,272.62,69.5,3,-0.1025,0.137,58.3,63.71,122.52,Potential Loyalists,"Offer bundle discounts, volume incentives, brand engagement newsletters."
16093,2011-08-25 11:09:00,2011-08-25 11:09:00,1,20,17.0,1,0.0,0.0,0.0,107,107,17.0,107.0,1,-0.3444,-0.188,45.0,4.15,7.97,Low Value Occasional,Target with low-barrier impulse buys and seasonal holiday campaigns.
16094,2011-05-04 13:57:00,2011-11-28 12:45:00,4,647,1078.23,48,2.0,14.0,33.33,12,219,269.56,69.0,0,0.2716,-0.0664,12.8,203.72,391.76,Loyal Customers,"Cross-sell premium categories, early bird access, referral incentives."
16096,2011-03-20 13:38:00,2011-03-20 13:38:00,1,155,320.62,12,0.0,0.0,0.0,264,264,320.62,264.0,1,-0.3839,0.0431,61.3,22.3,42.89,Hibernating / Inactive,"Automated reactivation campaign, steep 20% discount offer, clearance alerts."
16097,2011-04-13 13:47:00,2011-04-13 13:47:00,1,87,185.05,10,0.0,0.0,0.0,240,240,185.05,240.0,1,-0.3876,0.0084,61.3,14.16,27.23,Hibernating / Inactive,"Automated reactivation campaign, steep 20% discount offer, clearance alerts."
16098,2010-12-01 09:45:00,2011-09-13 09:59:00,7,613,2005.63,34,0.0,0.0,0.0,88,374,286.52,47.7,3,0.0948,0.2972,55.7,112.73,216.78,Potential Loyalists,"Offer bundle discounts, volume incentives, brand engagement newsletters."
16099,2011-04-28 08:34:00,2011-10-20 13:13:00,3,434,731.9,29,0.0,0.0,0.0,50,226,243.97,88.0,3,0.0154,0.0329,25.9,113.87,218.98,Loyal Customers,"Cross-sell premium categories, early bird access, referral incentives."
16101,2011-09-30 10:18:00,2011-09-30 10:18:00,1,757,1290.7,76,2.0,19.0,66.67,71,71,1290.7,71.0,1,-0.1463,-0.0554,37.0,422.83,813.14,Potential Loyalists,"Offer bundle discounts, volume incentives, brand engagement newsletters."
16102,2011-08-03 12:50:00,2011-10-28 13:19:00,3,942,1842.14,41,0.0,0.0,0.0,42,128,614.05,43.0,3,0.0705,0.0515,30.2,476.66,916.65,Loyal Customers,"Cross-sell premium categories, early bird access, referral incentives."
16103,2011-04-20 12:28:00,2011-12-02 14:16:00,6,558,1429.64,30,0.0,0.0,0.0,7,234,238.27,45.4,0,0.4152,-0.0383,11.5,256.56,493.38,Loyal Customers,"Cross-sell premium categories, early bird access, referral incentives."
16104,2011-10-09 10:23:00,2011-10-09 10:23:00,1,122,298.21,28,0.0,0.0,0.0,62,62,298.21,62.0,2,-0.1739,-0.1337,35.0,100.79,193.84,Low Value Occasional,Target with low-barrier impulse buys and seasonal holiday campaigns.
16105,2011-04-05 10:13:00,2011-04-05 10:13:00,1,330,336.96,13,0.0,0.0,0.0,249,249,336.96,249.0,1,-0.3737,0.0382,61.3,24.85,47.79,Hibernating / Inactive,"Automated reactivation campaign, steep 20% discount offer, clearance alerts."
16106,2011-10-05 10:37:00,2011-10-05 10:37:00,1,74,108.38,6,0.0,0.0,0.0,66,66,108.38,66.0,1,-0.2155,-0.1691,35.9,36.13,69.47,Low Value Occasional,Target with low-barrier impulse buys and seasonal holiday campaigns.
16107,2011-06-09 18:42:00,2011-11-22 09:40:00,7,1176,3204.16,16,0.0,0.0,0.0,18,183,457.74,27.5,0,0.3382,0.1303,20.0,664.65,1278.17,Champions (VIP),"Exclusive VIP preview, concierge service, high-tier loyalty gifts."
16108,2011-09-16 11:48:00,2011-09-16 11:48:00,1,615,842.5,48,1.0,16.0,50.0,85,85,842.5,85.0,1,-0.1864,-0.052,40.1,262.42,504.66,Potential Loyalists,"Offer bundle discounts, volume incentives, brand engagement newsletters."
16109,2011-02-04 12:37:00,2011-05-05 09:17:00,2,612,611.88,18,0.0,0.0,0.0,219,309,305.94,90.0,1,-0.26,0.1382,85.2,13.91,26.74,Hibernating / Inactive,"Automated reactivation campaign, steep 20% discount offer, clearance alerts."
16110,2011-02-01 14:01:00,2011-10-25 14:35:00,3,720,1320.95,283,0.0,0.0,0.0,45,311,440.32,133.0,3,0.0498,0.0455,21.9,157.4,302.7,Loyal Customers,"Cross-sell premium categories, early bird access, referral incentives."
16112,2011-01-05 11:47:00,2011-07-19 14:28:00,4,574,195.74,15,0.0,0.0,0.0,143,339,48.93,65.3,1,-0.139,0.1522,73.5,7.26,13.96,Potential Loyalists,"Offer bundle discounts, volume incentives, brand engagement newsletters."
16113,2011-06-09 16:16:00,2011-06-09 16:16:00,1,176,161.38,30,0.0,0.0,0.0,183,183,161.38,183.0,1,-0.3521,-0.0301,61.3,16.19,31.14,Hibernating / Inactive,"Automated reactivation campaign, steep 20% discount offer, clearance alerts."
16114,2011-06-22 10:13:00,2011-06-22 10:13:00,1,43,135.75,8,0.0,0.0,0.0,171,171,135.75,171.0,1,-0.3477,-0.0455,59.3,15.33,29.48,Hibernating / Inactive,"Automated reactivation campaign, steep 20% discount offer, clearance alerts."
16115,2011-02-20 12:14:00,2011-11-30 11:32:00,8,994,1660.88,169,0.0,0.0,0.0,10,293,207.61,40.4,0,0.4198,0.0625,13.1,233.74,449.49,Champions (VIP),"Exclusive VIP preview, concierge service, high-tier loyalty gifts."
16116,2011-05-12 12:01:00,2011-05-12 12:01:00,1,248,612.78,34,1.0,2.0,50.0,212,212,612.78,212.0,1,-0.3307,0.0442,61.3,53.08,102.07,Hibernating / Inactive,"Automated reactivation campaign, steep 20% discount offer, clearance alerts."
16117,2011-06-03 11:42:00,2011-06-03 11:42:00,1,130,232.21,30,0.0,0.0,0.0,190,190,232.21,190.0,1,-0.3459,-0.0102,61.3,22.44,43.16,Hibernating / Inactive,"Automated reactivation campaign, steep 20% discount offer, clearance alerts."
16119,2011-09-28 10:15:00,2011-12-01 15:11:00,2,240,423.36,14,0.0,0.0,0.0,8,73,211.68,65.0,2,0.2006,-0.2641,11.4,195.05,375.1,Promising New,"Welcome discount on 2nd purchase, onboarding email journey, product tips."
16120,2011-10-11 14:10:00,2011-10-11 14:22:00,4,878,1309.14,26,1.0,12.0,20.0,59,59,327.29,0.0,3,0.0518,0.1269,70.9,198.1,380.97,Loyal Customers,"Cross-sell premium categories, early bird access, referral incentives."
16121,2011-05-08 11:52:00,2011-10-13 12:59:00,2,576,854.66,170,0.0,0.0,0.0,57,216,427.33,159.0,2,-0.0522,-0.0089,24.8,141.19,271.51,Loyal Customers,"Cross-sell premium categories, early bird access, referral incentives."
16122,2010-12-08 11:41:00,2011-09-27 15:34:00,4,1128,684.42,26,0.0,0.0,0.0,73,367,171.1,98.0,3,-0.0002,0.1247,33.5,58.84,113.16,Potential Loyalists,"Offer bundle discounts, volume incentives, brand engagement newsletters."
16123,2011-10-19 09:18:00,2011-10-19 09:18:00,1,170,307.78,16,0.0,0.0,0.0,52,52,307.78,52.0,2,-0.1473,-0.1533,32.8,107.55,206.83,Low Value Occasional,Target with low-barrier impulse buys and seasonal holiday campaigns.
16124,2011-01-26 14:45:00,2011-01-26 14:45:00,1,48,249.0,11,1.0,7.0,50.0,317,317,249.0,317.0,1,-0.419,0.0545,61.3,14.42,27.74,Hibernating / Inactive,"Automated reactivation campaign, steep 20% discount offer, clearance alerts."
16125,2010-12-07 15:48:00,2010-12-07 15:48:00,1,124,289.35,13,0.0,0.0,0.0,367,367,289.35,367.0,1,-0.4358,0.0785,61.3,14.48,27.84,Hibernating / Inactive,"Automated reactivation campaign, steep 20% discount offer, clearance alerts."
16126,2011-02-16 11:18:00,2011-11-10 16:03:00,4,2125,6287.77,57,0.0,0.0,0.0,29,297,1571.94,89.3,3,0.205,0.1097,18.2,821.73,1580.25,Champions (VIP),"Exclusive VIP preview, concierge service, high-tier loyalty gifts."
16127,2011-10-31 13:58:00,2011-10-31 13:58:00,1,323,656.25,40,0.0,0.0,0.0,39,39,656.25,39.0,2,-0.0813,-0.1552,29.9,239.22,460.03,Promising New,"Welcome discount on 2nd purchase, onboarding email journey, product tips."
16128,2011-03-02 12:21:00,2011-11-22 11:14:00,5,988,1880.22,76,0.0,0.0,0.0,18,283,376.04,66.2,3,0.2674,0.0437,15.2,267.33,514.1,Champions (VIP),"Exclusive VIP preview, concierge service, high-tier loyalty gifts."
16131,2011-04-14 08:32:00,2011-10-19 11:53:00,6,1802,3506.54,55,0.0,0.0,0.0,52,240,584.42,37.6,3,0.1646,0.2286,39.5,419.43,806.59,Loyal Customers,"Cross-sell premium categories, early bird access, referral incentives."
16134,2010-12-15 14:00:00,2011-11-18 10:05:00,2,371,618.09,34,1.0,14.0,33.33,22,359,309.04,337.0,2,0.0741,-0.1346,14.0,70.26,135.11,Promising New,"Welcome discount on 2nd purchase, onboarding email journey, product tips."
16135,2011-03-22 12:30:00,2011-03-22 12:30:00,1,209,517.55,21,0.0,0.0,0.0,263,263,517.55,263.0,1,-0.3679,0.063,61.3,36.14,69.49,Hibernating / Inactive,"Automated reactivation campaign, steep 20% discount offer, clearance alerts."
16136,2011-03-07 09:52:00,2011-10-11 09:10:00,3,440,709.38,35,0.0,0.0,0.0,60,278,236.46,109.0,3,-0.012,0.0532,27.9,87.3,167.88,Loyal Customers,"Cross-sell premium categories, early bird access, referral incentives."
16139,2011-05-17 10:23:00,2011-11-21 08:37:00,3,330,635.41,25,0.0,0.0,0.0,19,207,211.8,94.0,2,0.1493,-0.0863,14.7,124.24,238.92,Potential Loyalists,"Offer bundle discounts, volume incentives, brand engagement newsletters."
16140,2010-12-03 14:40:00,2011-10-05 12:15:00,2,730,725.18,32,2.0,3.0,50.0,66,371,362.59,305.0,2,-0.0788,0.0016,25.3,69.28,133.24,Potential Loyalists,"Offer bundle discounts, volume incentives, brand engagement newsletters."
16141,2011-09-12 13:11:00,2011-09-12 13:11:00,1,238,620.4,30,0.0,0.0,0.0,88,88,620.4,88.0,1,-0.2013,-0.0609,40.8,190.98,367.28,Potential Loyalists,"Offer bundle discounts, volume incentives, brand engagement newsletters."
16142,2011-04-04 10:16:00,2011-04-04 10:16:00,1,422,535.34,37,0.0,0.0,0.0,250,250,535.34,250.0,1,-0.3594,0.0583,61.3,39.32,75.62,Hibernating / Inactive,"Automated reactivation campaign, steep 20% discount offer, clearance alerts."
16143,2010-12-05 15:18:00,2011-12-06 14:13:00,6,919,2424.94,75,1.0,2.0,14.29,3,369,404.16,73.2,0,0.5347,-0.0997,9.5,282.2,542.7,Champions (VIP),"Exclusive VIP preview, concierge service, high-tier loyalty gifts."
16144,2011-04-07 10:09:00,2011-04-07 10:09:00,1,16,175.2,1,0.0,0.0,0.0,247,247,175.2,247.0,1,-0.3936,0.0095,61.3,13.03,25.05,Hibernating / Inactive,"Automated reactivation campaign, steep 20% discount offer, clearance alerts."
16145,2010-12-15 09:09:00,2011-12-01 10:33:00,11,3123,3799.49,134,7.0,51.0,38.89,9,360,345.41,35.1,0,0.5142,0.1501,13.0,435.69,837.87,Champions (VIP),"Exclusive VIP preview, concierge service, high-tier loyalty gifts."
16146,2011-04-21 15:25:00,2011-07-05 14:20:00,3,427,734.13,26,0.0,0.0,0.0,157,232,244.71,37.5,1,-0.1516,0.1698,92.6,11.11,21.37,Hibernating / Inactive,"Automated reactivation campaign, steep 20% discount offer, clearance alerts."
16147,2011-07-29 09:57:00,2011-07-29 09:57:00,1,246,375.0,22,0.0,0.0,0.0,134,134,375.0,134.0,1,-0.2792,-0.0318,51.0,65.07,125.13,Low Value Occasional,Target with low-barrier impulse buys and seasonal holiday campaigns.
16148,2011-02-16 14:01:00,2011-02-16 14:01:00,1,72,76.32,1,0.0,0.0,0.0,296,296,76.32,296.0,1,-0.4469,-0.0037,61.3,4.73,9.11,Hibernating / Inactive,"Automated reactivation campaign, steep 20% discount offer, clearance alerts."
16149,2011-07-20 14:54:00,2011-12-05 11:29:00,2,308,280.52,18,0.0,0.0,0.0,5,142,140.26,137.0,2,0.2473,-0.3306,9.9,84.46,162.42,Promising New,"Welcome discount on 2nd purchase, onboarding email journey, product tips."
16150,2010-12-02 18:27:00,2011-10-28 12:39:00,5,1047,2053.02,91,5.0,43.0,50.0,43,372,410.6,82.2,3,0.1461,0.149,23.7,199.81,384.24,Loyal Customers,"Cross-sell premium categories, early bird access, referral incentives."
16152,2011-03-16 09:47:00,2011-03-16 09:47:00,1,642,1829.04,29,0.0,0.0,0.0,269,269,1829.04,269.0,1,-0.3305,0.1193,61.3,124.86,240.11,At-Risk High Spenders,"High-priority win-back promotion, dedicated account check-in, special survey."
16153,2010-12-20 09:22:00,2011-10-21 10:50:00,5,1073,1824.23,78,0.0,0.0,0.0,50,355,364.85,76.2,3,0.1205,0.1619,27.1,177.75,341.83,Loyal Customers,"Cross-sell premium categories, early bird access, referral incentives."
16156,2011-02-02 12:02:00,2011-12-01 12:42:00,9,1273,3092.04,108,4.0,38.0,30.77,9,311,343.56,37.8,0,0.4736,0.1008,12.8,411.37,791.1,Champions (VIP),"Exclusive VIP preview, concierge service, high-tier loyalty gifts."
16157,2011-09-28 11:48:00,2011-11-24 11:41:00,3,347,656.69,12,1.0,3.0,25.0,16,73,218.9,28.5,2,0.1744,-0.1046,18.2,279.33,537.18,Potential Loyalists,"Offer bundle discounts, volume incentives, brand engagement newsletters."
16159,2011-03-03 12:27:00,2011-03-03 12:27:00,1,236,348.2,14,0.0,0.0,0.0,282,282,348.2,282.0,1,-0.391,0.0546,61.3,22.67,43.6,Hibernating / Inactive,"Automated reactivation campaign, steep 20% discount offer, clearance alerts."
16160,2011-09-15 10:53:00,2011-10-05 14:19:00,2,1162,1025.44,20,2.0,9.0,50.0,65,86,512.72,21.0,3,-0.0654,0.0145,66.7,177.57,341.47,Potential Loyalists,"Offer bundle discounts, volume incentives, brand engagement newsletters."
16162,2011-04-01 15:03:00,2011-04-01 15:03:00,1,4,37.4,2,0.0,0.0,0.0,252,252,37.4,252.0,1,-0.4458,-0.0528,61.3,2.73,5.24,Hibernating / Inactive,"Automated reactivation campaign, steep 20% discount offer, clearance alerts."
16163,2010-12-09 16:28:00,2011-04-21 15:15:00,2,192,856.6,5,1.0,100.0,33.33,232,365,428.3,133.0,1,-0.2577,0.1594,74.4,28.51,54.82,Hibernating / Inactive,"Automated reactivation campaign, steep 20% discount offer, clearance alerts."
16164,2011-10-28 09:12:00,2011-11-22 15:04:00,3,433,822.48,27,1.0,1.0,25.0,17,43,274.16,13.0,2,0.1732,-0.0881,28.7,304.94,586.43,Loyal Customers,"Cross-sell premium categories, early bird access, referral incentives."
16168,2010-12-05 11:38:00,2011-11-29 12:45:00,27,1892,3787.6,57,1.0,4.0,3.57,11,370,140.28,13.8,0,0.645,0.3604,20.3,387.13,744.47,Champions (VIP),"Exclusive VIP preview, concierge service, high-tier loyalty gifts."
16169,2011-09-25 11:33:00,2011-12-01 15:28:00,4,1325,1822.97,71,0.0,0.0,0.0,8,76,455.74,22.7,0,0.3429,-0.0885,13.9,816.18,1569.57,Champions (VIP),"Exclusive VIP preview, concierge service, high-tier loyalty gifts."
16170,2011-04-05 13:42:00,2011-10-20 08:21:00,6,1770,1885.05,106,1.0,4.0,14.29,51,248,314.18,39.4,3,0.1474,0.1999,37.7,224.7,432.11,Loyal Customers,"Cross-sell premium categories, early bird access, referral incentives."
16171,2011-10-11 14:51:00,2011-10-11 14:51:00,1,24,73.2,3,0.0,0.0,0.0,59,59,73.2,59.0,2,-0.2118,-0.1989,34.4,24.97,48.02,Low Value Occasional,Target with low-barrier impulse buys and seasonal holiday campaigns.
16172,2011-04-12 12:02:00,2011-09-05 13:22:00,5,787,1140.21,52,0.0,0.0,0.0,95,242,228.04,36.8,3,0.0118,0.2184,68.2,71.09,136.72,Potential Loyalists,"Offer bundle discounts, volume incentives, brand engagement newsletters."
16173,2011-09-02 15:23:00,2011-11-24 10:53:00,6,575,1418.32,70,1.0,4.0,14.29,16,98,236.39,16.4,0,0.3035,0.0525,24.4,519.17,998.41,Loyal Customers,"Cross-sell premium categories, early bird access, referral incentives."
16174,2011-07-11 09:23:00,2011-08-05 13:26:00,3,651,1009.55,19,0.0,0.0,0.0,126,152,336.52,13.0,3,-0.1091,0.1569,88.0,37.82,72.73,At-Risk High Spenders,"High-priority win-back promotion, dedicated account check-in, special survey."
16175,2011-04-13 14:38:00,2011-09-06 14:32:00,4,533,1037.59,45,0.0,0.0,0.0,94,240,259.4,48.7,3,-0.0237,0.1726,58.5,85.13,163.72,Potential Loyalists,"Offer bundle discounts, volume incentives, brand engagement newsletters."
16177,2011-10-20 12:57:00,2011-10-20 12:57:00,1,95,331.95,15,0.0,0.0,0.0,50,50,331.95,50.0,2,-0.1392,-0.1548,32.4,116.69,224.4,Low Value Occasional,Target with low-barrier impulse buys and seasonal holiday campaigns.
16178,2011-07-24 16:05:00,2011-07-24 16:05:00,1,94,197.9,8,0.0,0.0,0.0,138,138,197.9,138.0,1,-0.3041,-0.0554,51.9,32.73,62.94,Low Value Occasional,Target with low-barrier impulse buys and seasonal holiday campaigns.
16179,2011-10-10 09:41:00,2011-10-10 09:41:00,1,99,215.83,11,0.0,0.0,0.0,61,61,215.83,61.0,2,-0.1819,-0.1494,34.8,73.18,140.72,Low Value Occasional,Target with low-barrier impulse buys and seasonal holiday campaigns.
16180,2011-04-01 10:23:00,2011-08-31 16:28:00,8,5867,10254.18,90,2.0,14.0,20.0,100,253,1281.77,21.9,3,0.1508,0.4081,80.7,371.17,713.79,Potential Loyalists,"Offer bundle discounts, volume incentives, brand engagement newsletters."
16181,2011-09-27 13:38:00,2011-09-27 13:38:00,1,152,305.54,11,0.0,0.0,0.0,73,73,305.54,73.0,1,-0.1969,-0.1132,37.5,99.3,190.96,Low Value Occasional,Target with low-barrier impulse buys and seasonal holiday campaigns.
16182,2011-02-18 10:11:00,2011-09-28 13:23:00,4,3791,6617.65,17,0.0,0.0,0.0,72,295,1654.41,74.3,3,0.0751,0.2195,36.8,672.72,1293.69,Potential Loyalists,"Offer bundle discounts, volume incentives, brand engagement newsletters."
16183,2011-10-03 14:59:00,2011-10-03 14:59:00,1,113,338.71,15,0.0,0.0,0.0,67,67,338.71,67.0,2,-0.1811,-0.1191,36.1,112.55,216.44,Low Value Occasional,Target with low-barrier impulse buys and seasonal holiday campaigns.
16184,2011-05-12 13:33:00,2011-10-06 17:43:00,6,561,1158.79,26,1.0,1.0,14.29,64,211,193.13,29.4,3,0.0987,0.2062,55.8,115.18,221.5,Potential Loyalists,"Offer bundle discounts, volume incentives, brand engagement newsletters."
16185,2011-04-21 11:59:00,2011-11-23 09:41:00,2,260,529.41,31,0.0,0.0,0.0,17,233,264.7,216.0,2,0.1054,-0.1708,13.0,93.8,180.38,Promising New,"Welcome discount on 2nd purchase, onboarding email journey, product tips."
16186,2010-12-02 14:40:00,2011-11-17 12:43:00,12,3020,4006.94,87,1.0,12.0,7.69,23,372,333.91,31.7,0,0.4014,0.276,22.1,398.15,765.66,Champions (VIP),"Exclusive VIP preview, concierge service, high-tier loyalty gifts."
16187,2011-02-28 13:34:00,2011-11-08 09:50:00,15,5048,6911.44,160,2.0,44.0,11.76,32,284,460.76,18.0,0,0.4106,0.3839,42.1,668.59,1285.76,Loyal Customers,"Cross-sell premium categories, early bird access, referral incentives."
16188,2011-04-11 09:44:00,2011-10-26 12:19:00,4,782,981.86,65,0.0,0.0,0.0,45,243,245.46,66.0,3,0.0818,0.0825,26.4,141.11,271.36,Loyal Customers,"Cross-sell premium categories, early bird access, referral incentives."
16189,2011-09-15 15:21:00,2011-11-24 11:47:00,2,134,215.48,9,0.0,0.0,0.0,16,85,107.74,69.0,2,0.0848,-0.2158,14.3,96.03,184.67,Promising New,"Welcome discount on 2nd purchase, onboarding email journey, product tips."
16190,2011-10-30 15:59:00,2011-10-30 15:59:00,1,88,215.08,6,0.0,0.0,0.0,40,40,215.08,40.0,2,-0.1209,-0.1995,30.1,78.18,150.34,Promising New,"Welcome discount on 2nd purchase, onboarding email journey, product tips."
16191,2010-12-14 12:38:00,2011-12-07 11:26:00,13,3351,5180.52,65,12.0,148.0,48.0,3,361,398.5,29.8,0,0.6884,0.0867,10.1,612.15,1177.22,Champions (VIP),"Exclusive VIP preview, concierge service, high-tier loyalty gifts."
16193,2011-04-17 11:45:00,2011-04-17 11:45:00,1,219,314.45,19,0.0,0.0,0.0,237,237,314.45,237.0,1,-0.3687,0.0293,61.3,24.36,46.85,Hibernating / Inactive,"Automated reactivation campaign, steep 20% discount offer, clearance alerts."
16198,2011-09-25 14:58:00,2011-09-25 14:58:00,1,129,400.68,15,0.0,0.0,0.0,75,75,400.68,75.0,1,-0.1921,-0.0985,37.9,129.39,248.82,Potential Loyalists,"Offer bundle discounts, volume incentives, brand engagement newsletters."
16200,2011-06-28 15:47:00,2011-12-05 14:40:00,2,516,1068.87,149,0.0,0.0,0.0,4,164,534.44,160.0,2,0.3174,-0.2959,9.6,279.57,537.63,Loyal Customers,"Cross-sell premium categories, early bird access, referral incentives."
16201,2011-08-22 10:47:00,2011-12-06 16:02:00,4,1286,1863.47,74,1.0,19.0,20.0,3,110,465.87,35.7,0,0.4635,-0.1857,9.9,724.26,1392.8,Champions (VIP),"Exclusive VIP preview, concierge service, high-tier loyalty gifts."
16202,2010-12-14 10:43:00,2010-12-14 10:43:00,1,191,365.27,18,0.0,0.0,0.0,361,361,365.27,361.0,1,-0.4258,0.0864,61.3,18.58,35.73,Hibernating / Inactive,"Automated reactivation campaign, steep 20% discount offer, clearance alerts."
16203,2010-12-02 15:39:00,2011-10-12 12:31:00,4,262,592.9,27,1.0,1.0,20.0,59,372,148.22,104.3,3,0.0262,0.0932,27.9,54.52,104.86,Potential Loyalists,"Offer bundle discounts, volume incentives, brand engagement newsletters."
16204,2011-11-16 13:40:00,2011-11-16 13:40:00,1,218,384.18,45,0.0,0.0,0.0,23,23,384.18,23.0,2,-0.023,-0.2398,26.4,147.03,282.76,Promising New,"Welcome discount on 2nd purchase, onboarding email journey, product tips."
16205,2011-06-13 11:33:00,2011-11-09 09:32:00,4,516,757.63,73,0.0,0.0,0.0,31,180,189.41,49.7,3,0.127,0.0276,22.4,154.98,298.05,Loyal Customers,"Cross-sell premium categories, early bird access, referral incentives."
16206,2011-01-16 11:07:00,2011-10-16 10:41:00,4,272,537.06,52,0.0,0.0,0.0,55,328,134.27,91.0,3,0.0332,0.0807,27.5,56.33,108.33,Potential Loyalists,"Offer bundle discounts, volume incentives, brand engagement newsletters."
16207,2011-11-14 13:51:00,2011-11-14 13:51:00,1,140,394.38,19,0.0,0.0,0.0,25,25,394.38,25.0,2,-0.034,-0.229,26.8,150.12,288.69,Promising New,"Welcome discount on 2nd purchase, onboarding email journey, product tips."
16208,2011-02-23 13:37:00,2011-10-26 11:36:00,2,333,664.26,61,0.0,0.0,0.0,45,289,332.13,244.0,2,-0.026,-0.0477,20.3,86.92,167.16,Promising New,"Welcome discount on 2nd purchase, onboarding email journey, product tips."
16209,2011-04-07 12:23:00,2011-09-12 11:58:00,5,1179,2262.62,37,0.0,0.0,0.0,89,247,452.52,39.5,3,0.0435,0.2397,62.5,163.0,313.45,Potential Loyalists,"Offer bundle discounts, volume incentives, brand engagement newsletters."
16211,2011-09-12 12:11:00,2011-09-12 12:11:00,1,154,547.02,23,1.0,1.0,50.0,89,89,547.02,89.0,1,-0.207,-0.0649,41.0,167.83,322.74,Potential Loyalists,"Offer bundle discounts, volume incentives, brand engagement newsletters."
16212,2011-03-01 12:51:00,2011-11-20 13:00:00,2,244,690.34,40,1.0,3.0,33.33,19,283,345.17,264.0,2,0.0984,-0.1468,13.4,100.24,192.76,Promising New,"Welcome discount on 2nd purchase, onboarding email journey, product tips."
16213,2011-09-22 10:03:00,2011-09-22 10:03:00,1,48,159.0,6,0.0,0.0,0.0,79,79,159.0,79.0,1,-0.2294,-0.1315,38.8,50.6,97.31,Low Value Occasional,Target with low-barrier impulse buys and seasonal holiday campaigns.
16214,2011-03-15 13:23:00,2011-06-22 11:30:00,3,420,1062.75,36,0.0,0.0,0.0,171,269,354.25,49.0,1,-0.1522,0.1958,93.0,13.12,25.24,At-Risk High Spenders,"High-priority win-back promotion, dedicated account check-in, special survey."
16215,2011-09-20 10:18:00,2011-09-20 10:18:00,1,104,242.35,14,0.0,0.0,0.0,81,81,242.35,81.0,1,-0.2195,-0.1106,39.3,76.5,147.11,Low Value Occasional,Target with low-barrier impulse buys and seasonal holiday campaigns.
16216,2011-03-17 15:34:00,2011-03-17 15:34:00,1,254,914.93,37,0.0,0.0,0.0,267,267,914.93,267.0,1,-0.3518,0.089,61.3,62.93,121.01,Hibernating / Inactive,"Automated reactivation campaign, steep 20% discount offer, clearance alerts."
16217,2011-03-02 15:28:00,2011-04-18 13:31:00,2,91,304.25,13,2.0,15.0,50.0,235,282,152.12,47.0,1,-0.293,0.117,98.0,1.02,1.97,Hibernating / Inactive,"Automated reactivation campaign, steep 20% discount offer, clearance alerts."
16218,2010-12-01 11:29:00,2011-11-10 09:59:00,7,2088,3084.68,56,1.0,11.0,12.5,30,374,440.67,57.3,3,0.2646,0.1879,20.9,309.57,595.32,Champions (VIP),"Exclusive VIP preview, concierge service, high-tier loyalty gifts."
16221,2010-12-07 13:13:00,2011-11-03 11:43:00,3,714,860.86,90,0.0,0.0,0.0,37,367,286.95,165.0,3,0.0642,0.0042,18.9,90.26,173.59,Loyal Customers,"Cross-sell premium categories, early bird access, referral incentives."
16222,2011-01-25 13:38:00,2011-01-25 13:38:00,1,325,773.55,120,0.0,0.0,0.0,318,318,773.55,318.0,1,-0.3829,0.1029,61.3,44.67,85.9,Hibernating / Inactive,"Automated reactivation campaign, steep 20% discount offer, clearance alerts."
16224,2011-04-04 12:00:00,2011-10-13 17:51:00,4,1116,1295.3,90,0.0,0.0,0.0,57,250,323.82,64.3,3,0.0564,0.1223,32.1,166.93,321.02,Loyal Customers,"Cross-sell premium categories, early bird access, referral incentives."
16225,2011-03-07 12:17:00,2011-10-26 08:30:00,5,493,1096.32,109,0.0,0.0,0.0,45,278,219.26,58.2,3,0.1193,0.1277,27.7,135.29,260.17,Loyal Customers,"Cross-sell premium categories, early bird access, referral incentives."
16226,2011-04-18 12:58:00,2011-05-20 14:41:00,3,192,255.12,6,0.0,0.0,0.0,203,235,85.04,16.0,1,-0.2235,0.1559,98.0,1.03,1.98,Hibernating / Inactive,"Automated reactivation campaign, steep 20% discount offer, clearance alerts."
16227,2011-04-28 13:33:00,2011-04-28 13:33:00,1,90,314.22,6,1.0,2.0,50.0,225,225,314.22,225.0,1,-0.361,0.023,61.3,25.64,49.32,Hibernating / Inactive,"Automated reactivation campaign, steep 20% discount offer, clearance alerts."
16229,2011-05-11 10:18:00,2011-09-13 17:16:00,2,318,1010.6,46,0.0,0.0,0.0,87,213,505.3,126.0,1,-0.1084,0.0486,35.8,144.53,277.95,Potential Loyalists,"Offer bundle discounts, volume incentives, brand engagement newsletters."
16230,2011-05-03 15:12:00,2011-06-03 10:06:00,2,365,542.03,32,0.0,0.0,0.0,190,220,271.02,30.0,1,-0.2431,0.1159,98.0,2.34,4.5,Hibernating / Inactive,"Automated reactivation campaign, steep 20% discount offer, clearance alerts."
16232,2011-05-08 14:05:00,2011-10-27 12:16:00,4,550,990.88,24,1.0,3.0,20.0,44,215,247.72,57.0,3,0.0853,0.0803,27.4,158.77,305.32,Loyal Customers,"Cross-sell premium categories, early bird access, referral incentives."
16233,2010-12-08 12:51:00,2011-09-29 17:27:00,3,174,536.68,22,2.0,9.0,40.0,71,366,178.89,147.5,3,-0.0456,0.0615,29.4,49.12,94.46,Potential Loyalists,"Offer bundle discounts, volume incentives, brand engagement newsletters."
16235,2011-01-11 15:42:00,2011-10-30 10:56:00,5,330,867.31,42,1.0,2.0,16.67,41,332,173.46,72.8,3,0.1252,0.1068,23.8,94.45,181.64,Loyal Customers,"Cross-sell premium categories, early bird access, referral incentives."
16236,2011-09-22 14:10:00,2011-09-22 14:10:00,1,184,432.2,20,0.0,0.0,0.0,78,78,432.2,78.0,1,-0.1954,-0.0906,38.6,137.99,265.37,Potential Loyalists,"Offer bundle discounts, volume incentives, brand engagement newsletters."
16239,2011-06-03 09:30:00,2011-10-14 08:29:00,2,228,414.2,18,1.0,10.0,33.33,57,190,207.1,133.0,2,-0.0755,-0.0397,25.7,76.86,147.8,Potential Loyalists,"Offer bundle discounts, volume incentives, brand engagement newsletters."
16240,2011-09-23 13:44:00,2011-11-15 14:30:00,2,1641,3718.8,126,3.0,7.0,60.0,24,77,1859.4,53.0,2,0.1198,-0.0482,18.6,1574.09,3027.1,Champions (VIP),"Exclusive VIP preview, concierge service, high-tier loyalty gifts."
16241,2010-12-05 11:04:00,2011-11-30 11:08:00,13,1443,2590.31,347,0.0,0.0,0.0,10,370,199.25,30.0,0,0.5164,0.1796,14.1,285.34,548.74,Champions (VIP),"Exclusive VIP preview, concierge service, high-tier loyalty gifts."
16242,2011-03-07 17:04:00,2011-12-01 15:12:00,7,1969,3579.86,184,1.0,1.0,12.5,8,277,511.41,44.8,0,0.4523,0.0446,12.0,539.64,1037.77,Champions (VIP),"Exclusive VIP preview, concierge service, high-tier loyalty gifts."
16243,2011-10-16 12:09:00,2011-11-06 12:32:00,2,110,409.1,49,0.0,0.0,0.0,34,55,204.55,21.0,2,-0.0013,-0.1013,39.7,128.28,246.69,Promising New,"Welcome discount on 2nd purchase, onboarding email journey, product tips."
16244,2010-12-02 11:41:00,2011-05-12 10:18:00,2,855,1522.75,88,0.0,0.0,0.0,212,373,761.38,161.0,1,-0.2258,0.173,66.7,64.51,124.05,At-Risk High Spenders,"High-priority win-back promotion, dedicated account check-in, special survey."
16245,2011-03-28 09:30:00,2011-11-16 10:14:00,3,1014,1413.66,80,2.0,6.0,40.0,24,257,471.22,116.5,3,0.1421,-0.0254,15.8,219.77,422.63,Loyal Customers,"Cross-sell premium categories, early bird access, referral incentives."
16247,2011-06-22 14:23:00,2011-06-22 14:23:00,1,182,114.56,16,0.0,0.0,0.0,170,170,114.56,170.0,1,-0.3523,-0.0534,59.0,13.11,25.21,Hibernating / Inactive,"Automated reactivation campaign, steep 20% discount offer, clearance alerts."
16248,2011-10-09 11:32:00,2011-10-09 11:32:00,1,78,152.94,7,0.0,0.0,0.0,62,62,152.94,62.0,2,-0.1954,-0.162,35.0,51.69,99.41,Low Value Occasional,Target with low-barrier impulse buys and seasonal holiday campaigns.
16249,2011-04-14 13:50:00,2011-10-18 10:07:00,5,950,1800.07,67,0.0,0.0,0.0,53,239,360.01,46.5,3,0.1116,0.1682,35.4,230.86,443.97,Loyal Customers,"Cross-sell premium categories, early bird access, referral incentives."
16250,2010-12-01 09:59:00,2011-03-23 15:07:00,2,208,389.44,22,0.0,0.0,0.0,261,374,194.72,113.0,1,-0.3005,0.1401,83.5,8.15,15.68,Hibernating / Inactive,"Automated reactivation campaign, steep 20% discount offer, clearance alerts."
16253,2011-03-29 13:33:00,2011-10-04 09:09:00,2,3233,3683.86,114,1.0,96.0,33.33,67,255,1841.93,188.0,3,-0.0285,0.0724,27.0,500.41,962.32,Potential Loyalists,"Offer bundle discounts, volume incentives, brand engagement newsletters."
16255,2010-12-09 14:25:00,2011-11-23 12:40:00,8,1767,2619.91,146,2.0,7.0,20.0,17,365,327.49,49.7,0,0.3617,0.1414,15.7,287.12,552.15,Champions (VIP),"Exclusive VIP preview, concierge service, high-tier loyalty gifts."
16256,2011-03-18 12:18:00,2011-03-18 12:18:00,1,581,752.43,13,1.0,4.0,50.0,267,267,752.43,267.0,1,-0.3581,0.0807,61.3,51.75,99.52,Hibernating / Inactive,"Automated reactivation campaign, steep 20% discount offer, clearance alerts."
16257,2011-06-16 10:11:00,2011-06-16 10:11:00,1,2,46.95,2,0.0,0.0,0.0,177,177,46.95,177.0,1,-0.3866,-0.0859,60.6,4.96,9.54,Hibernating / Inactive,"Automated reactivation campaign, steep 20% discount offer, clearance alerts."
16258,2011-05-04 14:33:00,2011-10-25 13:30:00,5,2994,5203.51,111,0.0,0.0,0.0,45,219,1040.7,43.5,3,0.1696,0.1939,31.8,768.9,1478.66,Loyal Customers,"Cross-sell premium categories, early bird access, referral incentives."
16260,2011-10-20 09:40:00,2011-10-20 09:40:00,1,311,1035.45,18,0.0,0.0,0.0,51,51,1035.45,51.0,2,-0.1053,-0.1041,32.6,362.9,697.89,Loyal Customers,"Cross-sell premium categories, early bird access, referral incentives."
16261,2011-04-07 19:05:00,2011-11-22 17:23:00,4,301,728.54,98,0.0,0.0,0.0,17,246,182.14,76.3,3,0.2108,-0.0437,14.4,120.29,231.33,Loyal Customers,"Cross-sell premium categories, early bird access, referral incentives."
16265,2010-12-10 10:21:00,2011-11-30 16:41:00,9,2646,5447.0,164,2.0,19.0,18.18,9,365,605.22,44.5,0,0.4919,0.1248,12.4,620.3,1192.89,Champions (VIP),"Exclusive VIP preview, concierge service, high-tier loyalty gifts."
16266,2011-05-17 14:50:00,2011-09-27 12:08:00,7,398,861.89,44,0.0,0.0,0.0,74,206,123.13,22.0,3,0.0928,0.2406,70.7,58.17,111.87,Potential Loyalists,"Offer bundle discounts, volume incentives, brand engagement newsletters."
16268,2011-09-29 18:30:00,2011-09-29 18:30:00,2,533,667.65,45,0.0,0.0,0.0,71,71,333.82,0.0,2,-0.0921,0.0068,75.0,86.79,166.91,Potential Loyalists,"Offer bundle discounts, volume incentives, brand engagement newsletters."
16270,2010-12-21 14:26:00,2010-12-21 14:26:00,1,688,1141.24,54,0.0,0.0,0.0,353,353,1141.24,353.0,1,-0.3858,0.132,61.3,59.37,114.17,At-Risk High Spenders,"High-priority win-back promotion, dedicated account check-in, special survey."
16271,2010-12-16 16:36:00,2011-12-07 12:45:00,5,1024,1404.64,89,1.0,1.0,16.67,3,358,280.93,88.8,0,0.4884,-0.1572,9.5,168.49,324.02,Loyal Customers,"Cross-sell premium categories, early bird access, referral incentives."
16272,2011-08-15 10:53:00,2011-08-15 10:54:00,1,224,411.7,25,0.0,0.0,0.0,117,117,411.7,117.0,1,-0.2563,-0.0442,47.3,87.99,169.21,Potential Loyalists,"Offer bundle discounts, volume incentives, brand engagement newsletters."
16274,2010-12-01 15:35:00,2010-12-01 15:35:00,1,153,351.75,64,0.0,0.0,0.0,373,373,351.75,373.0,1,-0.4319,0.0887,61.3,17.32,33.3,Hibernating / Inactive,"Automated reactivation campaign, steep 20% discount offer, clearance alerts."
16275,2011-05-27 12:41:00,2011-05-27 12:41:00,1,336,559.87,33,0.0,0.0,0.0,197,197,559.87,197.0,1,-0.3229,0.0315,61.3,52.19,100.36,Hibernating / Inactive,"Automated reactivation campaign, steep 20% discount offer, clearance alerts."
16276,2011-06-16 09:34:00,2011-06-16 09:34:00,1,420,810.6,6,0.0,0.0,0.0,177,177,810.6,177.0,1,-0.2952,0.0343,60.6,85.62,164.65,Hibernating / Inactive,"Automated reactivation campaign, steep 20% discount offer, clearance alerts."
16278,2011-08-31 17:12:00,2011-08-31 17:12:00,1,114,566.38,23,2.0,5.0,66.67,100,100,566.38,100.0,1,-0.223,-0.0494,43.5,151.84,292.0,Potential Loyalists,"Offer bundle discounts, volume incentives, brand engagement newsletters."
16279,2011-06-16 11:50:00,2011-11-18 15:00:00,3,1046,1502.78,102,1.0,2.0,25.0,21,177,500.93,78.0,3,0.163,-0.0382,15.8,339.21,652.33,Champions (VIP),"Exclusive VIP preview, concierge service, high-tier loyalty gifts."
16281,2011-09-28 14:57:00,2011-09-28 14:57:00,1,934,2062.06,17,0.0,0.0,0.0,72,72,2062.06,72.0,1,-0.1332,-0.0338,37.3,672.31,1292.91,Potential Loyalists,"Offer bundle discounts, volume incentives, brand engagement newsletters."
16282,2011-01-04 11:42:00,2011-01-04 11:42:00,1,114,168.3,11,0.0,0.0,0.0,340,340,168.3,340.0,1,-0.442,0.0463,61.3,9.09,17.48,Hibernating / Inactive,"Automated reactivation campaign, steep 20% discount offer, clearance alerts."
16283,2011-05-15 13:37:00,2011-12-04 12:08:00,5,1236,1570.81,117,2.0,14.0,28.57,6,208,314.16,50.5,0,0.4092,-0.0847,10.9,319.28,614.0,Champions (VIP),"Exclusive VIP preview, concierge service, high-tier loyalty gifts."
16284,2011-10-20 13:54:00,2011-11-08 16:12:00,2,535,812.68,87,0.0,0.0,0.0,31,50,406.34,19.0,2,0.0341,-0.083,39.3,256.51,493.3,Loyal Customers,"Cross-sell premium categories, early bird access, referral incentives."
16287,2011-06-23 09:08:00,2011-06-23 09:08:00,1,298,142.5,8,0.0,0.0,0.0,170,170,142.5,170.0,1,-0.3453,-0.0442,59.0,16.31,31.36,Hibernating / Inactive,"Automated reactivation campaign, steep 20% discount offer, clearance alerts."
16292,2011-08-10 12:24:00,2011-08-10 12:24:00,1,191,302.25,17,1.0,3.0,50.0,122,122,302.25,122.0,1,-0.2724,-0.0522,48.4,60.66,116.65,Low Value Occasional,Target with low-barrier impulse buys and seasonal holiday campaigns.
16293,2010-12-07 15:02:00,2011-11-18 09:58:00,10,982,2248.99,102,2.0,4.0,16.67,22,367,224.9,38.3,0,0.3579,0.2092,19.8,233.2,448.47,Champions (VIP),"Exclusive VIP preview, concierge service, high-tier loyalty gifts."
16295,2011-10-06 10:45:00,2011-11-30 08:17:00,4,841,1328.55,70,0.0,0.0,0.0,10,65,332.14,18.3,0,0.303,-0.0777,16.7,575.48,1106.69,Loyal Customers,"Cross-sell premium categories, early bird access, referral incentives."
16297,2011-03-16 08:29:00,2011-03-16 08:29:00,1,206,301.9,20,3.0,26.0,75.0,269,269,301.9,269.0,1,-0.3886,0.0428,61.3,20.61,39.63,Hibernating / Inactive,"Automated reactivation campaign, steep 20% discount offer, clearance alerts."
16298,2011-06-06 10:06:00,2011-11-17 11:59:00,3,198,598.2,22,0.0,0.0,0.0,23,187,199.4,82.0,2,0.1204,-0.0668,16.4,126.9,244.03,Potential Loyalists,"Offer bundle discounts, volume incentives, brand engagement newsletters."
16302,2011-08-05 09:44:00,2011-08-05 09:44:00,1,158,233.22,11,1.0,24.0,50.0,127,127,233.22,127.0,1,-0.2866,-0.0584,49.5,44.0,84.62,Low Value Occasional,Target with low-barrier impulse buys and seasonal holiday campaigns.
16303,2011-01-10 14:16:00,2011-11-14 10:49:00,3,2659,5360.63,119,1.0,38.0,25.0,26,333,1786.88,153.5,3,0.1738,0.0406,15.9,642.4,1235.38,Champions (VIP),"Exclusive VIP preview, concierge service, high-tier loyalty gifts."
16305,2011-07-24 12:18:00,2011-07-24 12:18:00,1,256,361.22,22,0.0,0.0,0.0,139,139,361.22,139.0,1,-0.2858,-0.029,52.1,59.06,113.59,Low Value Occasional,Target with low-barrier impulse buys and seasonal holiday campaigns.
16306,2010-12-07 15:18:00,2011-05-10 12:12:00,6,487,632.27,36,3.0,16.0,33.33,214,367,105.38,30.6,3,-0.0977,0.3252,98.0,1.63,3.14,Hibernating / Inactive,"Automated reactivation campaign, steep 20% discount offer, clearance alerts."
16308,2011-03-23 14:46:00,2011-11-02 11:24:00,4,8000,2560.0,1,0.0,0.0,0.0,38,261,640.0,74.3,3,0.1371,0.1033,22.5,360.69,693.64,Loyal Customers,"Cross-sell premium categories, early bird access, referral incentives."
16309,2011-04-13 11:46:00,2011-08-25 15:35:00,2,467,706.57,39,1.0,2.0,33.33,106,241,353.28,135.0,1,-0.1488,0.0571,41.4,81.52,156.77,Potential Loyalists,"Offer bundle discounts, volume incentives, brand engagement newsletters."
16311,2011-10-21 13:13:00,2011-11-22 08:54:00,2,394,616.26,35,0.0,0.0,0.0,18,49,308.13,31.0,2,0.1023,-0.1578,18.9,259.89,499.79,Promising New,"Welcome discount on 2nd purchase, onboarding email journey, product tips."
16313,2011-10-21 09:04:00,2011-12-06 13:02:00,2,165,274.15,16,0.0,0.0,0.0,3,50,137.08,47.0,2,0.3065,-0.3807,9.8,128.59,247.29,Promising New,"Welcome discount on 2nd purchase, onboarding email journey, product tips."
16315,2011-01-13 11:57:00,2011-01-13 11:57:00,1,75,226.37,14,0.0,0.0,0.0,331,331,226.37,331.0,1,-0.4285,0.0556,61.3,12.56,24.15,Hibernating / Inactive,"Automated reactivation campaign, steep 20% discount offer, clearance alerts."
16316,2010-12-16 14:26:00,2011-10-06 13:48:00,8,1484,2938.91,120,4.0,18.0,33.33,64,358,367.36,42.0,3,0.1756,0.3016,44.7,215.41,414.24,Potential Loyalists,"Offer bundle discounts, volume incentives, brand engagement newsletters."
16317,2011-02-15 14:30:00,2011-08-12 12:46:00,3,890,1341.65,64,0.0,0.0,0.0,120,297,447.22,88.5,3,-0.0927,0.1632,54.1,98.39,189.2,Potential Loyalists,"Offer bundle discounts, volume incentives, brand engagement newsletters."
16318,2011-11-04 13:05:00,2011-11-04 13:05:00,1,199,328.15,19,0.0,0.0,0.0,35,35,328.15,35.0,2,-0.0881,-0.1974,29.0,121.15,232.99,Promising New,"Welcome discount on 2nd purchase, onboarding email journey, product tips."
16319,2011-05-06 11:27:00,2011-05-06 11:27:00,1,72,404.4,3,0.0,0.0,0.0,218,218,404.4,218.0,1,-0.3483,0.0299,61.3,34.06,65.51,Hibernating / Inactive,"Automated reactivation campaign, steep 20% discount offer, clearance alerts."
16322,2011-11-03 14:33:00,2011-12-08 15:41:00,2,231,326.75,28,0.0,0.0,0.0,1,36,163.38,35.0,0,0.4146,-0.4571,9.0,154.62,297.35,Promising New,"Welcome discount on 2nd purchase, onboarding email journey, product tips."
16323,2011-05-27 14:48:00,2011-05-27 14:48:00,1,50,207.5,1,0.0,0.0,0.0,196,196,207.5,196.0,1,-0.3541,-0.0112,61.3,19.44,37.39,Hibernating / Inactive,"Automated reactivation campaign, steep 20% discount offer, clearance alerts."
16324,2011-06-15 14:26:00,2011-08-03 12:58:00,3,270,408.59,100,0.0,0.0,0.0,128,177,136.2,24.5,1,-0.1406,0.1204,87.8,13.36,25.7,Potential Loyalists,"Offer bundle discounts, volume incentives, brand engagement newsletters."
16325,2011-04-08 09:20:00,2011-10-24 08:48:00,3,194,594.24,14,2.0,30.0,40.0,47,246,198.08,99.5,3,0.0177,0.0167,24.0,87.11,167.52,Potential Loyalists,"Offer bundle discounts, volume incentives, brand engagement newsletters."
16326,2011-01-09 12:01:00,2011-12-04 10:11:00,14,682,3039.22,158,1.0,20.0,6.67,6,335,217.09,25.3,0,0.6013,0.1471,12.1,378.4,727.69,Champions (VIP),"Exclusive VIP preview, concierge service, high-tier loyalty gifts."
16327,2010-12-05 12:43:00,2011-11-25 13:23:00,6,2560,3820.27,142,0.0,0.0,0.0,14,370,636.71,71.2,0,0.354,0.0795,13.5,423.78,814.97,Champions (VIP),"Exclusive VIP preview, concierge service, high-tier loyalty gifts."
16330,2011-08-19 17:08:00,2011-11-22 12:24:00,3,147,251.91,39,1.0,2.0,25.0,18,112,83.97,47.0,2,0.127,-0.1318,16.4,89.22,171.58,Low Value Occasional,Target with low-barrier impulse buys and seasonal holiday campaigns.
16332,2011-02-07 14:16:00,2011-11-11 14:22:00,7,797,1582.8,125,1.0,8.0,12.5,28,305,226.11,46.2,3,0.2529,0.1515,21.5,193.3,371.72,Champions (VIP),"Exclusive VIP preview, concierge service, high-tier loyalty gifts."
16337,2011-11-03 10:03:00,2011-11-03 10:03:00,1,87,151.05,10,0.0,0.0,0.0,37,37,151.05,37.0,2,-0.121,-0.2237,29.5,55.37,106.49,Promising New,"Welcome discount on 2nd purchase, onboarding email journey, product tips."
16338,2011-07-05 13:56:00,2011-07-05 13:56:00,1,94,214.8,11,0.0,0.0,0.0,157,157,214.8,157.0,1,-0.3204,-0.0364,56.1,28.5,54.81,Hibernating / Inactive,"Automated reactivation campaign, steep 20% discount offer, clearance alerts."
16339,2011-02-28 13:41:00,2011-02-28 13:41:00,1,21,94.05,17,0.0,0.0,0.0,284,284,94.05,284.0,1,-0.4341,0.0001,61.3,6.08,11.69,Hibernating / Inactive,"Automated reactivation campaign, steep 20% discount offer, clearance alerts."
16340,2011-08-24 14:53:00,2011-08-24 14:53:00,1,486,534.31,124,0.0,0.0,0.0,107,107,534.31,107.0,1,-0.2348,-0.0438,45.0,130.32,250.61,Potential Loyalists,"Offer bundle discounts, volume incentives, brand engagement newsletters."
16341,2011-05-22 13:20:00,2011-11-15 09:12:00,4,1398,1971.87,60,2.0,10.0,33.33,25,201,492.97,58.7,3,0.1886,0.0431,18.5,379.38,729.58,Champions (VIP),"Exclusive VIP preview, concierge service, high-tier loyalty gifts."
16342,2011-06-13 10:10:00,2011-09-25 14:36:00,4,157,322.41,10,0.0,0.0,0.0,75,180,80.6,35.0,3,-0.0284,0.096,57.7,35.95,69.13,Potential Loyalists,"Offer bundle discounts, volume incentives, brand engagement newsletters."
16343,2011-11-23 17:43:00,2011-11-23 17:45:00,2,175,328.58,29,0.0,0.0,0.0,16,16,164.29,0.0,2,0.0984,-0.1979,27.2,124.39,239.21,Promising New,"Welcome discount on 2nd purchase, onboarding email journey, product tips."
16344,2011-07-04 15:50:00,2011-07-04 15:50:00,1,18,101.1,1,0.0,0.0,0.0,158,158,101.1,158.0,1,-0.3455,-0.0675,56.4,13.24,25.46,Hibernating / Inactive,"Automated reactivation campaign, steep 20% discount offer, clearance alerts."
16345,2011-10-26 16:03:00,2011-10-26 16:03:00,1,288,565.46,35,0.0,0.0,0.0,44,44,565.46,44.0,2,-0.1035,-0.1473,31.0,202.89,390.17,Promising New,"Welcome discount on 2nd purchase, onboarding email journey, product tips."
16347,2011-11-03 13:01:00,2011-11-28 13:14:00,2,341,847.45,61,0.0,0.0,0.0,11,36,423.72,25.0,2,0.1805,-0.1999,15.6,371.92,715.24,Loyal Customers,"Cross-sell premium categories, early bird access, referral incentives."
16348,2011-04-13 15:49:00,2011-11-07 15:44:00,7,805,1415.65,157,0.0,0.0,0.0,32,240,202.24,34.7,3,0.2302,0.1624,27.1,204.04,392.39,Loyal Customers,"Cross-sell premium categories, early bird access, referral incentives."
16349,2011-02-22 12:40:00,2011-02-22 12:40:00,1,9,53.5,9,0.0,0.0,0.0,291,291,53.5,291.0,1,-0.4557,-0.0206,61.3,3.38,6.49,Hibernating / Inactive,"Automated reactivation campaign, steep 20% discount offer, clearance alerts."
16350,2011-01-10 09:44:00,2011-11-18 15:53:00,4,545,1116.47,40,1.0,3.0,20.0,21,334,279.12,104.3,3,0.195,-0.0012,15.1,134.66,258.97,Loyal Customers,"Cross-sell premium categories, early bird access, referral incentives."
16351,2011-01-11 10:26:00,2011-01-11 10:26:00,1,90,153.9,8,0.0,0.0,0.0,333,333,153.9,333.0,1,-0.4418,0.0401,61.3,8.49,16.32,Hibernating / Inactive,"Automated reactivation campaign, steep 20% discount offer, clearance alerts."
16352,2011-11-02 08:44:00,2011-11-22 10:32:00,2,300,494.44,28,0.0,0.0,0.0,18,38,247.22,20.0,2,0.0952,-0.1672,23.6,196.43,377.75,Promising New,"Welcome discount on 2nd purchase, onboarding email journey, product tips."
16354,2011-09-27 16:28:00,2011-10-07 14:28:00,2,150,395.8,38,0.0,0.0,0.0,63,73,197.9,10.0,2,-0.0916,-0.0297,72.4,56.81,109.24,Low Value Occasional,Target with low-barrier impulse buys and seasonal holiday campaigns.
16356,2011-03-07 12:31:00,2011-05-26 11:51:00,3,93,211.77,20,1.0,1.0,25.0,198,278,70.59,40.0,1,-0.2258,0.145,98.0,0.72,1.39,Hibernating / Inactive,"Automated reactivation campaign, steep 20% discount offer, clearance alerts."
16357,2011-05-10 10:35:00,2011-11-06 16:04:00,3,246,658.88,31,0.0,0.0,0.0,33,214,219.63,90.5,3,0.072,-0.0206,19.6,117.46,225.89,Potential Loyalists,"Offer bundle discounts, volume incentives, brand engagement newsletters."
16358,2011-06-08 15:05:00,2011-12-08 15:09:00,4,1302,2027.5,82,1.0,1.0,20.0,1,184,506.88,61.0,0,0.5687,-0.266,8.9,476.32,916.01,Champions (VIP),"Exclusive VIP preview, concierge service, high-tier loyalty gifts."
16359,2011-01-12 10:49:00,2011-12-02 17:04:00,9,1183,1750.92,39,3.0,29.0,25.0,7,332,194.55,40.6,0,0.4882,0.0496,11.7,220.97,424.94,Champions (VIP),"Exclusive VIP preview, concierge service, high-tier loyalty gifts."
16360,2011-09-12 13:50:00,2011-12-05 12:16:00,6,2110,3450.41,365,2.0,16.0,25.0,5,88,575.07,16.6,0,0.4862,-0.0357,12.6,1568.15,3015.67,Champions (VIP),"Exclusive VIP preview, concierge service, high-tier loyalty gifts."
16361,2011-09-29 13:13:00,2011-11-30 12:32:00,4,418,891.21,87,0.0,0.0,0.0,10,71,222.8,20.3,0,0.2901,-0.0947,16.0,389.28,748.61,Loyal Customers,"Cross-sell premium categories, early bird access, referral incentives."
16362,2011-09-09 14:47:00,2011-11-07 13:01:00,5,340,709.99,58,4.0,26.0,44.44,32,91,142.0,14.8,3,0.1544,0.0691,48.4,190.51,366.36,Loyal Customers,"Cross-sell premium categories, early bird access, referral incentives."
16363,2011-10-17 14:14:00,2011-10-17 14:14:00,1,52,109.36,5,0.0,0.0,0.0,53,53,109.36,53.0,2,-0.1833,-0.1948,33.0,38.1,73.27,Low Value Occasional,Target with low-barrier impulse buys and seasonal holiday campaigns.
16364,2011-07-25 14:35:00,2011-11-28 11:27:00,2,279,705.79,48,0.0,0.0,0.0,12,137,352.9,125.0,2,0.1628,-0.198,12.1,214.88,413.22,Loyal Customers,"Cross-sell premium categories, early bird access, referral incentives."
16365,2010-12-07 17:19:00,2011-11-22 11:24:00,9,504,1540.42,45,0.0,0.0,0.0,18,367,171.16,43.6,0,0.3561,0.1488,16.8,165.71,318.67,Champions (VIP),"Exclusive VIP preview, concierge service, high-tier loyalty gifts."
16366,2011-11-21 08:19:00,2011-11-21 08:19:00,1,256,327.3,18,0.0,0.0,0.0,19,19,327.3,19.0,2,-0.0013,-0.2686,25.5,126.8,243.84,Promising New,"Welcome discount on 2nd purchase, onboarding email journey, product tips."
16367,2010-12-12 12:01:00,2011-11-02 13:13:00,2,643,800.67,123,0.0,0.0,0.0,37,363,400.34,326.0,2,0.0083,-0.0628,17.8,86.03,165.45,Loyal Customers,"Cross-sell premium categories, early bird access, referral incentives."
16368,2011-11-11 15:08:00,2011-12-07 13:12:00,2,251,479.91,58,0.0,0.0,0.0,2,28,239.96,26.0,0,0.3671,-0.3917,9.7,225.35,433.37,Promising New,"Welcome discount on 2nd purchase, onboarding email journey, product tips."
16369,2011-05-27 09:39:00,2011-11-21 16:25:00,3,1030,1545.41,91,0.0,0.0,0.0,18,197,515.14,89.5,3,0.1856,-0.0548,14.4,318.63,612.76,Champions (VIP),"Exclusive VIP preview, concierge service, high-tier loyalty gifts."
16370,2011-04-28 16:40:00,2011-09-18 15:55:00,4,640,1301.91,143,0.0,0.0,0.0,82,225,325.48,47.7,3,0.0036,0.1659,52.1,131.51,252.91,Potential Loyalists,"Offer bundle discounts, volume incentives, brand engagement newsletters."
16372,2011-11-06 12:50:00,2011-11-06 13:08:00,2,158,355.73,86,0.0,0.0,0.0,33,33,177.86,0.0,2,-0.0015,-0.1107,51.5,89.71,172.52,Promising New,"Welcome discount on 2nd purchase, onboarding email journey, product tips."
16374,2011-03-22 13:46:00,2011-10-04 15:21:00,2,237,466.73,101,0.0,0.0,0.0,66,262,233.36,196.0,2,-0.093,-0.0171,26.6,62.04,119.31,Potential Loyalists,"Offer bundle discounts, volume incentives, brand engagement newsletters."
16376,2011-11-22 16:47:00,2011-12-01 11:38:00,2,691,974.96,104,1.0,5.0,33.33,9,17,487.48,8.0,2,0.212,-0.216,17.8,416.74,801.42,Loyal Customers,"Cross-sell premium categories, early bird access, referral incentives."
16377,2011-03-17 15:41:00,2011-03-17 15:41:00,1,1500,676.2,5,0.0,0.0,0.0,267,267,676.2,267.0,1,-0.3615,0.0761,61.3,46.51,89.44,Hibernating / Inactive,"Automated reactivation campaign, steep 20% discount offer, clearance alerts."
16378,2011-02-02 12:42:00,2011-04-06 15:07:00,3,267,362.95,22,0.0,0.0,0.0,247,311,120.98,32.0,1,-0.241,0.1945,98.0,1.11,2.13,Hibernating / Inactive,"Automated reactivation campaign, steep 20% discount offer, clearance alerts."
16379,2011-09-22 09:33:00,2011-12-05 15:38:00,4,1410,2157.4,87,1.0,2.0,20.0,4,79,539.35,25.0,0,0.4353,-0.1525,10.9,999.57,1922.24,Champions (VIP),"Exclusive VIP preview, concierge service, high-tier loyalty gifts."
16380,2011-10-09 15:40:00,2011-10-09 15:40:00,1,1428,1743.15,28,0.0,0.0,0.0,61,61,1743.15,61.0,2,-0.1145,-0.0607,34.8,591.0,1136.53,Potential Loyalists,"Offer bundle discounts, volume incentives, brand engagement newsletters."
16383,2011-03-16 13:00:00,2011-09-26 12:45:00,2,467,643.76,80,0.0,0.0,0.0,75,268,321.88,193.0,1,-0.1013,0.0118,29.2,80.7,155.19,Potential Loyalists,"Offer bundle discounts, volume incentives, brand engagement newsletters."
16384,2011-03-21 10:13:00,2011-09-11 11:19:00,2,260,584.5,33,0.0,0.0,0.0,90,264,292.25,174.0,1,-0.131,0.0294,34.1,69.23,133.14,Potential Loyalists,"Offer bundle discounts, volume incentives, brand engagement newsletters."
16385,2010-12-08 12:56:00,2011-10-10 13:12:00,3,258,554.86,52,0.0,0.0,0.0,60,366,184.95,153.0,3,-0.02,0.0428,25.9,53.3,102.51,Potential Loyalists,"Offer bundle discounts, volume incentives, brand engagement newsletters."
16386,2011-03-31 12:19:00,2011-11-11 12:28:00,2,205,302.57,76,0.0,0.0,0.0,29,254,151.28,225.0,2,0.0118,-0.1327,16.1,47.42,91.2,Promising New,"Welcome discount on 2nd purchase, onboarding email journey, product tips."
16387,2011-01-21 11:34:00,2011-01-21 11:34:00,1,44,94.36,4,0.0,0.0,0.0,323,323,94.36,323.0,1,-0.453,0.0157,61.3,5.36,10.32,Hibernating / Inactive,"Automated reactivation campaign, steep 20% discount offer, clearance alerts."
16389,2011-03-01 15:47:00,2011-10-17 14:41:00,4,1242,1382.07,33,1.0,12.0,20.0,53,283,345.52,76.7,3,0.0691,0.1164,28.3,166.15,319.52,Loyal Customers,"Cross-sell premium categories, early bird access, referral incentives."
16392,2011-03-15 12:11:00,2011-03-15 12:11:00,1,201,217.89,41,0.0,0.0,0.0,270,270,217.89,270.0,1,-0.3997,0.0295,61.3,14.82,28.5,Hibernating / Inactive,"Automated reactivation campaign, steep 20% discount offer, clearance alerts."
16393,2010-12-05 13:10:00,2011-12-07 12:51:00,13,1573,3040.96,120,7.0,47.0,35.0,2,369,233.92,30.6,0,0.7137,0.0292,9.5,353.89,680.56,Champions (VIP),"Exclusive VIP preview, concierge service, high-tier loyalty gifts."
16394,2011-02-23 10:58:00,2011-10-14 09:48:00,5,2604,1555.34,61,4.0,287.0,44.44,57,290,311.07,58.2,3,0.0963,0.1706,33.6,168.98,324.96,Loyal Customers,"Cross-sell premium categories, early bird access, referral incentives."
16395,2011-01-13 12:10:00,2011-10-10 12:50:00,5,1472,1482.06,150,0.0,0.0,0.0,60,331,296.41,67.8,3,0.0873,0.1747,32.7,142.98,274.97,Loyal Customers,"Cross-sell premium categories, early bird access, referral incentives."
16398,2011-03-31 09:38:00,2011-07-08 15:16:00,2,758,1705.8,75,2.0,13.0,50.0,154,254,852.9,100.0,1,-0.1752,0.1394,64.9,111.85,215.1,At-Risk High Spenders,"High-priority win-back promotion, dedicated account check-in, special survey."
16399,2011-04-18 13:46:00,2011-11-20 16:12:00,2,263,408.02,68,0.0,0.0,0.0,19,235,204.01,216.0,2,0.0814,-0.1691,13.5,71.26,137.04,Promising New,"Welcome discount on 2nd purchase, onboarding email journey, product tips."
16400,2011-09-06 12:27:00,2011-09-06 12:27:00,1,172,303.93,28,0.0,0.0,0.0,95,95,303.93,95.0,1,-0.2355,-0.082,42.4,87.44,168.15,Low Value Occasional,Target with low-barrier impulse buys and seasonal holiday campaigns.
16401,2011-01-16 10:56:00,2011-12-08 18:15:00,12,3882,4098.32,66,8.0,24.0,40.0,1,328,341.53,29.7,0,0.7695,-0.0236,9.0,539.53,1037.55,Champions (VIP),"Exclusive VIP preview, concierge service, high-tier loyalty gifts."
16402,2010-12-05 13:42:00,2011-03-20 12:25:00,2,146,293.45,55,0.0,0.0,0.0,265,369,146.72,104.0,1,-0.3118,0.13,86.7,5.02,9.65,Hibernating / Inactive,"Automated reactivation campaign, steep 20% discount offer, clearance alerts."
16403,2011-01-31 13:39:00,2011-01-31 13:39:00,1,114,177.5,10,1.0,11.0,50.0,312,312,177.5,312.0,1,-0.4276,0.0382,61.3,10.45,20.09,Hibernating / Inactive,"Automated reactivation campaign, steep 20% discount offer, clearance alerts."
16404,2011-09-30 14:55:00,2011-09-30 14:55:00,1,157,443.05,23,0.0,0.0,0.0,70,70,443.05,70.0,1,-0.1788,-0.1025,36.8,145.6,280.01,Potential Loyalists,"Offer bundle discounts, volume incentives, brand engagement newsletters."
16405,2011-02-02 17:08:00,2011-02-10 15:24:00,2,187,167.25,3,0.0,0.0,0.0,302,310,83.62,8.0,1,-0.3492,0.1219,98.0,0.51,0.98,Hibernating / Inactive,"Automated reactivation campaign, steep 20% discount offer, clearance alerts."
16406,2011-11-21 11:57:00,2011-11-21 11:57:00,1,116,154.35,54,0.0,0.0,0.0,19,19,154.35,19.0,2,-0.0254,-0.3004,25.5,59.8,114.99,Promising New,"Welcome discount on 2nd purchase, onboarding email journey, product tips."
16407,2011-01-31 14:02:00,2011-11-27 11:05:00,10,1093,2079.68,99,0.0,0.0,0.0,13,312,207.97,33.2,0,0.4288,0.1458,15.4,267.58,514.58,Champions (VIP),"Exclusive VIP preview, concierge service, high-tier loyalty gifts."
16409,2011-01-26 14:51:00,2011-11-03 16:45:00,5,1304,2022.98,145,0.0,0.0,0.0,36,317,404.6,70.2,3,0.1713,0.1274,22.1,235.89,453.64,Loyal Customers,"Cross-sell premium categories, early bird access, referral incentives."
16411,2010-12-05 13:26:00,2011-11-20 13:23:00,2,131,211.7,41,0.0,0.0,0.0,19,369,105.85,350.0,2,0.0602,-0.1969,13.2,23.63,45.44,Promising New,"Welcome discount on 2nd purchase, onboarding email journey, product tips."
16412,2011-10-17 12:35:00,2011-10-17 12:35:00,1,63,135.99,25,0.0,0.0,0.0,54,54,135.99,54.0,2,-0.1791,-0.1834,33.3,47.17,90.71,Low Value Occasional,Target with low-barrier impulse buys and seasonal holiday campaigns.
16413,2011-10-14 12:08:00,2011-10-14 12:08:00,1,148,262.2,30,0.0,0.0,0.0,57,57,262.2,57.0,2,-0.1658,-0.1492,33.9,90.12,173.31,Low Value Occasional,Target with low-barrier impulse buys and seasonal holiday campaigns.
16414,2011-03-04 13:27:00,2011-11-18 09:42:00,2,27,126.25,5,0.0,0.0,0.0,22,280,63.12,258.0,2,0.023,-0.2018,14.2,18.36,35.3,Promising New,"Welcome discount on 2nd purchase, onboarding email journey, product tips."
16415,2011-10-26 13:35:00,2011-10-26 13:35:00,1,178,200.27,45,0.0,0.0,0.0,44,44,200.27,44.0,2,-0.137,-0.1913,31.0,71.86,138.19,Promising New,"Welcome discount on 2nd purchase, onboarding email journey, product tips."
16416,2011-10-14 13:35:00,2011-11-13 12:50:00,3,672,1051.4,59,1.0,17.0,25.0,26,56,350.47,15.0,3,0.1212,-0.0286,40.0,328.04,630.85,Loyal Customers,"Cross-sell premium categories, early bird access, referral incentives."
16418,2011-04-27 16:54:00,2011-10-26 12:39:00,3,280,631.12,76,0.0,0.0,0.0,45,226,210.37,90.5,3,0.0259,0.0141,23.9,100.84,193.92,Potential Loyalists,"Offer bundle discounts, volume incentives, brand engagement newsletters."
16419,2011-02-01 12:25:00,2011-08-19 12:33:00,6,428,958.71,36,1.0,1.0,14.29,113,312,159.78,39.8,3,0.0095,0.2661,75.1,36.3,69.82,Potential Loyalists,"Offer bundle discounts, volume incentives, brand engagement newsletters."
16423,2011-11-15 09:21:00,2011-11-15 09:21:00,1,230,346.12,18,0.0,0.0,0.0,25,25,346.12,25.0,2,-0.0382,-0.2345,26.8,131.75,253.36,Promising New,"Welcome discount on 2nd purchase, onboarding email journey, product tips."
16424,2011-06-01 13:40:00,2011-06-01 13:40:00,1,88,133.56,5,1.0,6.0,50.0,191,191,133.56,191.0,1,-0.3645,-0.0329,61.3,12.84,24.69,Hibernating / Inactive,"Automated reactivation campaign, steep 20% discount offer, clearance alerts."
16425,2011-02-10 14:30:00,2011-02-10 14:30:00,1,199,302.7,21,0.0,0.0,0.0,302,302,302.7,302.0,1,-0.4056,0.0569,61.3,18.41,35.4,Hibernating / Inactive,"Automated reactivation campaign, steep 20% discount offer, clearance alerts."
16426,2011-03-08 15:45:00,2011-12-07 14:01:00,10,1215,1863.76,211,0.0,0.0,0.0,2,276,186.38,30.4,0,0.6529,-0.0452,9.5,289.98,557.66,Champions (VIP),"Exclusive VIP preview, concierge service, high-tier loyalty gifts."
16427,2011-02-28 15:18:00,2011-03-21 17:10:00,2,156,241.06,8,0.0,0.0,0.0,263,284,120.53,21.0,1,-0.317,0.1207,98.0,0.81,1.55,Hibernating / Inactive,"Automated reactivation campaign, steep 20% discount offer, clearance alerts."
16429,2011-08-25 13:54:00,2011-08-25 13:54:00,1,9,284.55,2,0.0,0.0,0.0,106,106,284.55,106.0,1,-0.2537,-0.0717,44.8,70.31,135.21,Low Value Occasional,Target with low-barrier impulse buys and seasonal holiday campaigns.
16430,2011-10-13 14:47:00,2011-10-13 14:47:00,1,103,300.85,6,0.0,0.0,0.0,57,57,300.85,57.0,2,-0.1614,-0.1434,33.9,103.41,198.86,Low Value Occasional,Target with low-barrier impulse buys and seasonal holiday campaigns.
16431,2011-02-15 14:02:00,2011-05-10 14:09:00,3,442,623.28,51,0.0,0.0,0.0,213,297,207.76,42.0,1,-0.2018,0.1996,98.0,1.99,3.83,Hibernating / Inactive,"Automated reactivation campaign, steep 20% discount offer, clearance alerts."
16432,2011-10-06 13:59:00,2011-10-06 13:59:00,1,276,287.4,8,0.0,0.0,0.0,64,64,287.4,64.0,2,-0.1797,-0.1315,35.5,96.39,185.37,Low Value Occasional,Target with low-barrier impulse buys and seasonal holiday campaigns.
16433,2011-11-11 14:09:00,2011-11-11 14:09:00,1,106,184.26,17,0.0,0.0,0.0,28,28,184.26,28.0,2,-0.0747,-0.248,27.5,69.47,133.59,Promising New,"Welcome discount on 2nd purchase, onboarding email journey, product tips."
16434,2011-02-13 12:17:00,2011-11-10 14:28:00,7,760,1511.8,88,0.0,0.0,0.0,29,300,215.97,45.2,3,0.2464,0.1537,22.2,186.03,357.75,Champions (VIP),"Exclusive VIP preview, concierge service, high-tier loyalty gifts."
16438,2011-09-18 13:31:00,2011-12-04 10:51:00,5,463,798.35,74,0.0,0.0,0.0,6,82,159.67,19.0,0,0.3874,-0.1135,13.0,361.17,694.56,Loyal Customers,"Cross-sell premium categories, early bird access, referral incentives."
16440,2011-05-09 12:25:00,2011-12-02 12:02:00,5,2018,3640.67,186,0.0,0.0,0.0,8,215,728.13,51.8,0,0.3993,-0.0186,11.7,709.48,1364.38,Champions (VIP),"Exclusive VIP preview, concierge service, high-tier loyalty gifts."
16441,2011-02-21 17:35:00,2011-10-03 17:48:00,2,173,381.2,22,0.0,0.0,0.0,67,291,190.6,224.0,2,-0.1017,-0.0239,26.4,45.75,87.98,Low Value Occasional,Target with low-barrier impulse buys and seasonal holiday campaigns.
16442,2010-12-14 10:46:00,2011-12-08 11:43:00,3,443,609.3,161,0.0,0.0,0.0,2,361,203.1,179.5,0,0.4284,-0.3176,9.1,72.8,140.0,Potential Loyalists,"Offer bundle discounts, volume incentives, brand engagement newsletters."
16444,2011-03-20 12:14:00,2011-10-24 13:50:00,4,407,654.67,68,1.0,2.0,20.0,46,265,163.67,73.0,3,0.0655,0.0679,25.8,86.98,167.27,Potential Loyalists,"Offer bundle discounts, volume incentives, brand engagement newsletters."
16445,2011-11-06 12:32:00,2011-11-06 12:32:00,1,111,230.51,62,0.0,0.0,0.0,34,34,230.51,34.0,2,-0.0953,-0.2158,28.8,85.34,164.12,Promising New,"Welcome discount on 2nd purchase, onboarding email journey, product tips."
16447,2011-07-27 12:45:00,2011-07-27 12:45:00,1,221,255.91,34,0.0,0.0,0.0,136,136,255.91,136.0,1,-0.2937,-0.0462,51.5,43.3,83.28,Low Value Occasional,Target with low-barrier impulse buys and seasonal holiday campaigns.
16448,2011-05-25 16:28:00,2011-05-25 16:28:00,1,76,182.99,19,0.0,0.0,0.0,198,198,182.99,198.0,1,-0.3596,-0.0153,61.3,16.97,32.64,Hibernating / Inactive,"Automated reactivation campaign, steep 20% discount offer, clearance alerts."
16449,2011-03-04 12:15:00,2011-05-26 10:25:00,2,367,707.69,40,1.0,8.0,33.33,198,281,353.84,83.0,1,-0.2405,0.1322,84.6,18.4,35.39,Hibernating / Inactive,"Automated reactivation campaign, steep 20% discount offer, clearance alerts."
16450,2011-07-13 11:47:00,2011-07-13 11:47:00,1,200,311.92,11,0.0,0.0,0.0,150,150,311.92,150.0,1,-0.3017,-0.0261,54.6,44.8,86.15,Low Value Occasional,Target with low-barrier impulse buys and seasonal holiday campaigns.
16451,2011-09-13 09:17:00,2011-09-13 09:17:00,1,120,266.97,14,0.0,0.0,0.0,88,88,266.97,88.0,1,-0.2285,-0.0966,40.8,82.18,158.05,Low Value Occasional,Target with low-barrier impulse buys and seasonal holiday campaigns.
16454,2011-10-06 16:57:00,2011-10-26 11:40:00,2,3,6.9,2,1.0,1.0,33.33,45,64,3.45,19.0,2,-0.1694,-0.2361,54.4,1.64,3.15,Promising New,"Welcome discount on 2nd purchase, onboarding email journey, product tips."
16455,2010-12-03 16:44:00,2011-10-07 12:17:00,7,988,1841.18,69,0.0,0.0,0.0,64,371,263.03,51.2,3,0.1385,0.2556,39.8,141.76,272.62,Potential Loyalists,"Offer bundle discounts, volume incentives, brand engagement newsletters."
16456,2010-12-01 14:11:00,2011-09-01 13:50:00,5,1147,2158.18,80,0.0,0.0,0.0,99,373,431.64,68.5,3,0.0264,0.2505,51.0,134.53,258.71,Potential Loyalists,"Offer bundle discounts, volume incentives, brand engagement newsletters."
16457,2011-05-05 13:19:00,2011-05-05 13:19:00,1,140,208.36,9,0.0,0.0,0.0,218,218,208.36,218.0,1,-0.3696,0.0018,61.3,17.55,33.75,Hibernating / Inactive,"Automated reactivation campaign, steep 20% discount offer, clearance alerts."
16458,2010-12-14 11:51:00,2011-12-07 09:34:00,18,2154,3482.74,52,0.0,0.0,0.0,3,361,193.49,21.1,0,0.7324,0.1377,10.5,409.72,787.92,Champions (VIP),"Exclusive VIP preview, concierge service, high-tier loyalty gifts."
16460,2011-09-19 10:15:00,2011-11-11 13:46:00,3,876,811.23,128,0.0,0.0,0.0,28,82,270.41,27.0,3,0.1022,-0.031,28.1,303.3,583.27,Loyal Customers,"Cross-sell premium categories, early bird access, referral incentives."
16461,2011-06-15 12:07:00,2011-06-15 12:07:00,1,48,142.92,31,0.0,0.0,0.0,178,178,142.92,178.0,1,-0.3519,-0.0385,60.8,14.93,28.72,Hibernating / Inactive,"Automated reactivation campaign, steep 20% discount offer, clearance alerts."
16462,2011-03-01 08:58:00,2011-09-27 10:24:00,3,16,136.0,1,1.0,4.0,25.0,74,284,45.33,105.0,1,-0.0958,0.0083,33.1,15.2,29.23,Low Value Occasional,Target with low-barrier impulse buys and seasonal holiday campaigns.
16463,2011-05-19 14:45:00,2011-11-18 14:01:00,4,1163,1422.4,74,3.0,28.0,42.86,21,204,355.6,61.0,3,0.2028,0.009,16.7,275.6,529.99,Loyal Customers,"Cross-sell premium categories, early bird access, referral incentives."
16464,2011-07-20 13:53:00,2011-11-20 12:11:00,3,952,1298.66,152,0.0,0.0,0.0,20,142,432.89,61.0,3,0.1651,-0.0501,16.3,363.22,698.5,Loyal Customers,"Cross-sell premium categories, early bird access, referral incentives."
16466,2011-02-20 11:39:00,2011-11-06 11:35:00,7,785,1595.96,103,0.0,0.0,0.0,34,293,227.99,43.2,3,0.2254,0.1746,25.5,192.55,370.28,Loyal Customers,"Cross-sell premium categories, early bird access, referral incentives."
16468,2011-09-26 14:13:00,2011-09-26 14:13:00,1,31,74.9,2,0.0,0.0,0.0,74,74,74.9,74.0,1,-0.244,-0.171,37.7,24.26,46.66,Low Value Occasional,Target with low-barrier impulse buys and seasonal holiday campaigns.
16469,2011-04-07 13:11:00,2011-11-16 12:25:00,4,260,625.42,148,0.0,0.0,0.0,24,246,156.35,74.0,3,0.1573,-0.0104,17.1,100.0,192.31,Potential Loyalists,"Offer bundle discounts, volume incentives, brand engagement newsletters."
16470,2010-12-16 11:53:00,2011-10-19 12:11:00,4,522,752.77,120,1.0,1.0,20.0,52,359,188.19,102.3,3,0.0522,0.0884,25.6,74.02,142.35,Loyal Customers,"Cross-sell premium categories, early bird access, referral incentives."
16471,2011-03-10 09:41:00,2011-03-10 09:41:00,1,141,223.95,13,0.0,0.0,0.0,275,275,223.95,275.0,1,-0.4015,0.0328,61.3,14.95,28.76,Hibernating / Inactive,"Automated reactivation campaign, steep 20% discount offer, clearance alerts."
16473,2011-01-07 10:55:00,2011-06-28 09:10:00,3,196,316.11,18,1.0,1.0,25.0,165,337,105.37,86.0,1,-0.1861,0.1401,74.0,11.57,22.25,Hibernating / Inactive,"Automated reactivation campaign, steep 20% discount offer, clearance alerts."
16474,2011-07-17 14:51:00,2011-12-02 13:02:00,7,909,1810.65,237,4.0,25.0,36.36,7,145,258.66,23.0,0,0.4477,0.0014,13.1,514.89,990.18,Champions (VIP),"Exclusive VIP preview, concierge service, high-tier loyalty gifts."
16475,2011-03-11 09:39:00,2011-09-12 14:37:00,4,319,544.3,23,0.0,0.0,0.0,88,274,136.07,62.0,3,-0.0349,0.1373,48.1,48.92,94.07,Potential Loyalists,"Offer bundle discounts, volume incentives, brand engagement newsletters."
16477,2010-12-03 12:48:00,2011-10-07 09:44:00,7,1415,2494.46,111,0.0,0.0,0.0,64,372,356.35,51.3,3,0.1483,0.2685,39.7,191.86,368.96,Potential Loyalists,"Offer bundle discounts, volume incentives, brand engagement newsletters."
16478,2011-10-05 12:02:00,2011-11-14 15:51:00,3,224,331.0,15,0.0,0.0,0.0,25,66,110.33,20.5,2,0.0894,-0.0823,30.6,119.45,229.71,Low Value Occasional,Target with low-barrier impulse buys and seasonal holiday campaigns.
16479,2011-11-29 13:04:00,2011-11-29 13:40:00,2,102,300.83,35,0.0,0.0,0.0,10,10,150.42,0.0,2,0.1599,-0.2543,19.0,126.71,243.68,Promising New,"Welcome discount on 2nd purchase, onboarding email journey, product tips."
16480,2011-09-25 11:40:00,2011-09-25 11:40:00,1,455,769.29,51,0.0,0.0,0.0,76,76,769.29,76.0,1,-0.173,-0.0693,38.1,247.62,476.19,Potential Loyalists,"Offer bundle discounts, volume incentives, brand engagement newsletters."
16482,2011-11-24 12:33:00,2011-11-24 12:33:00,1,346,220.62,18,0.0,0.0,0.0,16,16,220.62,16.0,2,0.0101,-0.305,24.8,86.27,165.91,Promising New,"Welcome discount on 2nd purchase, onboarding email journey, product tips."
16483,2011-05-31 13:08:00,2011-05-31 13:08:00,1,44,139.35,19,0.0,0.0,0.0,192,192,139.35,192.0,1,-0.3639,-0.0305,61.3,13.33,25.63,Hibernating / Inactive,"Automated reactivation campaign, steep 20% discount offer, clearance alerts."
16484,2011-06-02 10:39:00,2011-06-19 12:06:00,2,200,404.3,25,1.0,6.0,33.33,174,191,202.15,17.0,1,-0.2396,0.0929,98.0,2.01,3.86,Hibernating / Inactive,"Automated reactivation campaign, steep 20% discount offer, clearance alerts."
16485,2011-09-23 15:50:00,2011-09-23 15:50:00,1,235,363.65,41,0.0,0.0,0.0,77,77,363.65,77.0,1,-0.1991,-0.0995,38.4,116.48,224.01,Low Value Occasional,Target with low-barrier impulse buys and seasonal holiday campaigns.
16488,2011-07-14 11:46:00,2011-11-06 13:42:00,3,728,498.8,28,1.0,4.0,25.0,33,149,166.27,58.0,2,0.063,-0.0324,22.1,123.74,237.97,Potential Loyalists,"Offer bundle discounts, volume incentives, brand engagement newsletters."
16491,2011-10-24 10:18:00,2011-10-24 10:18:00,1,478,731.5,39,0.0,0.0,0.0,47,47,731.5,47.0,2,-0.1047,-0.1286,31.7,259.8,499.61,Loyal Customers,"Cross-sell premium categories, early bird access, referral incentives."
16493,2011-01-14 08:16:00,2011-09-21 11:10:00,4,1164,1351.63,40,2.0,51.0,33.33,80,330,337.91,83.3,3,0.0084,0.1645,38.4,119.72,230.23,Potential Loyalists,"Offer bundle discounts, volume incentives, brand engagement newsletters."
16494,2011-02-16 12:49:00,2011-02-16 12:49:00,1,675,826.53,47,0.0,0.0,0.0,297,297,826.53,297.0,1,-0.3707,0.0975,61.3,51.1,98.28,Hibernating / Inactive,"Automated reactivation campaign, steep 20% discount offer, clearance alerts."
16495,2011-03-08 16:38:00,2011-12-06 13:20:00,3,328,648.26,78,0.0,0.0,0.0,3,276,216.09,136.5,0,0.3879,-0.2802,9.4,100.97,194.18,Potential Loyalists,"Offer bundle discounts, volume incentives, brand engagement newsletters."
16496,2011-01-27 09:42:00,2011-12-01 10:31:00,3,1111,1599.52,92,1.0,20.0,25.0,9,317,533.17,154.0,0,0.2816,-0.131,11.0,213.09,409.78,Champions (VIP),"Exclusive VIP preview, concierge service, high-tier loyalty gifts."
16497,2011-01-10 13:20:00,2011-10-21 10:55:00,6,1396,2965.69,128,0.0,0.0,0.0,50,333,494.28,56.6,3,0.1649,0.2168,30.5,293.7,564.8,Loyal Customers,"Cross-sell premium categories, early bird access, referral incentives."
16498,2011-06-30 19:52:00,2011-07-01 15:07:00,2,45,100.97,15,1.0,3.0,33.33,161,162,50.48,1.0,1,-0.2728,0.0249,95.8,1.24,2.39,Hibernating / Inactive,"Automated reactivation campaign, steep 20% discount offer, clearance alerts."
16499,2010-12-10 10:27:00,2010-12-14 13:31:00,2,127,365.45,18,3.0,5.0,60.0,360,365,182.72,5.0,1,-0.3499,0.1762,98.0,0.95,1.83,Hibernating / Inactive,"Automated reactivation campaign, steep 20% discount offer, clearance alerts."
16500,2011-01-13 10:28:00,2011-12-05 12:04:00,6,123,400.86,8,0.0,0.0,0.0,5,331,66.81,65.2,0,0.4167,-0.1271,10.3,51.55,99.13,Potential Loyalists,"Offer bundle discounts, volume incentives, brand engagement newsletters."
16503,2010-12-14 13:50:00,2011-08-25 11:46:00,4,569,1431.93,71,1.0,2.0,20.0,107,360,357.98,84.3,3,-0.0322,0.2018,49.7,94.93,182.56,Potential Loyalists,"Offer bundle discounts, volume incentives, brand engagement newsletters."
16504,2011-11-14 15:18:00,2011-11-14 15:18:00,1,510,465.88,76,0.0,0.0,0.0,25,25,465.88,25.0,2,-0.0287,-0.2219,26.8,177.33,341.02,Promising New,"Welcome discount on 2nd purchase, onboarding email journey, product tips."
16505,2011-11-08 12:14:00,2011-11-08 12:14:00,1,576,777.6,4,0.0,0.0,0.0,32,32,777.6,32.0,2,-0.0474,-0.1713,28.4,289.52,556.76,Loyal Customers,"Cross-sell premium categories, early bird access, referral incentives."
16506,2011-10-30 15:50:00,2011-11-20 12:17:00,2,42,90.3,3,0.0,0.0,0.0,20,40,45.15,20.0,2,0.0257,-0.227,25.7,34.89,67.09,Promising New,"Welcome discount on 2nd purchase, onboarding email journey, product tips."
16509,2011-02-16 09:25:00,2011-02-16 09:25:00,1,64,363.7,13,0.0,0.0,0.0,297,297,363.7,297.0,1,-0.3972,0.0627,61.3,22.49,43.24,Hibernating / Inactive,"Automated reactivation campaign, steep 20% discount offer, clearance alerts."
16510,2010-12-02 13:39:00,2010-12-02 13:39:00,1,92,248.1,13,0.0,0.0,0.0,372,372,248.1,372.0,1,-0.4427,0.0736,61.3,12.25,23.55,Hibernating / Inactive,"Automated reactivation campaign, steep 20% discount offer, clearance alerts."
16511,2011-03-18 11:24:00,2011-11-18 10:41:00,3,405,918.33,135,0.0,0.0,0.0,22,267,306.11,122.5,2,0.1405,-0.0538,15.1,138.56,266.46,Loyal Customers,"Cross-sell premium categories, early bird access, referral incentives."
16513,2011-10-27 14:56:00,2011-12-05 10:18:00,4,407,874.59,33,0.0,0.0,0.0,5,43,218.65,12.7,0,0.3792,-0.1688,13.3,394.3,758.28,Loyal Customers,"Cross-sell premium categories, early bird access, referral incentives."
16515,2011-02-01 13:09:00,2011-10-18 13:10:00,5,826,1624.14,89,0.0,0.0,0.0,52,311,324.83,64.8,3,0.111,0.1616,29.7,174.2,335.01,Loyal Customers,"Cross-sell premium categories, early bird access, referral incentives."
16516,2011-11-09 14:59:00,2011-11-09 14:59:00,1,58,101.7,6,0.0,0.0,0.0,30,30,101.7,30.0,2,-0.1036,-0.265,27.9,38.13,73.33,Promising New,"Welcome discount on 2nd purchase, onboarding email journey, product tips."
16517,2011-03-07 13:50:00,2011-03-07 13:50:00,1,96,162.7,17,0.0,0.0,0.0,277,277,162.7,277.0,1,-0.4129,0.0202,61.3,10.79,20.74,Hibernating / Inactive,"Automated reactivation campaign, steep 20% discount offer, clearance alerts."
16518,2011-02-28 16:36:00,2011-10-09 15:04:00,2,327,484.32,36,1.0,2.0,33.33,61,284,242.16,223.0,2,-0.0803,-0.025,24.8,60.85,117.02,Potential Loyalists,"Offer bundle discounts, volume incentives, brand engagement newsletters."
16519,2010-12-09 14:08:00,2011-11-14 15:41:00,2,54,215.08,13,0.0,0.0,0.0,25,365,107.54,340.0,2,0.022,-0.1645,14.7,23.85,45.87,Promising New,"Welcome discount on 2nd purchase, onboarding email journey, product tips."
16520,2010-12-09 13:08:00,2011-06-06 13:24:00,3,558,1046.57,129,1.0,1.0,25.0,186,365,348.86,89.5,1,-0.1651,0.2053,80.0,27.21,52.33,At-Risk High Spenders,"High-priority win-back promotion, dedicated account check-in, special survey."
16526,2011-06-21 12:02:00,2011-06-21 12:02:00,1,106,290.36,15,0.0,0.0,0.0,172,172,290.36,172.0,1,-0.3241,-0.0127,59.5,32.44,62.39,Hibernating / Inactive,"Automated reactivation campaign, steep 20% discount offer, clearance alerts."
16527,2011-09-19 16:21:00,2011-09-19 16:21:00,1,106,228.06,14,0.0,0.0,0.0,81,81,228.06,81.0,1,-0.2215,-0.1132,39.3,71.98,138.43,Low Value Occasional,Target with low-barrier impulse buys and seasonal holiday campaigns.
16528,2011-12-06 12:45:00,2011-12-06 12:45:00,1,171,244.41,17,0.0,0.0,0.0,4,4,244.41,4.0,2,0.1943,-0.4487,12.2,111.59,214.59,Promising New,"Welcome discount on 2nd purchase, onboarding email journey, product tips."
16529,2011-06-02 17:23:00,2011-06-02 17:23:00,1,198,455.25,30,0.0,0.0,0.0,190,190,455.25,190.0,1,-0.3242,0.0184,61.3,44.0,84.61,Hibernating / Inactive,"Automated reactivation campaign, steep 20% discount offer, clearance alerts."
16531,2010-12-14 13:19:00,2011-11-17 16:29:00,7,915,1244.59,68,0.0,0.0,0.0,22,360,177.8,56.3,3,0.2794,0.1133,17.4,135.5,260.58,Loyal Customers,"Cross-sell premium categories, early bird access, referral incentives."
16532,2011-01-05 12:37:00,2011-11-22 11:08:00,3,2016,6748.8,2,0.0,0.0,0.0,18,339,2249.6,160.5,3,0.2332,0.0079,13.5,817.11,1571.36,Champions (VIP),"Exclusive VIP preview, concierge service, high-tier loyalty gifts."
16533,2011-10-02 15:07:00,2011-11-20 13:08:00,3,611,1082.81,112,2.0,98.0,40.0,19,68,360.94,24.5,2,0.1665,-0.0637,21.9,439.75,845.68,Loyal Customers,"Cross-sell premium categories, early bird access, referral incentives."
16535,2011-12-04 15:18:00,2011-12-04 15:18:00,1,356,593.75,31,0.0,0.0,0.0,5,5,593.75,5.0,2,0.196,-0.389,13.3,267.69,514.78,Promising New,"Welcome discount on 2nd purchase, onboarding email journey, product tips."
16536,2011-08-21 15:54:00,2011-08-21 15:54:00,1,250,548.12,49,1.0,1.0,50.0,110,110,548.12,110.0,1,-0.238,-0.0394,45.7,128.39,246.9,Potential Loyalists,"Offer bundle discounts, volume incentives, brand engagement newsletters."
16539,2010-12-01 15:40:00,2011-12-07 08:41:00,4,477,1388.81,36,0.0,0.0,0.0,3,373,347.2,123.3,0,0.454,-0.1982,9.4,160.06,307.82,Loyal Customers,"Cross-sell premium categories, early bird access, referral incentives."
16542,2011-10-17 10:47:00,2011-10-17 10:47:00,1,46,119.62,5,0.0,0.0,0.0,54,54,119.62,54.0,2,-0.1832,-0.1888,33.3,41.49,79.79,Low Value Occasional,Target with low-barrier impulse buys and seasonal holiday campaigns.
16545,2011-06-28 10:37:00,2011-06-28 10:37:00,1,78,339.3,3,0.0,0.0,0.0,165,165,339.3,165.0,1,-0.313,-0.0111,57.9,41.08,79.0,Hibernating / Inactive,"Automated reactivation campaign, steep 20% discount offer, clearance alerts."
16546,2010-12-02 12:07:00,2011-02-22 11:20:00,2,549,787.15,25,1.0,852.0,33.33,291,373,393.58,82.0,1,-0.2938,0.1831,95.3,4.71,9.05,Hibernating / Inactive,"Automated reactivation campaign, steep 20% discount offer, clearance alerts."
16549,2011-01-09 14:03:00,2011-11-29 15:06:00,10,2294,4034.9,445,0.0,0.0,0.0,10,334,403.49,36.0,0,0.4858,0.1448,13.5,495.84,953.53,Champions (VIP),"Exclusive VIP preview, concierge service, high-tier loyalty gifts."
16550,2010-12-06 13:53:00,2011-08-23 11:12:00,5,1540,2298.97,162,4.0,14.0,44.44,109,368,459.79,64.8,3,0.0143,0.2647,57.5,125.98,242.27,Potential Loyalists,"Offer bundle discounts, volume incentives, brand engagement newsletters."
16551,2011-01-07 10:24:00,2011-09-05 09:38:00,3,970,922.12,26,0.0,0.0,0.0,96,337,307.37,120.5,3,-0.0721,0.1205,39.4,78.68,151.31,Potential Loyalists,"Offer bundle discounts, volume incentives, brand engagement newsletters."
16552,2010-12-01 12:36:00,2011-04-11 10:04:00,2,219,379.73,17,0.0,0.0,0.0,243,374,189.86,131.0,1,-0.2907,0.1305,76.3,11.42,21.96,Hibernating / Inactive,"Automated reactivation campaign, steep 20% discount offer, clearance alerts."
16553,2010-12-14 13:58:00,2011-06-29 15:42:00,12,4600,5719.82,62,2.0,5.0,14.29,163,360,476.65,17.9,3,0.1288,0.5237,96.2,28.65,55.09,At-Risk High Spenders,"High-priority win-back promotion, dedicated account check-in, special survey."
16554,2011-01-12 12:41:00,2011-10-28 14:51:00,3,402,837.1,51,4.0,91.0,57.14,42,332,279.03,145.0,3,0.045,0.018,20.7,94.87,182.45,Loyal Customers,"Cross-sell premium categories, early bird access, referral incentives."
16555,2011-08-22 12:32:00,2011-11-04 14:31:00,2,175,285.89,15,0.0,0.0,0.0,35,110,142.94,75.0,2,-0.017,-0.1131,21.2,97.17,186.87,Promising New,"Welcome discount on 2nd purchase, onboarding email journey, product tips."
16556,2010-12-14 13:32:00,2011-10-04 11:36:00,7,1890,3313.79,144,0.0,0.0,0.0,67,360,473.4,48.8,3,0.1508,0.286,42.6,250.71,482.13,Potential Loyalists,"Offer bundle discounts, volume incentives, brand engagement newsletters."
16557,2011-07-25 13:28:00,2011-11-15 14:04:00,2,111,281.85,11,0.0,0.0,0.0,24,137,140.93,113.0,2,0.0365,-0.1578,15.9,82.1,157.89,Promising New,"Welcome discount on 2nd purchase, onboarding email journey, product tips."
16560,2010-12-16 14:36:00,2011-11-13 10:35:00,2,500,841.41,52,1.0,6.0,33.33,27,358,420.7,331.0,2,0.055,-0.0977,15.3,94.46,181.65,Loyal Customers,"Cross-sell premium categories, early bird access, referral incentives."
16561,2011-10-11 09:53:00,2011-12-04 11:50:00,2,244,511.12,29,0.0,0.0,0.0,6,60,255.56,54.0,2,0.2439,-0.2865,10.9,236.81,455.41,Promising New,"Welcome discount on 2nd purchase, onboarding email journey, product tips."
16563,2011-10-17 11:51:00,2011-10-17 11:51:00,1,486,1077.74,19,0.0,0.0,0.0,54,54,1077.74,54.0,2,-0.1123,-0.0957,33.3,373.8,718.85,Loyal Customers,"Cross-sell premium categories, early bird access, referral incentives."
16565,2010-12-10 15:21:00,2010-12-10 15:21:00,1,46,173.7,3,0.0,0.0,0.0,364,364,173.7,364.0,1,-0.451,0.0559,61.3,8.76,16.85,Hibernating / Inactive,"Automated reactivation campaign, steep 20% discount offer, clearance alerts."
16566,2011-02-20 10:29:00,2011-11-24 16:34:00,5,362,614.66,14,1.0,1.0,16.67,15,293,122.93,69.5,0,0.2567,-0.0246,13.9,85.7,164.81,Potential Loyalists,"Offer bundle discounts, volume incentives, brand engagement newsletters."
16567,2011-01-07 09:31:00,2011-05-29 13:57:00,2,996,865.6,34,0.0,0.0,0.0,194,337,432.8,143.0,1,-0.231,0.1383,67.4,39.73,76.41,Hibernating / Inactive,"Automated reactivation campaign, steep 20% discount offer, clearance alerts."
16569,2011-12-06 15:32:00,2011-12-06 15:32:00,1,93,124.2,5,0.0,0.0,0.0,3,3,124.2,3.0,2,0.2055,-0.5043,11.2,57.35,110.29,Promising New,"Welcome discount on 2nd purchase, onboarding email journey, product tips."
16570,2011-02-01 10:37:00,2011-11-24 17:02:00,10,2112,3738.4,68,5.0,62.0,33.33,15,312,373.84,33.0,0,0.428,0.1869,16.6,474.17,911.86,Champions (VIP),"Exclusive VIP preview, concierge service, high-tier loyalty gifts."
16571,2011-03-03 09:41:00,2011-11-13 11:46:00,3,1239,1421.69,73,2.0,63.0,40.0,27,282,473.9,127.5,3,0.1255,-0.0114,16.5,199.75,384.13,Loyal Customers,"Cross-sell premium categories, early bird access, referral incentives."
16572,2011-03-09 12:04:00,2011-08-04 16:34:00,3,532,1009.6,40,1.0,2.0,25.0,127,276,336.53,74.5,3,-0.1102,0.1579,61.9,66.13,127.17,At-Risk High Spenders,"High-priority win-back promotion, dedicated account check-in, special survey."
16573,2011-02-22 15:14:00,2011-09-16 09:13:00,2,360,663.61,40,2.0,6.0,50.0,85,290,331.8,205.0,1,-0.1186,0.028,31.7,74.16,142.61,Potential Loyalists,"Offer bundle discounts, volume incentives, brand engagement newsletters."
16574,2011-09-29 13:39:00,2011-09-29 13:39:00,1,416,451.44,28,0.0,0.0,0.0,71,71,451.44,71.0,1,-0.1803,-0.1,37.0,147.89,284.41,Potential Loyalists,"Offer bundle discounts, volume incentives, brand engagement newsletters."
16581,2011-06-10 10:05:00,2011-06-10 10:05:00,1,134,105.84,9,1.0,12.0,50.0,183,183,105.84,183.0,1,-0.3656,-0.0479,61.3,10.62,20.42,Hibernating / Inactive,"Automated reactivation campaign, steep 20% discount offer, clearance alerts."
16582,2011-08-18 17:02:00,2011-08-18 17:02:00,1,164,313.62,6,0.0,0.0,0.0,113,113,313.62,113.0,1,-0.2599,-0.0599,46.4,70.59,135.74,Low Value Occasional,Target with low-barrier impulse buys and seasonal holiday campaigns.
16583,2010-12-01 12:03:00,2010-12-01 12:03:00,1,111,233.45,14,0.0,0.0,0.0,374,374,233.45,374.0,1,-0.4455,0.0717,61.3,11.46,22.04,Hibernating / Inactive,"Automated reactivation campaign, steep 20% discount offer, clearance alerts."
16584,2011-03-30 13:14:00,2011-09-20 13:45:00,2,646,936.08,25,1.0,11.0,33.33,80,254,468.04,174.0,1,-0.0986,0.0354,31.2,120.31,231.37,Potential Loyalists,"Offer bundle discounts, volume incentives, brand engagement newsletters."
16586,2011-04-05 09:32:00,2011-04-05 09:32:00,1,95,463.95,8,0.0,0.0,0.0,249,249,463.95,249.0,1,-0.3634,0.0517,61.3,34.22,65.8,Hibernating / Inactive,"Automated reactivation campaign, steep 20% discount offer, clearance alerts."
16587,2011-04-21 15:51:00,2011-04-21 15:51:00,1,71,225.15,13,0.0,0.0,0.0,232,232,225.15,232.0,1,-0.3763,0.0126,61.3,17.82,34.27,Hibernating / Inactive,"Automated reactivation campaign, steep 20% discount offer, clearance alerts."
16589,2011-07-01 13:31:00,2011-09-29 14:50:00,3,368,459.24,31,0.0,0.0,0.0,71,161,153.08,45.0,3,-0.0506,0.0548,47.2,71.46,137.43,Potential Loyalists,"Offer bundle discounts, volume incentives, brand engagement newsletters."
16591,2011-10-02 10:43:00,2011-10-02 10:43:00,1,41,213.5,10,0.0,0.0,0.0,69,69,213.5,69.0,1,-0.2002,-0.1351,36.6,70.39,135.36,Low Value Occasional,Target with low-barrier impulse buys and seasonal holiday campaigns.
16592,2011-02-25 10:19:00,2011-12-05 13:49:00,16,2927,4113.68,142,3.0,13.0,15.79,4,288,257.1,18.9,0,0.6841,0.1471,11.4,600.48,1154.77,Champions (VIP),"Exclusive VIP preview, concierge service, high-tier loyalty gifts."
16593,2011-01-16 12:11:00,2011-10-20 12:41:00,3,116,330.03,24,0.0,0.0,0.0,51,328,110.01,138.5,3,-0.0131,0.0015,23.6,36.48,70.15,Low Value Occasional,Target with low-barrier impulse buys and seasonal holiday campaigns.
16594,2011-09-25 14:08:00,2011-09-25 14:08:00,1,64,181.09,53,0.0,0.0,0.0,75,75,181.09,75.0,1,-0.2177,-0.1322,37.9,58.48,112.46,Low Value Occasional,Target with low-barrier impulse buys and seasonal holiday campaigns.
16595,2011-10-09 13:15:00,2011-10-09 13:15:00,1,335,360.16,83,0.0,0.0,0.0,61,61,360.16,61.0,2,-0.1654,-0.1277,34.8,122.11,234.82,Low Value Occasional,Target with low-barrier impulse buys and seasonal holiday campaigns.
16596,2010-12-08 16:18:00,2011-11-24 10:02:00,2,97,250.15,12,0.0,0.0,0.0,16,366,125.08,350.0,2,0.0896,-0.2095,12.5,28.38,54.57,Promising New,"Welcome discount on 2nd purchase, onboarding email journey, product tips."
16597,2011-12-05 15:44:00,2011-12-05 15:44:00,1,184,90.04,7,0.0,0.0,0.0,4,4,90.04,4.0,2,0.1622,-0.4908,12.2,41.11,79.06,Promising New,"Welcome discount on 2nd purchase, onboarding email journey, product tips."
16598,2011-02-27 11:42:00,2011-02-27 11:42:00,1,73,145.05,10,1.0,3.0,50.0,286,286,145.05,286.0,1,-0.4212,0.0192,61.3,9.31,17.91,Hibernating / Inactive,"Automated reactivation campaign, steep 20% discount offer, clearance alerts."
16600,2011-01-05 12:13:00,2011-12-05 16:00:00,6,1145,813.52,50,0.0,0.0,0.0,4,339,135.59,67.0,0,0.4664,-0.1191,9.9,102.6,197.3,Loyal Customers,"Cross-sell premium categories, early bird access, referral incentives."
16601,2011-10-30 11:09:00,2011-10-30 11:09:00,1,133,242.7,29,0.0,0.0,0.0,41,41,242.7,41.0,2,-0.1206,-0.1915,30.4,87.84,168.92,Promising New,"Welcome discount on 2nd purchase, onboarding email journey, product tips."
16602,2011-11-03 15:54:00,2011-11-03 15:54:00,1,336,528.08,29,1.0,19.0,50.0,36,36,528.08,36.0,2,-0.0768,-0.1739,29.3,194.14,373.35,Promising New,"Welcome discount on 2nd purchase, onboarding email journey, product tips."
16603,2011-09-09 13:02:00,2011-09-26 10:06:00,2,480,482.47,34,0.0,0.0,0.0,75,91,241.24,16.0,1,-0.1106,-0.0005,75.4,61.72,118.69,Potential Loyalists,"Offer bundle discounts, volume incentives, brand engagement newsletters."
16607,2010-12-16 08:41:00,2011-11-22 10:24:00,14,2859,3347.71,140,2.0,37.0,12.5,18,359,239.12,26.2,0,0.4568,0.272,20.4,352.21,677.32,Champions (VIP),"Exclusive VIP preview, concierge service, high-tier loyalty gifts."
16609,2011-04-01 10:11:00,2011-11-24 13:32:00,7,2420,5493.46,155,2.0,10.0,22.22,15,253,784.78,39.7,0,0.3811,0.1324,15.7,868.54,1670.27,Champions (VIP),"Exclusive VIP preview, concierge service, high-tier loyalty gifts."
16610,2011-05-04 13:13:00,2011-05-04 13:13:00,1,66,75.66,6,0.0,0.0,0.0,219,219,75.66,219.0,1,-0.4028,-0.0404,61.3,6.34,12.2,Hibernating / Inactive,"Automated reactivation campaign, steep 20% discount offer, clearance alerts."
16611,2011-06-06 15:46:00,2011-06-06 15:46:00,1,47,129.49,9,1.0,1.0,50.0,186,186,129.49,186.0,1,-0.3616,-0.0374,61.3,12.78,24.58,Hibernating / Inactive,"Automated reactivation campaign, steep 20% discount offer, clearance alerts."
16612,2011-02-01 10:38:00,2011-11-07 07:38:00,4,506,1187.66,48,0.0,0.0,0.0,33,312,296.92,93.0,3,0.1326,0.054,19.4,145.58,279.97,Loyal Customers,"Cross-sell premium categories, early bird access, referral incentives."
16613,2011-09-30 15:52:00,2011-09-30 15:52:00,1,293,618.59,30,0.0,0.0,0.0,70,70,618.59,70.0,1,-0.168,-0.0883,36.8,203.29,390.95,Potential Loyalists,"Offer bundle discounts, volume incentives, brand engagement newsletters."
16614,2011-06-10 11:36:00,2011-06-10 11:36:00,1,223,506.19,26,0.0,0.0,0.0,183,183,506.19,183.0,1,-0.3153,0.0184,61.3,50.79,97.68,Hibernating / Inactive,"Automated reactivation campaign, steep 20% discount offer, clearance alerts."
16616,2011-07-05 13:38:00,2011-11-24 16:31:00,2,370,500.42,31,0.0,0.0,0.0,15,157,250.21,142.0,2,0.121,-0.1874,12.8,131.88,253.62,Promising New,"Welcome discount on 2nd purchase, onboarding email journey, product tips."
16617,2011-04-18 10:35:00,2011-04-18 10:35:00,1,91,151.85,5,0.0,0.0,0.0,236,236,151.85,236.0,1,-0.3915,-0.002,61.3,11.82,22.72,Hibernating / Inactive,"Automated reactivation campaign, steep 20% discount offer, clearance alerts."
16618,2011-01-21 11:55:00,2011-11-08 13:52:00,5,1363,2647.59,79,1.0,1.0,16.67,31,323,529.52,73.0,3,0.2014,0.1213,19.8,311.93,599.87,Loyal Customers,"Cross-sell premium categories, early bird access, referral incentives."
16619,2011-03-21 08:18:00,2011-03-21 08:18:00,1,133,226.21,14,1.0,4.0,50.0,264,264,226.21,264.0,1,-0.3952,0.0283,61.3,15.73,30.26,Hibernating / Inactive,"Automated reactivation campaign, steep 20% discount offer, clearance alerts."
16620,2011-03-24 10:37:00,2011-12-06 12:19:00,2,88,178.96,9,0.0,0.0,0.0,4,261,89.48,257.0,2,0.2598,-0.3717,9.5,29.44,56.62,Promising New,"Welcome discount on 2nd purchase, onboarding email journey, product tips."
16621,2011-03-07 11:32:00,2011-10-19 11:38:00,4,302,813.48,22,0.0,0.0,0.0,52,278,203.37,75.3,3,0.0547,0.0917,28.0,99.97,192.25,Loyal Customers,"Cross-sell premium categories, early bird access, referral incentives."
16623,2011-04-08 10:09:00,2011-04-08 10:09:00,1,39,129.45,5,0.0,0.0,0.0,246,246,129.45,246.0,1,-0.4027,-0.0038,61.3,9.66,18.58,Hibernating / Inactive,"Automated reactivation campaign, steep 20% discount offer, clearance alerts."
16624,2011-05-26 14:20:00,2011-09-20 12:39:00,2,488,810.57,44,0.0,0.0,0.0,81,197,405.28,116.0,1,-0.1051,0.0307,34.6,127.68,245.54,Potential Loyalists,"Offer bundle discounts, volume incentives, brand engagement newsletters."
16625,2011-03-10 12:50:00,2011-03-10 12:50:00,1,164,333.08,23,0.0,0.0,0.0,274,274,333.08,274.0,1,-0.3882,0.0492,61.3,22.32,42.93,Hibernating / Inactive,"Automated reactivation campaign, steep 20% discount offer, clearance alerts."
16626,2011-03-18 12:27:00,2011-12-09 11:56:00,17,2690,4413.1,86,3.0,20.0,15.0,1,267,259.59,16.6,0,0.8325,0.0519,9.3,711.33,1367.94,Champions (VIP),"Exclusive VIP preview, concierge service, high-tier loyalty gifts."
16627,2011-09-21 14:38:00,2011-09-21 14:38:00,1,162,322.8,20,0.0,0.0,0.0,79,79,322.8,79.0,1,-0.2066,-0.1015,38.8,102.73,197.55,Low Value Occasional,Target with low-barrier impulse buys and seasonal holiday campaigns.
16628,2011-04-19 08:55:00,2011-11-10 12:45:00,5,1205,2188.05,79,1.0,3.0,16.67,30,235,437.61,51.2,3,0.2,0.1094,21.7,345.93,665.25,Champions (VIP),"Exclusive VIP preview, concierge service, high-tier loyalty gifts."
16629,2011-09-04 16:12:00,2011-09-27 10:34:00,2,489,408.63,58,0.0,0.0,0.0,74,96,204.32,22.0,1,-0.114,-0.0091,70.7,59.18,113.81,Potential Loyalists,"Offer bundle discounts, volume incentives, brand engagement newsletters."
16633,2011-04-19 14:36:00,2011-11-22 13:41:00,6,1138,2883.1,115,1.0,1.0,14.29,17,234,480.52,43.4,0,0.318,0.0896,16.3,489.34,941.03,Champions (VIP),"Exclusive VIP preview, concierge service, high-tier loyalty gifts."
16634,2010-12-02 17:41:00,2011-05-01 12:09:00,2,82,217.9,9,0.0,0.0,0.0,223,372,108.95,149.0,1,-0.296,0.0966,69.9,8.37,16.09,Hibernating / Inactive,"Automated reactivation campaign, steep 20% discount offer, clearance alerts."
16637,2011-04-28 10:20:00,2011-11-07 13:17:00,4,927,1154.47,66,1.0,36.0,20.0,32,226,288.62,64.7,3,0.1361,0.0492,20.9,191.73,368.71,Loyal Customers,"Cross-sell premium categories, early bird access, referral incentives."
16638,2010-12-06 10:19:00,2011-11-17 11:09:00,10,1255,1680.72,92,1.0,1.0,9.09,23,369,168.07,38.4,0,0.3422,0.202,20.3,172.25,331.25,Champions (VIP),"Exclusive VIP preview, concierge service, high-tier loyalty gifts."
16639,2011-04-18 09:31:00,2011-11-08 13:20:00,3,510,1257.51,48,1.0,7.0,25.0,31,236,419.17,102.5,3,0.1018,-0.0005,18.4,206.31,396.76,Loyal Customers,"Cross-sell premium categories, early bird access, referral incentives."
16641,2011-08-26 12:49:00,2011-08-26 12:49:00,1,256,231.1,12,0.0,0.0,0.0,106,106,231.1,106.0,1,-0.2604,-0.0805,44.8,57.1,109.82,Low Value Occasional,Target with low-barrier impulse buys and seasonal holiday campaigns.
16642,2011-05-16 12:35:00,2011-12-05 11:31:00,2,479,688.33,32,1.0,1.0,33.33,5,208,344.16,203.0,2,0.2763,-0.2926,9.8,141.63,272.37,Promising New,"Welcome discount on 2nd purchase, onboarding email journey, product tips."
16643,2011-04-08 08:24:00,2011-04-08 08:24:00,1,269,487.51,27,0.0,0.0,0.0,246,246,487.51,246.0,1,-0.36,0.0524,61.3,36.39,69.98,Hibernating / Inactive,"Automated reactivation campaign, steep 20% discount offer, clearance alerts."
16644,2011-05-11 12:53:00,2011-06-15 12:39:00,2,826,833.78,62,0.0,0.0,0.0,178,212,416.89,34.0,1,-0.2196,0.1264,98.0,3.73,7.18,Hibernating / Inactive,"Automated reactivation campaign, steep 20% discount offer, clearance alerts."
16647,2011-05-19 09:31:00,2011-06-23 11:47:00,2,146,214.06,12,0.0,0.0,0.0,170,205,107.03,35.0,1,-0.2567,0.0632,96.7,1.64,3.14,Hibernating / Inactive,"Automated reactivation campaign, steep 20% discount offer, clearance alerts."
16648,2011-10-28 08:58:00,2011-10-28 08:58:00,1,281,290.66,19,1.0,12.0,50.0,43,43,290.66,43.0,2,-0.1216,-0.1783,30.8,104.59,201.14,Promising New,"Welcome discount on 2nd purchase, onboarding email journey, product tips."
16650,2011-09-29 09:51:00,2011-09-29 09:51:00,1,372,518.42,24,0.0,0.0,0.0,72,72,518.42,72.0,1,-0.1778,-0.0925,37.3,169.03,325.05,Potential Loyalists,"Offer bundle discounts, volume incentives, brand engagement newsletters."
16652,2011-03-11 13:13:00,2011-10-12 09:38:00,7,3283,6773.97,74,4.0,16.0,36.36,59,273,967.71,35.7,3,0.1924,0.3013,45.9,636.96,1224.93,Loyal Customers,"Cross-sell premium categories, early bird access, referral incentives."
16653,2011-09-29 13:38:00,2011-11-23 14:51:00,2,733,1212.66,67,1.0,10.0,33.33,16,71,606.33,55.0,2,0.1406,-0.1425,14.9,536.63,1031.97,Loyal Customers,"Cross-sell premium categories, early bird access, referral incentives."
16654,2010-12-06 15:09:00,2011-07-21 15:23:00,4,282,601.27,29,1.0,2.0,20.0,141,368,150.32,75.7,3,-0.1007,0.1981,67.8,24.96,48.01,Potential Loyalists,"Offer bundle discounts, volume incentives, brand engagement newsletters."
16655,2011-01-12 10:16:00,2011-11-22 11:25:00,6,2363,3789.52,208,0.0,0.0,0.0,18,332,631.59,62.8,0,0.3188,0.1078,15.3,458.74,882.2,Champions (VIP),"Exclusive VIP preview, concierge service, high-tier loyalty gifts."
16656,2010-12-10 11:23:00,2011-11-17 14:43:00,15,8894,8625.8,14,6.0,21.0,28.57,22,365,575.05,24.5,0,0.4711,0.3497,24.5,846.62,1628.11,Champions (VIP),"Exclusive VIP preview, concierge service, high-tier loyalty gifts."
16657,2011-03-30 12:02:00,2011-11-30 11:48:00,4,1130,874.43,158,0.0,0.0,0.0,10,255,218.61,81.7,0,0.2895,-0.0955,11.9,143.35,275.68,Loyal Customers,"Cross-sell premium categories, early bird access, referral incentives."
16658,2010-12-06 13:47:00,2010-12-06 13:47:00,1,40,123.24,8,0.0,0.0,0.0,368,368,123.24,368.0,1,-0.4636,0.0427,61.3,6.15,11.83,Hibernating / Inactive,"Automated reactivation campaign, steep 20% discount offer, clearance alerts."
16659,2011-06-03 15:03:00,2011-06-03 15:03:00,1,72,39.12,2,0.0,0.0,0.0,189,189,39.12,189.0,1,-0.402,-0.0856,61.3,3.8,7.31,Hibernating / Inactive,"Automated reactivation campaign, steep 20% discount offer, clearance alerts."
16660,2011-01-24 12:44:00,2011-11-23 14:53:00,4,571,1267.65,16,1.0,120.0,20.0,16,320,316.91,101.3,3,0.2372,-0.027,13.5,162.59,312.68,Loyal Customers,"Cross-sell premium categories, early bird access, referral incentives."
16665,2010-12-12 14:03:00,2010-12-12 14:03:00,1,59,135.4,9,0.0,0.0,0.0,362,362,135.4,362.0,1,-0.4582,0.0447,61.3,6.87,13.21,Hibernating / Inactive,"Automated reactivation campaign, steep 20% discount offer, clearance alerts."
16666,2011-11-20 14:01:00,2011-11-20 14:01:00,1,233,118.98,32,0.0,0.0,0.0,19,19,118.98,19.0,2,-0.0338,-0.3114,25.5,46.09,88.64,Promising New,"Welcome discount on 2nd purchase, onboarding email journey, product tips."
16667,2011-02-28 12:57:00,2011-10-02 15:26:00,2,236,567.18,52,0.0,0.0,0.0,68,284,283.59,216.0,2,-0.0911,-0.0053,26.8,69.37,133.4,Potential Loyalists,"Offer bundle discounts, volume incentives, brand engagement newsletters."
16668,2011-02-28 12:46:00,2011-11-24 17:43:00,6,318,306.72,9,0.0,0.0,0.0,15,285,51.12,54.0,0,0.263,-0.0198,14.6,43.61,83.87,Potential Loyalists,"Offer bundle discounts, volume incentives, brand engagement newsletters."
16669,2011-09-22 14:13:00,2011-11-16 12:26:00,3,881,1348.88,141,1.0,5.0,25.0,24,78,449.63,27.0,3,0.1406,-0.0274,24.8,527.47,1014.37,Loyal Customers,"Cross-sell premium categories, early bird access, referral incentives."
16670,2010-12-16 10:30:00,2011-11-23 09:34:00,11,2556,4095.9,179,6.0,32.0,35.29,17,359,372.35,34.2,0,0.4297,0.2244,17.6,446.08,857.85,Champions (VIP),"Exclusive VIP preview, concierge service, high-tier loyalty gifts."
16671,2011-06-28 11:20:00,2011-11-11 13:40:00,3,875,1692.27,3,0.0,0.0,0.0,28,165,564.09,68.5,3,0.126,0.0002,19.0,394.19,758.06,Champions (VIP),"Exclusive VIP preview, concierge service, high-tier loyalty gifts."
16674,2011-09-02 13:59:00,2011-10-16 11:31:00,2,181,304.24,89,0.0,0.0,0.0,55,98,152.12,43.0,2,-0.0803,-0.057,38.3,90.89,174.79,Low Value Occasional,Target with low-barrier impulse buys and seasonal holiday campaigns.
16676,2011-01-06 13:00:00,2011-11-06 12:01:00,4,636,1592.12,75,1.0,5.0,20.0,34,337,398.03,101.0,3,0.1378,0.07,19.5,180.46,347.04,Loyal Customers,"Cross-sell premium categories, early bird access, referral incentives."
16678,2011-03-02 09:24:00,2011-12-07 12:17:00,12,2397,3109.99,92,5.0,29.0,29.41,3,283,259.17,25.5,0,0.6581,0.0485,10.3,467.74,899.51,Champions (VIP),"Exclusive VIP preview, concierge service, high-tier loyalty gifts."
16679,2010-12-08 13:51:00,2010-12-08 13:51:00,1,29,129.75,3,0.0,0.0,0.0,366,366,129.75,366.0,1,-0.4612,0.0442,61.3,6.51,12.52,Hibernating / Inactive,"Automated reactivation campaign, steep 20% discount offer, clearance alerts."
16680,2011-10-27 17:35:00,2011-10-27 17:35:00,1,94,183.7,10,0.0,0.0,0.0,43,43,183.7,43.0,2,-0.1364,-0.1977,30.8,66.1,127.12,Promising New,"Welcome discount on 2nd purchase, onboarding email journey, product tips."
16681,2011-03-31 13:46:00,2011-09-28 11:11:00,6,1407,1770.34,18,0.0,0.0,0.0,73,253,295.06,36.0,3,0.0932,0.2399,55.4,148.09,284.78,Potential Loyalists,"Offer bundle discounts, volume incentives, brand engagement newsletters."
16682,2011-06-05 11:02:00,2011-12-05 12:13:00,5,1040,1028.0,15,0.0,0.0,0.0,5,188,205.6,45.8,0,0.4183,-0.1214,10.6,231.96,446.07,Loyal Customers,"Cross-sell premium categories, early bird access, referral incentives."
16685,2011-10-09 13:44:00,2011-10-09 13:58:00,2,396,324.24,60,0.0,0.0,0.0,61,61,162.12,0.0,2,-0.0933,-0.042,71.7,47.72,91.76,Low Value Occasional,Target with low-barrier impulse buys and seasonal holiday campaigns.
16686,2010-12-19 14:41:00,2011-10-23 13:49:00,7,1977,2959.88,406,2.0,5.0,22.22,47,355,422.84,51.3,3,0.1987,0.2391,30.3,275.75,530.29,Loyal Customers,"Cross-sell premium categories, early bird access, referral incentives."
16688,2011-10-10 12:23:00,2011-12-08 15:24:00,4,804,1260.86,52,0.0,0.0,0.0,1,61,315.21,20.0,0,0.5534,-0.2862,9.2,595.32,1144.84,Loyal Customers,"Cross-sell premium categories, early bird access, referral incentives."
16689,2011-09-18 13:29:00,2011-09-25 11:39:00,2,330,422.6,12,1.0,162.0,33.33,76,82,211.3,6.0,1,-0.1168,-0.0045,76.4,51.86,99.73,Potential Loyalists,"Offer bundle discounts, volume incentives, brand engagement newsletters."
16690,2011-05-22 10:53:00,2011-09-28 15:02:00,2,138,225.58,10,1.0,1.0,33.33,72,202,112.79,130.0,1,-0.1291,-0.0376,30.6,36.77,70.72,Low Value Occasional,Target with low-barrier impulse buys and seasonal holiday campaigns.
16692,2011-02-23 15:41:00,2011-03-28 14:46:00,2,152,1276.0,2,0.0,0.0,0.0,256,289,638.0,33.0,1,-0.2593,0.1882,98.0,4.19,8.06,At-Risk High Spenders,"High-priority win-back promotion, dedicated account check-in, special survey."
16693,2011-03-13 11:06:00,2011-10-02 11:10:00,2,203,477.86,58,0.0,0.0,0.0,69,272,238.93,203.0,2,-0.0987,-0.0108,27.3,60.6,116.55,Potential Loyalists,"Offer bundle discounts, volume incentives, brand engagement newsletters."
16696,2011-04-05 15:20:00,2011-07-27 14:23:00,4,146,657.9,7,0.0,0.0,0.0,135,248,164.48,37.7,3,-0.0914,0.1967,85.4,18.38,35.34,Potential Loyalists,"Offer bundle discounts, volume incentives, brand engagement newsletters."
16697,2011-04-12 17:12:00,2011-04-12 17:12:00,1,27,112.75,20,0.0,0.0,0.0,241,241,112.75,241.0,1,-0.4041,-0.0121,61.3,8.59,16.52,Hibernating / Inactive,"Automated reactivation campaign, steep 20% discount offer, clearance alerts."
16698,2011-03-31 13:33:00,2011-04-27 10:52:00,2,840,1998.0,4,0.0,0.0,0.0,227,253,999.0,26.0,1,-0.2271,0.1928,98.0,7.49,14.41,At-Risk High Spenders,"High-priority win-back promotion, dedicated account check-in, special survey."
16700,2010-12-08 16:34:00,2011-12-01 11:00:00,13,4024,5076.55,159,4.0,5.0,23.53,9,366,390.5,29.8,0,0.5523,0.1967,13.5,569.29,1094.79,Champions (VIP),"Exclusive VIP preview, concierge service, high-tier loyalty gifts."
16701,2010-12-13 11:51:00,2011-12-01 11:10:00,13,6393,5398.3,99,5.0,182.0,27.78,9,362,415.25,29.4,0,0.5543,0.1993,13.6,611.36,1175.69,Champions (VIP),"Exclusive VIP preview, concierge service, high-tier loyalty gifts."
16706,2011-08-17 15:53:00,2011-11-02 13:50:00,3,249,531.35,108,0.0,0.0,0.0,37,114,177.12,38.5,3,0.0486,-0.0163,28.8,157.47,302.83,Potential Loyalists,"Offer bundle discounts, volume incentives, brand engagement newsletters."
16708,2011-10-25 12:20:00,2011-10-25 12:20:00,1,285,656.63,27,0.0,0.0,0.0,46,46,656.63,46.0,2,-0.1051,-0.1357,31.5,233.89,449.79,Potential Loyalists,"Offer bundle discounts, volume incentives, brand engagement newsletters."
16709,2011-03-03 10:55:00,2011-09-16 10:56:00,5,851,3029.87,64,0.0,0.0,0.0,85,282,605.97,49.2,3,0.0596,0.2466,53.0,239.61,460.79,Potential Loyalists,"Offer bundle discounts, volume incentives, brand engagement newsletters."
16710,2010-12-06 13:13:00,2011-11-20 14:50:00,10,1823,2467.99,268,0.0,0.0,0.0,19,368,246.8,38.8,0,0.3816,0.1962,18.0,260.94,501.82,Champions (VIP),"Exclusive VIP preview, concierge service, high-tier loyalty gifts."
16711,2010-12-17 12:43:00,2011-12-06 16:32:00,5,833,1651.03,18,0.0,0.0,0.0,3,358,330.21,88.8,0,0.4936,-0.1503,9.5,198.04,380.85,Champions (VIP),"Exclusive VIP preview, concierge service, high-tier loyalty gifts."
16712,2011-03-08 15:07:00,2011-11-30 13:48:00,11,1730,3611.31,259,0.0,0.0,0.0,9,276,328.3,26.7,0,0.5125,0.1479,13.9,534.56,1027.99,Champions (VIP),"Exclusive VIP preview, concierge service, high-tier loyalty gifts."
16713,2010-12-08 13:01:00,2011-11-21 12:36:00,15,4271,6910.78,338,6.0,12.0,28.57,19,366,460.72,24.8,0,0.4846,0.3233,21.8,700.63,1347.37,Champions (VIP),"Exclusive VIP preview, concierge service, high-tier loyalty gifts."
16714,2011-01-26 13:40:00,2011-05-05 11:09:00,3,589,1129.06,77,1.0,2.0,25.0,219,317,376.35,49.0,1,-0.1867,0.2282,98.0,3.38,6.5,At-Risk High Spenders,"High-priority win-back promotion, dedicated account check-in, special survey."
16715,2011-09-22 18:15:00,2011-09-22 18:15:00,1,642,301.72,19,0.0,0.0,0.0,78,78,301.72,78.0,1,-0.207,-0.1059,38.6,96.33,185.26,Low Value Occasional,Target with low-barrier impulse buys and seasonal holiday campaigns.
16716,2011-02-01 15:35:00,2011-03-18 10:03:00,2,120,901.2,1,1.0,76.0,33.33,267,311,450.6,44.0,1,-0.2767,0.1785,98.0,2.75,5.29,Hibernating / Inactive,"Automated reactivation campaign, steep 20% discount offer, clearance alerts."
16717,2010-12-08 16:48:00,2011-11-16 12:16:00,6,1860,3843.08,176,3.0,298.0,33.33,24,366,640.51,68.4,3,0.2787,0.1416,17.4,411.54,791.42,Champions (VIP),"Exclusive VIP preview, concierge service, high-tier loyalty gifts."
16718,2010-12-05 13:03:00,2010-12-05 13:03:00,1,407,606.05,41,0.0,0.0,0.0,369,369,606.05,369.0,1,-0.4127,0.1105,61.3,30.16,58.0,Hibernating / Inactive,"Automated reactivation campaign, steep 20% discount offer, clearance alerts."
16719,2010-12-06 12:06:00,2011-11-25 09:27:00,7,1175,1770.22,107,1.0,2.0,12.5,15,369,252.89,59.0,0,0.3445,0.0843,14.3,195.08,375.16,Champions (VIP),"Exclusive VIP preview, concierge service, high-tier loyalty gifts."
16720,2011-11-13 16:22:00,2011-11-13 16:22:00,1,180,152.95,25,0.0,0.0,0.0,26,26,152.95,26.0,2,-0.0701,-0.2645,27.0,58.06,111.65,Promising New,"Welcome discount on 2nd purchase, onboarding email journey, product tips."
16721,2011-03-22 16:08:00,2011-03-22 16:08:00,1,172,292.47,37,0.0,0.0,0.0,262,262,292.47,262.0,1,-0.3858,0.0383,61.3,20.5,39.42,Hibernating / Inactive,"Automated reactivation campaign, steep 20% discount offer, clearance alerts."
16722,2010-12-06 12:59:00,2011-11-22 13:28:00,13,5001,4730.81,96,3.0,12.0,18.75,17,368,363.91,29.2,0,0.4631,0.2648,18.7,495.93,953.7,Champions (VIP),"Exclusive VIP preview, concierge service, high-tier loyalty gifts."
16723,2011-08-24 11:31:00,2011-09-09 13:01:00,2,398,576.4,37,0.0,0.0,0.0,91,108,288.2,17.0,1,-0.1331,0.0302,79.6,51.66,99.35,Potential Loyalists,"Offer bundle discounts, volume incentives, brand engagement newsletters."
16725,2010-12-03 16:02:00,2011-02-10 16:52:00,7,288,758.27,110,1.0,1.0,12.5,302,371,108.32,11.5,3,-0.1177,0.4041,98.0,1.94,3.73,Hibernating / Inactive,"Automated reactivation campaign, steep 20% discount offer, clearance alerts."
16726,2010-12-13 13:28:00,2011-11-13 14:53:00,5,945,1358.74,121,0.0,0.0,0.0,26,361,271.75,83.8,3,0.205,0.0724,17.4,147.52,283.69,Loyal Customers,"Cross-sell premium categories, early bird access, referral incentives."
16727,2010-12-10 13:48:00,2010-12-10 13:48:00,1,167,256.32,41,0.0,0.0,0.0,364,364,256.32,364.0,1,-0.4385,0.0724,61.3,12.93,24.87,Hibernating / Inactive,"Automated reactivation campaign, steep 20% discount offer, clearance alerts."
16728,2011-03-20 13:28:00,2011-10-24 14:36:00,4,671,1048.28,218,0.0,0.0,0.0,46,264,262.07,72.7,3,0.0807,0.0879,25.9,139.61,268.49,Loyal Customers,"Cross-sell premium categories, early bird access, referral incentives."
16730,2011-01-24 14:01:00,2011-10-18 14:11:00,3,994,743.11,75,1.0,96.0,25.0,52,319,247.7,133.5,3,0.0102,0.0382,24.1,83.89,161.34,Loyal Customers,"Cross-sell premium categories, early bird access, referral incentives."
16732,2011-11-08 09:54:00,2011-11-08 09:54:00,1,317,603.75,28,0.0,0.0,0.0,32,32,603.75,32.0,2,-0.0555,-0.1821,28.4,224.79,432.28,Promising New,"Welcome discount on 2nd purchase, onboarding email journey, product tips."
16734,2011-08-17 15:00:00,2011-10-18 13:44:00,3,345,646.76,44,0.0,0.0,0.0,52,114,215.59,31.0,3,0.0058,0.0323,44.7,148.87,286.29,Potential Loyalists,"Offer bundle discounts, volume incentives, brand engagement newsletters."
16735,2011-01-09 12:53:00,2011-09-22 11:49:00,5,1532,2247.41,88,2.0,19.0,28.57,79,334,449.48,63.8,3,0.0607,0.2252,42.9,182.31,350.59,Potential Loyalists,"Offer bundle discounts, volume incentives, brand engagement newsletters."
16737,2011-10-17 13:03:00,2011-10-17 13:03:00,1,288,417.6,1,0.0,0.0,0.0,53,53,417.6,53.0,2,-0.1402,-0.1381,33.0,145.49,279.79,Potential Loyalists,"Offer bundle discounts, volume incentives, brand engagement newsletters."
16738,2011-02-15 09:46:00,2011-02-15 09:46:00,1,3,3.75,1,0.0,0.0,0.0,298,298,3.75,298.0,1,-0.5381,-0.1215,61.3,0.23,0.44,Hibernating / Inactive,"Automated reactivation campaign, steep 20% discount offer, clearance alerts."
16739,2011-06-16 09:17:00,2011-06-16 09:17:00,1,172,323.0,13,1.0,3.0,50.0,177,177,323.0,177.0,1,-0.3249,-0.0047,60.6,34.12,65.61,Hibernating / Inactive,"Automated reactivation campaign, steep 20% discount offer, clearance alerts."
16742,2011-10-24 12:02:00,2011-10-24 12:02:00,1,1,464.9,1,1.0,190.0,50.0,47,47,464.9,47.0,2,-0.1194,-0.1478,31.7,165.11,317.53,Potential Loyalists,"Offer bundle discounts, volume incentives, brand engagement newsletters."
16743,2010-12-16 12:15:00,2011-11-10 13:13:00,7,2035,2213.13,89,1.0,37.0,12.5,29,359,316.16,55.0,3,0.2588,0.1699,20.7,231.96,446.08,Champions (VIP),"Exclusive VIP preview, concierge service, high-tier loyalty gifts."
16744,2011-06-19 15:13:00,2011-11-28 13:06:00,7,798,1291.91,198,0.0,0.0,0.0,11,173,184.56,27.0,0,0.3768,0.0361,15.2,300.48,577.85,Loyal Customers,"Cross-sell premium categories, early bird access, referral incentives."
16745,2011-02-01 11:31:00,2011-09-14 11:58:00,17,6719,7180.7,148,1.0,8.0,5.56,87,312,422.39,14.1,3,0.2888,0.5304,79.1,228.24,438.92,Potential Loyalists,"Offer bundle discounts, volume incentives, brand engagement newsletters."
16747,2011-10-03 10:18:00,2011-11-02 11:37:00,2,583,836.06,34,2.0,6.0,50.0,38,68,418.03,30.0,2,0.0058,-0.0579,34.3,285.63,549.29,Loyal Customers,"Cross-sell premium categories, early bird access, referral incentives."
16748,2011-01-09 13:50:00,2011-11-22 10:17:00,5,880,1515.9,42,0.0,0.0,0.0,18,334,303.18,79.0,3,0.2605,0.0345,14.7,183.7,353.27,Champions (VIP),"Exclusive VIP preview, concierge service, high-tier loyalty gifts."
16750,2011-04-21 16:53:00,2011-10-26 12:48:00,5,214,623.93,74,0.0,0.0,0.0,45,232,124.79,46.8,3,0.1011,0.1038,30.6,88.56,170.32,Potential Loyalists,"Offer bundle discounts, volume incentives, brand engagement newsletters."
16751,2011-11-09 10:48:00,2011-11-09 10:48:00,1,1031,1764.72,24,0.0,0.0,0.0,31,31,1764.72,31.0,2,-0.0163,-0.1402,28.1,659.79,1268.83,Loyal Customers,"Cross-sell premium categories, early bird access, referral incentives."
16752,2010-12-02 12:18:00,2010-12-02 12:18:00,1,54,207.5,9,0.0,0.0,0.0,373,373,207.5,373.0,1,-0.4489,0.0664,61.3,10.22,19.65,Hibernating / Inactive,"Automated reactivation campaign, steep 20% discount offer, clearance alerts."
16753,2011-10-12 13:14:00,2011-10-12 13:14:00,1,189,223.92,34,0.0,0.0,0.0,58,58,223.92,58.0,2,-0.1734,-0.1538,34.1,76.73,147.56,Low Value Occasional,Target with low-barrier impulse buys and seasonal holiday campaigns.
16754,2010-12-02 17:38:00,2010-12-02 17:38:00,1,4280,2002.4,2,0.0,0.0,0.0,372,372,2002.4,372.0,1,-0.3753,0.1622,61.3,98.85,190.09,At-Risk High Spenders,"High-priority win-back promotion, dedicated account check-in, special survey."
16755,2011-01-28 10:47:00,2011-08-17 13:21:00,3,1058,1475.43,133,2.0,6.0,40.0,114,316,491.81,101.0,3,-0.0821,0.1611,48.8,113.43,218.14,Potential Loyalists,"Offer bundle discounts, volume incentives, brand engagement newsletters."
16756,2011-05-09 09:33:00,2011-05-09 09:33:00,1,106,239.4,13,0.0,0.0,0.0,215,215,239.4,215.0,1,-0.3631,0.006,61.3,20.45,39.32,Hibernating / Inactive,"Automated reactivation campaign, steep 20% discount offer, clearance alerts."
16757,2011-01-25 11:59:00,2011-01-25 11:59:00,1,81,106.83,7,0.0,0.0,0.0,319,319,106.83,319.0,1,-0.4471,0.0195,61.3,6.15,11.83,Hibernating / Inactive,"Automated reactivation campaign, steep 20% discount offer, clearance alerts."
16758,2011-10-05 14:47:00,2011-10-05 14:47:00,1,203,369.34,22,0.0,0.0,0.0,65,65,369.34,65.0,2,-0.1739,-0.119,35.7,123.49,237.49,Low Value Occasional,Target with low-barrier impulse buys and seasonal holiday campaigns.
16759,2011-11-09 09:06:00,2011-12-02 12:42:00,3,609,789.79,40,1.0,1.0,25.0,8,31,263.26,11.5,0,0.2743,-0.1737,16.6,342.51,658.68,Loyal Customers,"Cross-sell premium categories, early bird access, referral incentives."
16761,2011-09-04 11:15:00,2011-09-04 11:15:00,1,341,316.62,13,0.0,0.0,0.0,97,97,316.62,97.0,1,-0.2373,-0.0778,42.8,88.59,170.37,Low Value Occasional,Target with low-barrier impulse buys and seasonal holiday campaigns.
16762,2011-07-18 12:52:00,2011-11-20 11:43:00,3,480,1207.24,51,0.0,0.0,0.0,20,144,402.41,62.0,2,0.1628,-0.0532,16.2,333.36,641.07,Loyal Customers,"Cross-sell premium categories, early bird access, referral incentives."
16763,2011-05-25 11:52:00,2011-05-25 11:52:00,1,319,611.85,23,1.0,1.0,50.0,199,199,611.85,199.0,1,-0.3215,0.0365,61.3,56.46,108.58,Hibernating / Inactive,"Automated reactivation campaign, steep 20% discount offer, clearance alerts."
16764,2011-07-19 17:17:00,2011-12-06 11:41:00,13,1253,2790.95,209,5.0,12.0,27.78,4,143,214.69,11.6,0,0.6354,0.0874,12.2,813.11,1563.68,Champions (VIP),"Exclusive VIP preview, concierge service, high-tier loyalty gifts."
16765,2011-02-18 15:41:00,2011-02-18 15:41:00,1,4,34.0,1,0.0,0.0,0.0,294,294,34.0,294.0,1,-0.4715,-0.0382,61.3,2.12,4.08,Hibernating / Inactive,"Automated reactivation campaign, steep 20% discount offer, clearance alerts."
16766,2011-03-11 13:34:00,2011-03-11 15:22:00,2,536,1145.6,17,0.0,0.0,0.0,273,273,572.8,0.0,1,-0.2722,0.1914,98.0,3.98,7.66,At-Risk High Spenders,"High-priority win-back promotion, dedicated account check-in, special survey."
16767,2011-01-27 13:38:00,2011-11-09 09:42:00,11,4423,5575.56,148,0.0,0.0,0.0,31,316,506.87,28.5,3,0.3546,0.3071,29.6,589.4,1133.46,Loyal Customers,"Cross-sell premium categories, early bird access, referral incentives."
16768,2011-03-13 10:25:00,2011-10-23 10:38:00,3,196,478.09,47,2.0,5.0,40.0,48,272,159.36,112.0,3,0.0076,0.01,23.7,63.63,122.37,Potential Loyalists,"Offer bundle discounts, volume incentives, brand engagement newsletters."
16769,2011-03-24 13:41:00,2011-03-24 13:41:00,1,80,361.54,33,0.0,0.0,0.0,260,260,361.54,260.0,1,-0.3778,0.0464,61.3,25.53,49.11,Hibernating / Inactive,"Automated reactivation campaign, steep 20% discount offer, clearance alerts."
16770,2010-12-02 15:49:00,2011-10-13 12:21:00,5,456,757.1,116,1.0,12.0,16.67,58,372,151.42,78.5,3,0.0705,0.1421,30.1,67.5,129.81,Loyal Customers,"Cross-sell premium categories, early bird access, referral incentives."
16771,2011-01-05 13:57:00,2011-11-06 13:28:00,5,1487,2242.61,200,0.0,0.0,0.0,33,338,448.52,76.2,3,0.1871,0.1216,20.4,250.6,481.93,Loyal Customers,"Cross-sell premium categories, early bird access, referral incentives."
16773,2011-10-13 14:37:00,2011-10-13 14:37:00,1,171,171.59,23,0.0,0.0,0.0,57,57,171.59,57.0,2,-0.1794,-0.1671,33.9,58.98,113.42,Low Value Occasional,Target with low-barrier impulse buys and seasonal holiday campaigns.
16774,2011-06-14 12:45:00,2011-10-03 12:41:00,4,322,661.52,36,1.0,4.0,20.0,68,179,165.38,37.0,3,0.0091,0.1148,51.1,85.75,164.9,Potential Loyalists,"Offer bundle discounts, volume incentives, brand engagement newsletters."
16775,2010-12-07 15:15:00,2011-11-29 15:22:00,11,439,1691.51,84,0.0,0.0,0.0,10,367,153.77,35.7,0,0.4739,0.1272,13.5,189.17,363.79,Champions (VIP),"Exclusive VIP preview, concierge service, high-tier loyalty gifts."
16776,2011-10-10 13:04:00,2011-10-10 13:04:00,1,254,371.54,61,0.0,0.0,0.0,60,60,371.54,60.0,2,-0.162,-0.1283,34.6,126.35,242.99,Low Value Occasional,Target with low-barrier impulse buys and seasonal holiday campaigns.
16777,2011-03-27 14:34:00,2011-09-20 13:41:00,2,62,222.62,45,0.0,0.0,0.0,80,257,111.31,177.0,1,-0.1449,-0.0256,31.1,28.32,54.46,Low Value Occasional,Target with low-barrier impulse buys and seasonal holiday campaigns.
16778,2011-03-10 15:21:00,2011-09-26 13:48:00,2,194,245.94,16,0.0,0.0,0.0,74,274,122.97,200.0,1,-0.1303,-0.0307,28.7,30.37,58.4,Low Value Occasional,Target with low-barrier impulse buys and seasonal holiday campaigns.
16780,2011-03-25 17:34:00,2011-08-31 16:09:00,2,270,422.24,51,0.0,0.0,0.0,100,259,211.12,159.0,1,-0.1569,0.0283,37.8,48.12,92.53,Potential Loyalists,"Offer bundle discounts, volume incentives, brand engagement newsletters."
16781,2010-12-02 14:26:00,2010-12-02 14:26:00,1,113,311.25,17,1.0,2.0,50.0,372,372,311.25,372.0,1,-0.4354,0.0832,61.3,15.36,29.55,Hibernating / Inactive,"Automated reactivation campaign, steep 20% discount offer, clearance alerts."
16782,2010-12-09 11:28:00,2011-11-29 13:20:00,13,705,2267.95,103,6.0,9.0,31.58,10,366,174.46,29.7,0,0.5121,0.174,14.1,252.57,485.72,Champions (VIP),"Exclusive VIP preview, concierge service, high-tier loyalty gifts."
16784,2011-11-20 12:20:00,2011-11-20 12:20:00,1,24,107.6,3,0.0,0.0,0.0,20,20,107.6,20.0,2,-0.0442,-0.3097,25.7,41.57,79.95,Promising New,"Welcome discount on 2nd purchase, onboarding email journey, product tips."
16788,2011-03-30 13:05:00,2011-08-08 14:53:00,2,304,594.39,138,0.0,0.0,0.0,123,254,297.2,131.0,1,-0.1762,0.0676,47.6,58.19,111.89,Potential Loyalists,"Offer bundle discounts, volume incentives, brand engagement newsletters."
16789,2011-12-01 15:12:00,2011-12-01 15:12:00,1,32,80.8,5,0.0,0.0,0.0,8,8,80.8,8.0,2,0.0719,-0.4243,16.6,35.04,67.39,Promising New,"Welcome discount on 2nd purchase, onboarding email journey, product tips."
16790,2011-11-02 11:23:00,2011-12-06 11:53:00,6,898,1545.62,88,2.0,6.0,25.0,4,38,257.6,6.8,0,0.4872,-0.0918,12.2,705.66,1357.04,Champions (VIP),"Exclusive VIP preview, concierge service, high-tier loyalty gifts."
16791,2011-01-11 15:42:00,2011-11-10 19:12:00,7,757,1705.78,218,1.0,4.0,12.5,29,332,243.68,50.5,3,0.2503,0.1588,21.3,191.86,368.97,Champions (VIP),"Exclusive VIP preview, concierge service, high-tier loyalty gifts."
16792,2011-03-02 14:39:00,2011-03-02 14:41:00,2,44,110.38,11,0.0,0.0,0.0,282,282,55.19,0.0,1,-0.3524,0.0961,98.0,0.37,0.71,Hibernating / Inactive,"Automated reactivation campaign, steep 20% discount offer, clearance alerts."
16793,2011-10-13 15:08:00,2011-10-13 15:08:00,1,146,243.84,16,0.0,0.0,0.0,57,57,243.84,57.0,2,-0.1681,-0.1523,33.9,83.81,161.18,Low Value Occasional,Target with low-barrier impulse buys and seasonal holiday campaigns.
16794,2011-06-12 14:15:00,2011-12-08 17:54:00,10,923,1196.5,142,2.0,4.0,16.67,1,180,119.65,19.9,0,0.6986,-0.1131,9.2,286.39,550.76,Loyal Customers,"Cross-sell premium categories, early bird access, referral incentives."
16795,2010-12-09 14:08:00,2010-12-09 14:08:00,1,239,414.88,64,0.0,0.0,0.0,365,365,414.88,365.0,1,-0.4234,0.0931,61.3,20.87,40.14,Hibernating / Inactive,"Automated reactivation campaign, steep 20% discount offer, clearance alerts."
16796,2011-09-11 14:01:00,2011-09-11 14:01:00,1,186,305.62,18,0.0,0.0,0.0,89,89,305.62,89.0,1,-0.2258,-0.0896,41.0,93.76,180.32,Low Value Occasional,Target with low-barrier impulse buys and seasonal holiday campaigns.
16800,2011-11-28 14:06:00,2011-11-28 14:06:00,1,524,1162.65,148,0.0,0.0,0.0,11,11,1162.65,11.0,2,0.1152,-0.2766,20.3,481.85,926.63,Loyal Customers,"Cross-sell premium categories, early bird access, referral incentives."
16801,2011-03-11 13:56:00,2011-06-29 15:33:00,4,493,1594.23,72,1.0,186.0,20.0,163,273,398.56,36.7,3,-0.0905,0.2569,94.5,15.24,29.31,At-Risk High Spenders,"High-priority win-back promotion, dedicated account check-in, special survey."
16803,2011-10-05 14:28:00,2011-10-05 14:28:00,1,245,332.3,24,0.0,0.0,0.0,65,65,332.3,65.0,2,-0.1773,-0.1235,35.7,111.11,213.67,Low Value Occasional,Target with low-barrier impulse buys and seasonal holiday campaigns.
16804,2011-03-14 15:48:00,2011-11-16 16:43:00,3,246,536.99,59,0.0,0.0,0.0,23,270,179.0,123.5,2,0.1169,-0.0714,15.4,79.84,153.54,Potential Loyalists,"Offer bundle discounts, volume incentives, brand engagement newsletters."
16805,2010-12-14 13:35:00,2011-06-19 11:23:00,2,539,460.59,94,0.0,0.0,0.0,174,360,230.3,186.0,1,-0.2354,0.0984,58.9,24.95,47.98,Hibernating / Inactive,"Automated reactivation campaign, steep 20% discount offer, clearance alerts."
16806,2011-04-14 19:59:00,2011-08-28 15:27:00,4,356,762.16,68,0.0,0.0,0.0,103,239,190.54,45.3,3,-0.047,0.1705,65.9,51.6,99.23,Potential Loyalists,"Offer bundle discounts, volume incentives, brand engagement newsletters."
16807,2011-03-14 09:46:00,2011-07-20 12:00:00,3,778,1121.59,57,0.0,0.0,0.0,143,271,373.86,64.0,3,-0.1242,0.1766,74.2,50.67,97.43,At-Risk High Spenders,"High-priority win-back promotion, dedicated account check-in, special survey."
16808,2011-03-10 19:05:00,2011-09-01 19:34:00,2,196,288.42,21,0.0,0.0,0.0,99,274,144.21,175.0,1,-0.1677,0.0109,36.7,31.62,60.8,Low Value Occasional,Target with low-barrier impulse buys and seasonal holiday campaigns.
16809,2011-03-22 15:20:00,2011-11-16 15:45:00,5,652,914.69,79,1.0,1.0,16.67,23,262,182.94,59.8,3,0.2096,0.0414,17.6,136.5,262.5,Loyal Customers,"Cross-sell premium categories, early bird access, referral incentives."
16810,2011-05-31 15:32:00,2011-05-31 15:32:00,1,114,309.54,15,1.0,2.0,50.0,192,192,309.54,192.0,1,-0.3382,0.0033,61.3,29.6,56.93,Hibernating / Inactive,"Automated reactivation campaign, steep 20% discount offer, clearance alerts."
16811,2011-11-22 17:19:00,2011-12-05 11:39:00,2,477,547.07,26,0.0,0.0,0.0,5,17,273.54,12.0,2,0.2688,-0.3023,13.3,246.65,474.32,Promising New,"Welcome discount on 2nd purchase, onboarding email journey, product tips."
16812,2010-12-14 12:35:00,2010-12-14 12:35:00,1,81,479.35,15,0.0,0.0,0.0,361,361,479.35,361.0,1,-0.4171,0.0979,61.3,24.38,46.89,Hibernating / Inactive,"Automated reactivation campaign, steep 20% discount offer, clearance alerts."
16813,2011-05-19 13:28:00,2011-12-01 14:03:00,10,1501,1652.18,248,0.0,0.0,0.0,8,204,165.22,21.8,0,0.4866,0.0826,14.0,330.5,635.57,Champions (VIP),"Exclusive VIP preview, concierge service, high-tier loyalty gifts."
16816,2010-12-16 17:01:00,2011-08-28 14:16:00,4,274,417.06,28,0.0,0.0,0.0,103,358,104.26,85.0,3,-0.0665,0.1449,47.8,28.85,55.49,Potential Loyalists,"Offer bundle discounts, volume incentives, brand engagement newsletters."
16817,2010-12-06 14:19:00,2011-12-07 11:03:00,9,822,1604.75,73,4.0,60.0,30.77,3,368,178.31,45.6,0,0.5878,-0.0379,9.8,186.64,358.93,Champions (VIP),"Exclusive VIP preview, concierge service, high-tier loyalty gifts."
16818,2011-05-18 11:42:00,2011-11-29 10:41:00,11,2164,3349.57,172,2.0,2.0,15.38,11,206,304.51,19.5,0,0.4832,0.1668,17.2,638.84,1228.54,Champions (VIP),"Exclusive VIP preview, concierge service, high-tier loyalty gifts."
16820,2011-09-05 12:06:00,2011-09-05 12:06:00,1,307,497.61,26,0.0,0.0,0.0,96,96,497.61,96.0,1,-0.2212,-0.0598,42.6,141.18,271.5,Potential Loyalists,"Offer bundle discounts, volume incentives, brand engagement newsletters."
16823,2011-04-26 15:00:00,2011-04-26 15:00:00,1,136,358.38,34,0.0,0.0,0.0,227,227,358.38,227.0,1,-0.3581,0.0296,61.3,28.99,55.75,Hibernating / Inactive,"Automated reactivation campaign, steep 20% discount offer, clearance alerts."
16824,2011-06-28 13:36:00,2011-11-24 12:38:00,2,236,460.64,23,0.0,0.0,0.0,16,164,230.32,148.0,2,0.1093,-0.1836,13.1,115.82,222.73,Promising New,"Welcome discount on 2nd purchase, onboarding email journey, product tips."
16825,2011-06-07 09:44:00,2011-11-01 11:51:00,2,566,775.18,27,0.0,0.0,0.0,39,186,387.59,147.0,2,-0.0004,-0.058,19.8,158.6,305.0,Loyal Customers,"Cross-sell premium categories, early bird access, referral incentives."
16826,2011-10-19 14:05:00,2011-10-19 14:05:00,1,158,341.7,22,0.0,0.0,0.0,51,51,341.7,51.0,2,-0.1411,-0.1512,32.6,119.76,230.31,Low Value Occasional,Target with low-barrier impulse buys and seasonal holiday campaigns.
16828,2011-08-19 13:24:00,2011-09-07 15:10:00,2,59,128.5,8,0.0,0.0,0.0,93,112,64.25,19.0,1,-0.1846,-0.0308,79.7,11.05,21.25,Low Value Occasional,Target with low-barrier impulse buys and seasonal holiday campaigns.
16829,2011-07-06 10:48:00,2011-07-06 10:48:00,1,99,197.22,11,0.0,0.0,0.0,157,157,197.22,157.0,1,-0.3231,-0.04,56.1,26.17,50.32,Hibernating / Inactive,"Automated reactivation campaign, steep 20% discount offer, clearance alerts."
16830,2011-11-01 11:35:00,2011-11-01 11:35:00,1,264,325.91,23,0.0,0.0,0.0,39,39,325.91,39.0,2,-0.1039,-0.1849,29.9,118.8,228.46,Promising New,"Welcome discount on 2nd purchase, onboarding email journey, product tips."
16832,2011-05-06 14:12:00,2011-06-08 15:36:00,3,33,199.15,11,0.0,0.0,0.0,184,217,66.38,16.5,1,-0.217,0.1336,98.0,0.87,1.67,Hibernating / Inactive,"Automated reactivation campaign, steep 20% discount offer, clearance alerts."
16833,2011-01-09 13:02:00,2011-12-08 14:39:00,4,440,1106.53,46,0.0,0.0,0.0,1,334,276.63,111.0,0,0.5492,-0.2917,8.8,143.37,275.7,Loyal Customers,"Cross-sell premium categories, early bird access, referral incentives."
16834,2011-04-26 09:37:00,2011-04-26 09:37:00,1,358,413.46,24,0.0,0.0,0.0,228,228,413.46,228.0,1,-0.3542,0.0362,61.3,33.3,64.04,Hibernating / Inactive,"Automated reactivation campaign, steep 20% discount offer, clearance alerts."
16835,2010-12-01 17:15:00,2011-08-03 13:50:00,2,61,180.85,10,0.0,0.0,0.0,128,373,90.42,245.0,1,-0.2204,0.0219,42.6,13.2,25.39,Low Value Occasional,Target with low-barrier impulse buys and seasonal holiday campaigns.
16836,2011-08-15 12:38:00,2011-10-31 10:05:00,2,165,251.87,11,0.0,0.0,0.0,40,117,125.94,77.0,2,-0.0403,-0.1027,23.0,78.66,151.26,Promising New,"Welcome discount on 2nd purchase, onboarding email journey, product tips."
16837,2011-04-08 08:48:00,2011-11-08 14:27:00,11,1563,3170.98,123,1.0,1.0,8.33,31,246,288.27,21.5,3,0.3364,0.2831,35.8,392.67,755.14,Loyal Customers,"Cross-sell premium categories, early bird access, referral incentives."
16838,2011-02-24 15:01:00,2011-05-26 13:13:00,2,185,588.85,24,1.0,1.0,33.33,197,288,294.42,91.0,1,-0.2457,0.1238,81.4,18.04,34.7,Hibernating / Inactive,"Automated reactivation campaign, steep 20% discount offer, clearance alerts."
16841,2011-02-25 12:40:00,2011-11-03 11:51:00,6,2250,1869.82,101,1.0,16.0,14.29,37,288,311.64,50.2,3,0.1935,0.1616,25.4,229.82,441.96,Loyal Customers,"Cross-sell premium categories, early bird access, referral incentives."
16842,2011-02-10 14:51:00,2011-08-31 10:42:00,3,693,1264.19,45,1.0,1.0,25.0,101,302,421.4,100.5,3,-0.0694,0.14,43.8,111.63,214.67,Potential Loyalists,"Offer bundle discounts, volume incentives, brand engagement newsletters."
16843,2011-01-16 16:10:00,2011-10-28 09:06:00,16,10159,10196.57,226,1.0,5.0,5.88,43,327,637.29,18.9,3,0.3919,0.4487,52.6,701.33,1348.72,Loyal Customers,"Cross-sell premium categories, early bird access, referral incentives."
16846,2011-10-20 13:55:00,2011-10-20 13:55:00,1,135,214.32,11,0.0,0.0,0.0,50,50,214.32,50.0,2,-0.1533,-0.1733,32.4,75.34,144.88,Low Value Occasional,Target with low-barrier impulse buys and seasonal holiday campaigns.
16847,2011-10-27 13:29:00,2011-10-27 13:29:00,1,78,193.44,12,0.0,0.0,0.0,43,43,193.44,43.0,2,-0.1348,-0.1955,30.8,69.61,133.86,Promising New,"Welcome discount on 2nd purchase, onboarding email journey, product tips."
16848,2011-10-18 08:42:00,2011-10-18 08:42:00,1,182,281.42,14,0.0,0.0,0.0,53,53,281.42,53.0,2,-0.153,-0.1548,33.0,98.05,188.55,Low Value Occasional,Target with low-barrier impulse buys and seasonal holiday campaigns.
16849,2011-06-06 09:16:00,2011-06-06 09:16:00,1,33,124.57,8,0.0,0.0,0.0,187,187,124.57,187.0,1,-0.3636,-0.0384,61.3,12.23,23.52,Hibernating / Inactive,"Automated reactivation campaign, steep 20% discount offer, clearance alerts."
16850,2011-01-10 11:09:00,2011-01-10 11:09:00,1,249,332.41,19,0.0,0.0,0.0,334,334,332.41,334.0,1,-0.4174,0.073,61.3,18.28,35.15,Hibernating / Inactive,"Automated reactivation campaign, steep 20% discount offer, clearance alerts."
16851,2011-10-19 09:48:00,2011-12-05 13:32:00,3,271,342.45,17,0.0,0.0,0.0,4,52,114.15,24.0,0,0.3343,-0.2803,11.0,158.49,304.78,Low Value Occasional,Target with low-barrier impulse buys and seasonal holiday campaigns.
16852,2011-06-16 15:49:00,2011-11-29 13:22:00,2,56,144.91,9,0.0,0.0,0.0,10,176,72.46,166.0,2,0.1364,-0.2852,11.3,34.66,66.65,Promising New,"Welcome discount on 2nd purchase, onboarding email journey, product tips."
16855,2011-10-27 16:31:00,2011-11-16 12:03:00,2,164,328.4,19,0.0,0.0,0.0,24,43,164.2,19.0,2,0.0414,-0.1513,31.1,117.66,226.27,Promising New,"Welcome discount on 2nd purchase, onboarding email journey, product tips."
16856,2011-11-25 08:59:00,2011-11-25 08:59:00,1,12,35.4,2,0.0,0.0,0.0,15,15,35.4,15.0,2,-0.0394,-0.3891,24.6,13.88,26.69,Promising New,"Welcome discount on 2nd purchase, onboarding email journey, product tips."
16858,2010-12-06 09:52:00,2010-12-06 09:52:00,1,91,375.69,9,1.0,8.0,50.0,369,369,375.69,369.0,1,-0.4282,0.0902,61.3,18.7,35.95,Hibernating / Inactive,"Automated reactivation campaign, steep 20% discount offer, clearance alerts."
16859,2011-03-23 13:39:00,2011-07-18 12:19:00,2,827,747.81,50,3.0,171.0,60.0,145,261,373.9,116.0,1,-0.1929,0.0971,57.8,57.37,110.33,Potential Loyalists,"Offer bundle discounts, volume incentives, brand engagement newsletters."
16861,2011-07-04 15:38:00,2011-10-11 09:05:00,2,140,173.76,6,1.0,7.0,33.33,60,158,86.88,98.0,2,-0.111,-0.0703,28.7,37.21,71.55,Low Value Occasional,Target with low-barrier impulse buys and seasonal holiday campaigns.
16863,2010-12-08 08:58:00,2011-11-08 15:26:00,2,409,502.8,25,2.0,17.0,50.0,31,367,251.4,336.0,2,0.0186,-0.1034,16.2,54.48,104.76,Promising New,"Welcome discount on 2nd purchase, onboarding email journey, product tips."
16866,2011-07-01 12:34:00,2011-07-22 10:06:00,3,60,207.74,10,0.0,0.0,0.0,141,162,69.25,10.5,1,-0.1765,0.1034,91.3,5.29,10.18,Low Value Occasional,Target with low-barrier impulse buys and seasonal holiday campaigns.
16869,2011-06-17 13:01:00,2011-11-17 12:02:00,4,583,817.12,113,1.0,4.0,20.0,23,175,204.28,50.7,3,0.172,-0.004,18.4,180.79,347.67,Loyal Customers,"Cross-sell premium categories, early bird access, referral incentives."
16871,2011-03-14 10:31:00,2011-11-17 19:27:00,6,1253,2812.34,131,1.0,3.0,14.29,22,271,468.72,49.8,3,0.2809,0.1182,18.0,403.78,776.5,Champions (VIP),"Exclusive VIP preview, concierge service, high-tier loyalty gifts."
16872,2011-06-08 14:32:00,2011-09-23 16:05:00,3,600,680.02,5,0.0,0.0,0.0,77,184,226.67,53.5,3,-0.0497,0.0812,46.0,94.7,182.11,Potential Loyalists,"Offer bundle discounts, volume incentives, brand engagement newsletters."
16873,2010-12-10 15:45:00,2011-12-05 12:05:00,6,3840,7123.62,179,4.0,15.0,40.0,5,364,1187.27,71.8,0,0.5096,-0.0049,10.3,832.97,1601.86,Champions (VIP),"Exclusive VIP preview, concierge service, high-tier loyalty gifts."
16875,2011-01-04 10:37:00,2011-10-03 13:39:00,5,1069,2095.53,93,4.0,25.0,44.44,67,340,419.11,68.2,3,0.0824,0.2026,35.9,187.46,360.5,Potential Loyalists,"Offer bundle discounts, volume incentives, brand engagement newsletters."
16877,2011-05-15 16:13:00,2011-11-27 13:47:00,6,458,846.62,111,0.0,0.0,0.0,12,208,141.1,39.2,0,0.3265,-0.0018,14.2,165.71,318.67,Loyal Customers,"Cross-sell premium categories, early bird access, referral incentives."
16878,2011-09-16 17:39:00,2011-09-16 17:39:00,1,12,13.3,3,1.0,12.0,50.0,84,84,13.3,84.0,1,-0.3165,-0.2268,39.9,4.16,7.99,Low Value Occasional,Target with low-barrier impulse buys and seasonal holiday campaigns.
16880,2011-06-03 16:45:00,2011-11-09 11:33:00,7,746,1491.43,121,0.0,0.0,0.0,31,189,213.06,26.3,3,0.2365,0.1609,31.2,257.61,495.4,Loyal Customers,"Cross-sell premium categories, early bird access, referral incentives."
16881,2011-10-04 10:33:00,2011-10-04 10:33:00,1,600,432.0,1,0.0,0.0,0.0,67,67,432.0,67.0,2,-0.1732,-0.1088,36.1,143.54,276.05,Potential Loyalists,"Offer bundle discounts, volume incentives, brand engagement newsletters."
16882,2011-01-26 17:43:00,2011-10-04 10:42:00,3,424,705.12,39,0.0,0.0,0.0,67,317,235.04,125.0,3,-0.0283,0.0661,29.2,74.73,143.7,Potential Loyalists,"Offer bundle discounts, volume incentives, brand engagement newsletters."
16883,2010-12-03 10:33:00,2011-06-05 12:51:00,2,103,272.48,33,0.0,0.0,0.0,187,372,136.24,185.0,1,-0.2629,0.0849,61.4,13.42,25.8,Hibernating / Inactive,"Automated reactivation campaign, steep 20% discount offer, clearance alerts."
16884,2011-11-02 10:16:00,2011-11-02 11:52:00,2,320,429.84,26,0.0,0.0,0.0,38,38,214.92,0.0,2,-0.0157,-0.0861,57.1,95.89,184.4,Promising New,"Welcome discount on 2nd purchase, onboarding email journey, product tips."
16885,2010-12-17 17:23:00,2011-11-24 13:40:00,3,178,450.41,82,0.0,0.0,0.0,15,357,150.14,171.0,2,0.1712,-0.1279,12.6,52.32,100.62,Potential Loyalists,"Offer bundle discounts, volume incentives, brand engagement newsletters."
16887,2011-11-04 14:07:00,2011-11-04 14:07:00,1,156,192.33,35,0.0,0.0,0.0,35,35,192.33,35.0,2,-0.1053,-0.22,29.0,71.01,136.55,Promising New,"Welcome discount on 2nd purchase, onboarding email journey, product tips."
16889,2011-01-07 10:47:00,2011-05-29 11:05:00,3,925,1578.67,112,0.0,0.0,0.0,195,337,526.22,71.0,1,-0.1588,0.2284,89.0,24.45,47.02,At-Risk High Spenders,"High-priority win-back promotion, dedicated account check-in, special survey."
16891,2010-12-03 11:35:00,2011-12-08 11:15:00,5,265,742.43,166,0.0,0.0,0.0,2,372,148.49,92.5,0,0.5103,-0.2191,9.1,86.08,165.55,Loyal Customers,"Cross-sell premium categories, early bird access, referral incentives."
16892,2011-06-09 11:35:00,2011-12-08 13:18:00,5,236,518.19,87,2.0,4.0,28.57,1,184,103.64,45.8,0,0.5586,-0.2834,8.9,121.74,234.12,Potential Loyalists,"Offer bundle discounts, volume incentives, brand engagement newsletters."
16893,2010-12-08 12:06:00,2010-12-08 12:06:00,1,62,145.93,44,0.0,0.0,0.0,367,367,145.93,367.0,1,-0.4578,0.0495,61.3,7.3,14.04,Hibernating / Inactive,"Automated reactivation campaign, steep 20% discount offer, clearance alerts."
16895,2011-10-06 12:15:00,2011-10-06 12:15:00,1,91,202.27,57,0.0,0.0,0.0,65,65,202.27,65.0,2,-0.1933,-0.1446,35.7,67.63,130.06,Low Value Occasional,Target with low-barrier impulse buys and seasonal holiday campaigns.
16897,2011-01-30 11:52:00,2011-02-13 15:02:00,2,73,289.78,37,1.0,15.0,33.33,299,314,144.89,15.0,1,-0.33,0.144,98.0,0.88,1.68,Hibernating / Inactive,"Automated reactivation campaign, steep 20% discount offer, clearance alerts."
16898,2010-12-06 12:23:00,2011-11-13 15:44:00,3,412,501.03,150,1.0,33.0,25.0,26,369,167.01,171.5,2,0.0972,-0.0601,15.7,54.31,104.45,Potential Loyalists,"Offer bundle discounts, volume incentives, brand engagement newsletters."
16899,2010-12-14 13:11:00,2011-12-02 12:03:00,6,520,1271.06,80,0.0,0.0,0.0,8,360,211.84,70.4,0,0.394,-0.0291,11.3,148.6,285.77,Loyal Customers,"Cross-sell premium categories, early bird access, referral incentives."
16900,2011-10-07 13:17:00,2011-11-23 10:32:00,3,833,887.11,78,2.0,110.0,40.0,17,63,295.7,23.0,2,0.1756,-0.0849,21.0,364.42,700.81,Loyal Customers,"Cross-sell premium categories, early bird access, referral incentives."
16902,2011-08-15 14:17:00,2011-08-15 14:17:00,1,629,1706.88,43,0.0,0.0,0.0,116,116,1706.88,116.0,1,-0.2091,0.0152,47.0,370.05,711.63,Potential Loyalists,"Offer bundle discounts, volume incentives, brand engagement newsletters."
16903,2011-11-10 15:32:00,2011-11-10 15:32:00,1,247,363.2,50,0.0,0.0,0.0,29,29,363.2,29.0,2,-0.0578,-0.2151,27.7,136.55,262.59,Promising New,"Welcome discount on 2nd purchase, onboarding email journey, product tips."
16904,2010-12-07 13:29:00,2011-12-05 13:10:00,16,1984,3653.75,387,0.0,0.0,0.0,4,367,228.36,24.2,0,0.6803,0.142,11.0,420.44,808.53,Champions (VIP),"Exclusive VIP preview, concierge service, high-tier loyalty gifts."
16905,2010-12-03 10:43:00,2011-12-04 14:01:00,7,1381,3037.6,117,1.0,1.0,12.5,5,372,433.94,61.2,0,0.5069,-0.0114,10.4,347.16,667.61,Champions (VIP),"Exclusive VIP preview, concierge service, high-tier loyalty gifts."
16906,2011-04-05 12:30:00,2011-09-19 11:49:00,4,263,559.59,74,0.0,0.0,0.0,82,249,139.9,55.7,3,-0.0237,0.1301,47.7,55.77,107.25,Potential Loyalists,"Offer bundle discounts, volume incentives, brand engagement newsletters."
16907,2010-12-09 16:52:00,2011-11-10 18:04:00,5,286,928.76,89,0.0,0.0,0.0,29,365,185.75,84.0,3,0.1771,0.069,18.5,98.4,189.23,Loyal Customers,"Cross-sell premium categories, early bird access, referral incentives."
16909,2011-09-28 16:45:00,2011-09-28 16:45:00,1,436,379.14,18,1.0,2.0,50.0,72,72,379.14,72.0,1,-0.1879,-0.1057,37.3,123.61,237.72,Low Value Occasional,Target with low-barrier impulse buys and seasonal holiday campaigns.
16910,2011-09-09 14:14:00,2011-12-05 12:51:00,8,884,1508.96,318,0.0,0.0,0.0,4,91,188.62,12.4,0,0.5332,-0.037,12.2,688.93,1324.87,Champions (VIP),"Exclusive VIP preview, concierge service, high-tier loyalty gifts."
16912,2011-01-20 15:42:00,2011-11-11 12:18:00,11,1025,2555.58,88,3.0,15.0,21.43,29,323,232.33,29.4,3,0.3389,0.2661,27.5,272.19,523.44,Champions (VIP),"Exclusive VIP preview, concierge service, high-tier loyalty gifts."
16913,2011-02-22 12:56:00,2011-02-22 12:56:00,1,82,113.44,8,0.0,0.0,0.0,290,290,113.44,290.0,1,-0.4312,0.0105,61.3,7.18,13.81,Hibernating / Inactive,"Automated reactivation campaign, steep 20% discount offer, clearance alerts."
16914,2011-11-03 15:27:00,2011-11-03 15:27:00,1,112,183.76,25,0.0,0.0,0.0,36,36,183.76,36.0,2,-0.1108,-0.2186,29.3,67.56,129.92,Promising New,"Welcome discount on 2nd purchase, onboarding email journey, product tips."
16915,2011-03-01 09:52:00,2011-11-30 16:39:00,6,132,621.68,46,0.0,0.0,0.0,9,284,103.61,55.0,0,0.3553,-0.0467,12.0,91.4,175.77,Potential Loyalists,"Offer bundle discounts, volume incentives, brand engagement newsletters."
16916,2010-12-02 13:14:00,2011-11-16 12:08:00,2,431,562.41,129,0.0,0.0,0.0,24,372,281.2,348.0,2,0.0588,-0.1285,14.5,61.33,117.95,Promising New,"Welcome discount on 2nd purchase, onboarding email journey, product tips."
16917,2011-03-08 11:55:00,2011-03-08 11:55:00,1,232,391.52,9,0.0,0.0,0.0,277,277,391.52,277.0,1,-0.3846,0.0574,61.3,25.96,49.91,Hibernating / Inactive,"Automated reactivation campaign, steep 20% discount offer, clearance alerts."
16918,2011-01-26 17:37:00,2011-10-21 12:50:00,6,721,1068.82,97,1.0,13.0,14.29,49,317,178.14,53.6,3,0.1349,0.171,30.8,110.71,212.91,Loyal Customers,"Cross-sell premium categories, early bird access, referral incentives."
16919,2010-12-06 12:52:00,2011-07-06 13:35:00,11,1403,2592.25,141,0.0,0.0,0.0,156,368,235.66,21.2,3,0.0947,0.467,94.6,18.05,34.71,At-Risk High Spenders,"High-priority win-back promotion, dedicated account check-in, special survey."
16921,2011-10-09 16:22:00,2011-10-09 16:22:00,1,154,154.18,50,0.0,0.0,0.0,61,61,154.18,61.0,2,-0.1927,-0.1636,34.8,52.27,100.53,Low Value Occasional,Target with low-barrier impulse buys and seasonal holiday campaigns.
16924,2011-09-16 12:54:00,2011-11-18 12:53:00,3,467,829.89,69,1.0,13.0,25.0,21,84,276.63,31.5,2,0.1438,-0.0635,20.8,341.78,657.27,Loyal Customers,"Cross-sell premium categories, early bird access, referral incentives."
16926,2010-12-03 13:42:00,2010-12-03 13:42:00,1,35,230.25,14,0.0,0.0,0.0,371,371,230.25,371.0,1,-0.4447,0.0701,61.3,11.4,21.92,Hibernating / Inactive,"Automated reactivation campaign, steep 20% discount offer, clearance alerts."
16927,2010-12-13 11:57:00,2011-08-16 11:10:00,3,993,543.05,5,0.0,0.0,0.0,116,362,181.02,123.0,1,-0.1169,0.1207,46.1,38.37,73.78,Potential Loyalists,"Offer bundle discounts, volume incentives, brand engagement newsletters."
16928,2010-12-01 15:21:00,2011-09-20 15:10:00,17,2092,2814.7,69,2.0,20.0,10.53,80,373,165.57,18.3,3,0.2708,0.4806,75.9,86.29,165.95,Potential Loyalists,"Offer bundle discounts, volume incentives, brand engagement newsletters."
16929,2011-07-07 12:39:00,2011-12-06 08:37:00,7,929,1295.39,51,0.0,0.0,0.0,4,156,185.06,25.3,0,0.5063,-0.0697,10.9,351.08,675.14,Loyal Customers,"Cross-sell premium categories, early bird access, referral incentives."
16930,2011-10-02 14:25:00,2011-11-13 16:13:00,3,339,378.89,47,0.0,0.0,0.0,26,68,126.3,21.0,2,0.0882,-0.072,31.1,135.75,261.06,Low Value Occasional,Target with low-barrier impulse buys and seasonal holiday campaigns.
16931,2010-12-05 11:40:00,2011-12-04 13:15:00,21,3134,4554.87,448,0.0,0.0,0.0,5,370,216.9,18.2,0,0.7085,0.2308,12.3,512.29,985.17,Champions (VIP),"Exclusive VIP preview, concierge service, high-tier loyalty gifts."
16932,2011-10-17 14:12:00,2011-10-17 14:12:00,1,82,150.23,44,0.0,0.0,0.0,53,53,150.23,53.0,2,-0.1732,-0.1814,33.0,52.34,100.65,Low Value Occasional,Target with low-barrier impulse buys and seasonal holiday campaigns.
16933,2011-04-14 13:33:00,2011-12-08 12:54:00,2,288,563.23,42,3.0,7.0,60.0,1,239,281.62,238.0,0,0.4322,-0.434,8.8,101.98,196.12,Promising New,"Welcome discount on 2nd purchase, onboarding email journey, product tips."
16934,2011-10-16 12:25:00,2011-10-16 12:40:00,2,397,931.03,59,0.0,0.0,0.0,55,55,465.52,0.0,2,-0.0442,-0.0095,69.1,149.6,287.69,Loyal Customers,"Cross-sell premium categories, early bird access, referral incentives."
16936,2011-11-14 11:04:00,2011-11-14 11:04:00,1,171,261.9,56,0.0,0.0,0.0,26,26,261.9,26.0,2,-0.0528,-0.2417,27.0,99.42,191.19,Promising New,"Welcome discount on 2nd purchase, onboarding email journey, product tips."
16938,2011-02-04 09:34:00,2011-12-01 10:20:00,4,2533,2711.68,212,1.0,1515.0,20.0,9,309,677.92,100.0,0,0.3402,-0.0589,11.3,369.35,710.29,Champions (VIP),"Exclusive VIP preview, concierge service, high-tier loyalty gifts."
16940,2011-02-23 12:27:00,2011-10-18 13:15:00,3,2169,3049.88,226,0.0,0.0,0.0,52,290,1016.63,119.0,3,0.0559,0.0982,24.7,375.77,722.63,Loyal Customers,"Cross-sell premium categories, early bird access, referral incentives."
16942,2011-04-26 11:59:00,2011-11-27 12:40:00,9,805,1904.99,159,1.0,4.0,10.0,13,228,211.67,26.9,0,0.4082,0.1209,16.6,330.65,635.87,Champions (VIP),"Exclusive VIP preview, concierge service, high-tier loyalty gifts."
16943,2011-01-25 14:00:00,2011-05-12 11:57:00,3,145,816.73,23,0.0,0.0,0.0,212,318,272.24,53.0,1,-0.1923,0.2105,97.2,3.41,6.56,Hibernating / Inactive,"Automated reactivation campaign, steep 20% discount offer, clearance alerts."
16945,2010-12-16 17:49:00,2011-11-18 11:39:00,19,2725,4345.5,137,0.0,0.0,0.0,22,358,228.71,18.7,0,0.4905,0.3701,29.1,408.36,785.3,Champions (VIP),"Exclusive VIP preview, concierge service, high-tier loyalty gifts."
16947,2011-04-18 09:38:00,2011-04-18 09:38:00,1,312,406.48,21,0.0,0.0,0.0,236,236,406.48,236.0,1,-0.3598,0.0397,61.3,31.63,60.82,Hibernating / Inactive,"Automated reactivation campaign, steep 20% discount offer, clearance alerts."
16948,2011-01-18 10:58:00,2011-07-24 12:46:00,3,1614,435.02,15,0.0,0.0,0.0,139,326,145.01,93.5,1,-0.1506,0.133,60.6,24.95,47.98,Potential Loyalists,"Offer bundle discounts, volume incentives, brand engagement newsletters."
16949,2011-01-27 12:11:00,2011-12-06 11:07:00,6,791,1286.27,57,1.0,1.0,14.29,4,317,214.38,62.6,0,0.4812,-0.0997,10.0,173.28,333.24,Loyal Customers,"Cross-sell premium categories, early bird access, referral incentives."
16950,2010-12-07 15:20:00,2011-10-14 09:06:00,3,644,1178.56,39,0.0,0.0,0.0,57,367,392.85,155.0,3,0.0118,0.0687,24.9,114.43,220.07,Loyal Customers,"Cross-sell premium categories, early bird access, referral incentives."
16951,2011-02-08 14:58:00,2011-07-28 12:05:00,3,1318,1277.75,73,1.0,12.0,25.0,135,304,425.92,84.5,3,-0.1116,0.1752,61.8,76.19,146.51,At-Risk High Spenders,"High-priority win-back promotion, dedicated account check-in, special survey."
16952,2011-08-22 12:58:00,2011-08-22 13:03:00,2,92,167.61,16,0.0,0.0,0.0,109,109,83.8,0.0,1,-0.1993,-0.0005,84.2,11.53,22.17,Low Value Occasional,Target with low-barrier impulse buys and seasonal holiday campaigns.
16953,2011-11-09 15:54:00,2011-11-09 15:54:00,1,10,20.8,1,0.0,0.0,0.0,30,30,20.8,30.0,2,-0.1537,-0.3309,27.9,7.8,15.0,Promising New,"Welcome discount on 2nd purchase, onboarding email journey, product tips."
16954,2010-12-15 10:41:00,2011-12-09 09:46:00,9,1054,2085.08,40,0.0,0.0,0.0,1,360,231.68,44.9,0,0.6988,-0.1107,8.9,250.37,481.48,Champions (VIP),"Exclusive VIP preview, concierge service, high-tier loyalty gifts."
16955,2010-12-01 13:31:00,2011-06-08 10:36:00,4,266,518.67,18,1.0,20.0,20.0,185,373,129.67,62.7,1,-0.1454,0.2244,91.0,5.94,11.42,Hibernating / Inactive,"Automated reactivation campaign, steep 20% discount offer, clearance alerts."
16956,2011-11-22 08:56:00,2011-11-22 08:56:00,1,114,308.74,16,1.0,2.0,50.0,18,18,308.74,18.0,2,0.0044,-0.2773,25.3,119.93,230.63,Promising New,"Welcome discount on 2nd purchase, onboarding email journey, product tips."
16957,2011-03-03 09:25:00,2011-04-14 13:56:00,2,172,416.64,15,0.0,0.0,0.0,239,282,208.32,43.0,1,-0.2853,0.1324,98.0,1.4,2.7,Hibernating / Inactive,"Automated reactivation campaign, steep 20% discount offer, clearance alerts."
16959,2011-09-13 15:03:00,2011-09-13 15:03:00,1,49,117.35,7,0.0,0.0,0.0,87,87,117.35,87.0,1,-0.2533,-0.1327,40.6,36.25,69.71,Low Value Occasional,Target with low-barrier impulse buys and seasonal holiday campaigns.
16960,2011-04-01 11:54:00,2011-11-01 11:35:00,3,304,507.05,92,0.0,0.0,0.0,39,253,169.02,107.0,3,0.0395,-0.0121,20.9,75.22,144.66,Potential Loyalists,"Offer bundle discounts, volume incentives, brand engagement newsletters."
16961,2011-08-15 13:46:00,2011-08-15 13:46:00,1,125,234.17,14,0.0,0.0,0.0,116,116,234.17,116.0,1,-0.2732,-0.0691,47.0,50.77,97.63,Low Value Occasional,Target with low-barrier impulse buys and seasonal holiday campaigns.
16963,2011-06-05 13:48:00,2011-06-05 13:48:00,1,35,110.55,7,0.0,0.0,0.0,187,187,110.55,187.0,1,-0.3674,-0.0434,61.3,10.86,20.88,Hibernating / Inactive,"Automated reactivation campaign, steep 20% discount offer, clearance alerts."
16965,2011-04-27 12:08:00,2011-04-27 12:08:00,1,291,201.19,26,0.0,0.0,0.0,227,227,201.19,227.0,1,-0.3767,0.0052,61.3,16.28,31.3,Hibernating / Inactive,"Automated reactivation campaign, steep 20% discount offer, clearance alerts."
16966,2011-04-13 14:17:00,2011-12-01 13:40:00,7,1981,2154.97,8,3.0,3.0,30.0,8,240,307.85,38.7,0,0.4359,0.0231,12.3,373.65,718.55,Champions (VIP),"Exclusive VIP preview, concierge service, high-tier loyalty gifts."
16967,2011-06-03 14:24:00,2011-06-03 14:24:00,1,333,319.02,21,0.0,0.0,0.0,189,189,319.02,189.0,1,-0.3349,0.0027,61.3,31.0,59.61,Hibernating / Inactive,"Automated reactivation campaign, steep 20% discount offer, clearance alerts."
16968,2011-08-24 10:51:00,2011-12-05 15:02:00,2,326,439.43,31,0.0,0.0,0.0,4,108,219.72,104.0,2,0.2887,-0.3337,9.7,174.34,335.27,Promising New,"Welcome discount on 2nd purchase, onboarding email journey, product tips."
16969,2011-06-01 12:10:00,2011-10-31 13:12:00,3,816,650.41,42,0.0,0.0,0.0,39,192,216.8,76.5,3,0.0476,-0.0015,22.7,124.25,238.94,Potential Loyalists,"Offer bundle discounts, volume incentives, brand engagement newsletters."
16971,2011-11-01 15:06:00,2011-11-01 15:06:00,1,72,357.21,40,1.0,1.0,50.0,38,38,357.21,38.0,2,-0.0972,-0.1841,29.7,130.58,251.12,Promising New,"Welcome discount on 2nd purchase, onboarding email journey, product tips."
16976,2011-03-17 16:33:00,2011-03-17 16:33:00,1,88,251.52,2,0.0,0.0,0.0,267,267,251.52,267.0,1,-0.3934,0.0342,61.3,17.3,33.27,Hibernating / Inactive,"Automated reactivation campaign, steep 20% discount offer, clearance alerts."
16978,2011-09-23 12:50:00,2011-09-23 12:50:00,1,166,344.33,39,0.0,0.0,0.0,77,77,344.33,77.0,1,-0.2008,-0.1018,38.4,110.3,212.11,Low Value Occasional,Target with low-barrier impulse buys and seasonal holiday campaigns.
16979,2011-02-15 09:20:00,2011-12-06 12:21:00,6,865,1852.0,64,2.0,5.0,25.0,4,298,308.67,58.8,0,0.493,-0.0842,10.0,265.4,510.39,Champions (VIP),"Exclusive VIP preview, concierge service, high-tier loyalty gifts."
16980,2011-02-21 12:58:00,2011-03-29 16:36:00,2,739,1028.46,71,0.0,0.0,0.0,255,291,514.23,36.0,1,-0.2657,0.1786,98.0,3.35,6.45,At-Risk High Spenders,"High-priority win-back promotion, dedicated account check-in, special survey."
16982,2011-10-10 12:28:00,2011-10-10 12:28:00,1,182,384.06,22,0.0,0.0,0.0,61,61,384.06,61.0,2,-0.1634,-0.125,34.8,130.21,250.41,Low Value Occasional,Target with low-barrier impulse buys and seasonal holiday campaigns.
16983,2010-12-05 12:34:00,2011-11-27 12:10:00,7,1335,1905.87,112,1.0,13.0,12.5,13,370,272.27,59.5,0,0.3666,0.0713,13.5,211.42,406.58,Champions (VIP),"Exclusive VIP preview, concierge service, high-tier loyalty gifts."
16984,2011-08-01 17:37:00,2011-09-12 13:43:00,2,2380,4459.52,354,3.0,15.0,60.0,88,130,2229.76,42.0,3,-0.0621,0.1131,59.8,654.35,1258.36,Potential Loyalists,"Offer bundle discounts, volume incentives, brand engagement newsletters."
16985,2010-12-16 10:38:00,2011-11-22 13:33:00,10,1832,5464.12,62,1.0,2.0,9.09,17,359,546.41,38.0,0,0.4228,0.2173,17.0,599.43,1152.75,Champions (VIP),"Exclusive VIP preview, concierge service, high-tier loyalty gifts."
16986,2011-11-09 15:52:00,2011-11-10 11:55:00,2,1040,1873.2,3,0.0,0.0,0.0,30,30,936.6,0.0,2,0.0658,-0.0514,47.7,509.44,979.68,Champions (VIP),"Exclusive VIP preview, concierge service, high-tier loyalty gifts."
16987,2011-05-18 15:55:00,2011-12-06 17:26:00,7,401,1616.8,74,0.0,0.0,0.0,3,205,230.97,33.7,0,0.5465,-0.0872,10.0,336.8,647.7,Champions (VIP),"Exclusive VIP preview, concierge service, high-tier loyalty gifts."
16988,2011-12-04 16:02:00,2011-12-04 16:02:00,1,43,126.12,7,0.0,0.0,0.0,5,5,126.12,5.0,2,0.1461,-0.4546,13.3,56.86,109.35,Promising New,"Welcome discount on 2nd purchase, onboarding email journey, product tips."
16989,2011-07-12 09:11:00,2011-12-02 16:39:00,6,1233,1133.25,7,0.0,0.0,0.0,7,151,188.88,28.8,0,0.4077,-0.0482,12.4,311.96,599.93,Loyal Customers,"Cross-sell premium categories, early bird access, referral incentives."
16990,2011-05-05 08:30:00,2011-05-05 08:30:00,1,100,179.0,1,0.0,0.0,0.0,219,219,179.0,219.0,1,-0.3752,-0.0041,61.3,15.01,28.86,Hibernating / Inactive,"Automated reactivation campaign, steep 20% discount offer, clearance alerts."
16992,2011-02-28 10:37:00,2011-11-29 11:50:00,5,860,1614.31,84,1.0,3.0,16.67,11,285,322.86,68.5,0,0.3304,-0.0184,12.5,235.17,452.25,Champions (VIP),"Exclusive VIP preview, concierge service, high-tier loyalty gifts."
16996,2010-12-21 13:22:00,2011-11-09 16:43:00,6,544,1456.96,13,3.0,10.0,33.33,30,353,242.83,64.6,3,0.2155,0.1264,20.1,156.48,300.93,Loyal Customers,"Cross-sell premium categories, early bird access, referral incentives."
16997,2011-01-18 11:51:00,2011-02-24 17:28:00,3,360,702.0,7,0.0,0.0,0.0,288,326,234.0,19.0,1,-0.2423,0.241,98.0,2.04,3.93,Hibernating / Inactive,"Automated reactivation campaign, steep 20% discount offer, clearance alerts."
16998,2011-02-08 15:42:00,2011-07-13 09:44:00,4,76,295.0,1,2.0,3.0,33.33,150,304,73.75,51.3,1,-0.1328,0.1753,84.1,7.32,14.08,Potential Loyalists,"Offer bundle discounts, volume incentives, brand engagement newsletters."
16999,2011-09-26 15:43:00,2011-11-16 13:53:00,2,294,484.82,21,0.0,0.0,0.0,23,74,242.41,51.0,2,0.06,-0.1397,18.4,205.72,395.61,Promising New,"Welcome discount on 2nd purchase, onboarding email journey, product tips."
17001,2010-12-16 09:35:00,2011-12-09 09:38:00,11,2164,3989.57,75,0.0,0.0,0.0,1,359,362.69,35.8,0,0.7537,-0.0425,9.0,479.86,922.8,Champions (VIP),"Exclusive VIP preview, concierge service, high-tier loyalty gifts."
17002,2011-02-22 11:46:00,2011-09-15 12:40:00,3,679,1493.73,41,1.0,1.0,25.0,86,291,497.91,102.5,3,-0.0405,0.1278,37.8,151.5,291.34,Potential Loyalists,"Offer bundle discounts, volume incentives, brand engagement newsletters."
17004,2011-09-08 12:16:00,2011-10-24 14:25:00,2,771,1312.14,38,0.0,0.0,0.0,46,93,656.07,47.0,2,-0.0072,-0.0161,31.1,461.27,887.05,Loyal Customers,"Cross-sell premium categories, early bird access, referral incentives."
17006,2011-09-25 12:15:00,2011-12-05 12:09:00,4,272,781.78,37,0.0,0.0,0.0,5,76,195.44,23.7,0,0.3755,-0.1736,11.6,359.36,691.08,Loyal Customers,"Cross-sell premium categories, early bird access, referral incentives."
17007,2010-12-17 13:57:00,2011-10-20 10:47:00,6,597,889.93,50,1.0,10.0,14.29,51,357,148.32,61.2,3,0.1231,0.168,29.9,82.92,159.45,Loyal Customers,"Cross-sell premium categories, early bird access, referral incentives."
17010,2011-11-21 14:49:00,2011-11-21 14:49:00,1,118,195.36,11,1.0,2.0,50.0,18,18,195.36,18.0,2,-0.0103,-0.2967,25.3,75.89,145.93,Promising New,"Welcome discount on 2nd purchase, onboarding email journey, product tips."
17011,2011-11-09 13:30:00,2011-11-09 13:30:00,1,186,270.9,15,0.0,0.0,0.0,30,30,270.9,30.0,2,-0.0721,-0.2236,27.9,101.57,195.32,Promising New,"Welcome discount on 2nd purchase, onboarding email journey, product tips."
17014,2011-10-04 11:36:00,2011-12-01 14:09:00,3,243,583.43,63,1.0,5.0,25.0,8,67,194.48,29.5,2,0.2646,-0.1866,13.0,263.95,507.59,Potential Loyalists,"Offer bundle discounts, volume incentives, brand engagement newsletters."
17015,2011-06-07 13:19:00,2011-11-11 10:45:00,3,1978,1838.61,182,0.0,0.0,0.0,29,185,612.87,78.0,3,0.1236,0.0078,18.8,382.92,736.39,Champions (VIP),"Exclusive VIP preview, concierge service, high-tier loyalty gifts."
17018,2011-01-18 08:46:00,2011-10-30 11:42:00,2,176,920.1,15,0.0,0.0,0.0,41,326,460.05,285.0,2,-0.0021,-0.0448,19.0,108.48,208.61,Loyal Customers,"Cross-sell premium categories, early bird access, referral incentives."
17019,2010-12-06 12:55:00,2011-11-28 13:06:00,4,820,1258.08,166,0.0,0.0,0.0,11,368,314.52,119.0,0,0.2884,-0.0695,11.8,143.08,275.15,Loyal Customers,"Cross-sell premium categories, early bird access, referral incentives."
17022,2011-11-08 17:09:00,2011-11-08 17:09:00,1,108,71.0,7,0.0,0.0,0.0,31,31,71.0,31.0,2,-0.1198,-0.2763,28.1,26.55,51.05,Promising New,"Welcome discount on 2nd purchase, onboarding email journey, product tips."
17024,2011-07-05 09:31:00,2011-10-25 13:47:00,3,69,95.85,2,0.0,0.0,0.0,45,158,31.95,56.5,2,-0.0347,-0.0656,28.0,20.73,39.86,Low Value Occasional,Target with low-barrier impulse buys and seasonal holiday campaigns.
17025,2010-12-01 15:45:00,2011-10-10 09:06:00,3,235,357.77,8,0.0,0.0,0.0,61,373,119.26,156.0,3,-0.0365,0.0262,26.1,33.63,64.68,Low Value Occasional,Target with low-barrier impulse buys and seasonal holiday campaigns.
17026,2010-12-05 12:47:00,2011-06-07 14:28:00,2,97,154.83,4,0.0,0.0,0.0,185,370,77.41,185.0,1,-0.2795,0.0596,61.3,7.68,14.78,Hibernating / Inactive,"Automated reactivation campaign, steep 20% discount offer, clearance alerts."
17027,2011-01-26 14:19:00,2011-09-22 12:24:00,6,416,877.56,110,1.0,6.0,14.29,79,317,146.26,47.6,3,0.059,0.2195,50.4,65.15,125.29,Potential Loyalists,"Offer bundle discounts, volume incentives, brand engagement newsletters."
17029,2011-04-17 10:57:00,2011-08-21 11:06:00,2,400,716.0,1,0.0,0.0,0.0,111,237,358.0,126.0,1,-0.1552,0.0632,44.0,80.28,154.38,Potential Loyalists,"Offer bundle discounts, volume incentives, brand engagement newsletters."
17030,2011-10-07 08:49:00,2011-10-07 08:49:00,1,146,146.87,11,0.0,0.0,0.0,64,64,146.87,64.0,2,-0.2013,-0.1599,35.5,49.26,94.73,Low Value Occasional,Target with low-barrier impulse buys and seasonal holiday campaigns.
17031,2011-07-08 09:38:00,2011-11-28 10:23:00,2,235,380.35,19,0.0,0.0,0.0,12,155,190.18,143.0,2,0.1428,-0.2242,11.9,102.58,197.27,Promising New,"Welcome discount on 2nd purchase, onboarding email journey, product tips."
17033,2010-12-15 13:21:00,2011-09-14 14:34:00,3,750,1030.14,24,0.0,0.0,0.0,86,359,343.38,136.5,3,-0.0525,0.112,34.7,88.91,170.98,Potential Loyalists,"Offer bundle discounts, volume incentives, brand engagement newsletters."
17034,2011-02-25 10:10:00,2011-11-23 15:14:00,3,410,745.52,28,1.0,4.0,25.0,16,288,248.51,136.0,2,0.1785,-0.0992,13.2,106.62,205.03,Loyal Customers,"Cross-sell premium categories, early bird access, referral incentives."
17035,2011-02-01 12:27:00,2011-04-08 11:23:00,2,229,433.53,27,1.0,28.0,33.33,246,312,216.76,66.0,1,-0.2883,0.1376,96.1,2.57,4.94,Hibernating / Inactive,"Automated reactivation campaign, steep 20% discount offer, clearance alerts."
17037,2011-09-13 12:49:00,2011-09-13 12:49:00,1,656,1267.32,75,1.0,4.0,50.0,88,88,1267.32,88.0,1,-0.1783,-0.0305,40.8,390.13,750.25,Potential Loyalists,"Offer bundle discounts, volume incentives, brand engagement newsletters."
17038,2011-11-09 13:50:00,2011-11-09 13:50:00,1,28,112.4,22,0.0,0.0,0.0,30,30,112.4,30.0,2,-0.1004,-0.2608,27.9,42.14,81.04,Promising New,"Welcome discount on 2nd purchase, onboarding email journey, product tips."
17040,2011-07-25 10:19:00,2011-07-25 10:19:00,1,181,449.73,15,0.0,0.0,0.0,138,138,449.73,138.0,1,-0.2776,-0.0206,51.9,74.38,143.04,Potential Loyalists,"Offer bundle discounts, volume incentives, brand engagement newsletters."
17041,2010-12-14 11:43:00,2011-11-13 11:21:00,3,927,1071.49,59,1.0,4.0,25.0,27,361,357.16,167.0,3,0.1164,-0.0234,16.0,118.3,227.5,Loyal Customers,"Cross-sell premium categories, early bird access, referral incentives."
17042,2011-04-06 14:53:00,2011-12-07 12:26:00,5,990,1036.58,74,0.0,0.0,0.0,3,247,207.32,61.0,0,0.4785,-0.1701,9.6,180.02,346.19,Loyal Customers,"Cross-sell premium categories, early bird access, referral incentives."
17043,2011-03-18 14:53:00,2011-11-07 15:33:00,4,998,1735.18,100,0.0,0.0,0.0,32,266,433.8,78.0,3,0.1493,0.0665,19.9,247.93,476.8,Loyal Customers,"Cross-sell premium categories, early bird access, referral incentives."
17044,2011-11-14 14:28:00,2011-11-14 14:28:00,1,504,948.48,6,2.0,17.0,66.67,25,25,948.48,25.0,2,-0.0057,-0.1917,26.8,361.03,694.29,Loyal Customers,"Cross-sell premium categories, early bird access, referral incentives."
17045,2011-04-06 12:08:00,2011-08-18 17:09:00,3,106,339.44,20,0.0,0.0,0.0,113,248,113.15,67.5,1,-0.1283,0.0976,58.2,27.15,52.21,Low Value Occasional,Target with low-barrier impulse buys and seasonal holiday campaigns.
17046,2011-07-05 14:24:00,2011-07-05 14:24:00,1,510,642.02,22,0.0,0.0,0.0,157,157,642.02,157.0,1,-0.2851,0.01,56.1,85.18,163.81,Hibernating / Inactive,"Automated reactivation campaign, steep 20% discount offer, clearance alerts."
17047,2011-05-18 16:50:00,2011-09-15 13:27:00,3,533,1100.9,59,0.0,0.0,0.0,85,205,366.97,60.0,3,-0.0486,0.1135,47.4,134.04,257.76,Potential Loyalists,"Offer bundle discounts, volume incentives, brand engagement newsletters."
17048,2011-01-12 16:51:00,2011-08-14 11:49:00,3,485,925.35,41,3.0,11.0,50.0,118,331,308.45,106.5,3,-0.1022,0.1454,49.3,67.25,129.34,Potential Loyalists,"Offer bundle discounts, volume incentives, brand engagement newsletters."
17049,2011-03-09 08:33:00,2011-12-07 10:48:00,9,2673,5655.03,201,2.0,7.0,18.18,3,276,628.34,34.1,0,0.6285,0.0156,10.0,875.0,1682.69,Champions (VIP),"Exclusive VIP preview, concierge service, high-tier loyalty gifts."
17050,2011-02-13 12:41:00,2011-09-04 13:48:00,6,1595,3185.64,169,0.0,0.0,0.0,96,300,530.94,40.8,3,0.0722,0.2976,65.5,173.83,334.29,Potential Loyalists,"Offer bundle discounts, volume incentives, brand engagement newsletters."
17051,2011-05-29 14:13:00,2011-05-29 14:13:00,1,179,240.89,40,0.0,0.0,0.0,194,194,240.89,194.0,1,-0.3478,-0.0061,61.3,22.8,43.85,Hibernating / Inactive,"Automated reactivation campaign, steep 20% discount offer, clearance alerts."
17052,2011-11-11 14:50:00,2011-11-11 14:50:00,1,251,399.09,72,0.0,0.0,0.0,28,28,399.09,28.0,2,-0.0498,-0.2152,27.5,150.46,289.34,Promising New,"Welcome discount on 2nd purchase, onboarding email journey, product tips."
17053,2011-08-01 10:23:00,2011-08-01 10:23:00,1,122,498.48,13,1.0,1.0,50.0,131,131,498.48,131.0,1,-0.2667,-0.0225,50.4,89.56,172.22,Potential Loyalists,"Offer bundle discounts, volume incentives, brand engagement newsletters."
17054,2011-04-08 13:14:00,2011-11-11 12:56:00,5,804,1356.33,64,1.0,2.0,16.67,28,245,271.27,54.2,3,0.1944,0.081,20.3,209.36,402.62,Loyal Customers,"Cross-sell premium categories, early bird access, referral incentives."
17058,2011-04-14 09:18:00,2011-09-19 10:13:00,3,592,1179.89,51,0.0,0.0,0.0,82,240,393.3,79.0,3,-0.0411,0.1121,40.1,139.73,268.72,Potential Loyalists,"Offer bundle discounts, volume incentives, brand engagement newsletters."
17059,2010-12-05 12:35:00,2011-11-10 12:27:00,5,1850,3080.39,292,0.0,0.0,0.0,30,370,616.08,85.0,3,0.211,0.1239,18.8,320.77,616.87,Champions (VIP),"Exclusive VIP preview, concierge service, high-tier loyalty gifts."
17060,2011-03-18 13:27:00,2011-03-18 13:27:00,1,216,234.24,5,0.0,0.0,0.0,266,266,234.24,266.0,1,-0.3952,0.0307,61.3,16.17,31.1,Hibernating / Inactive,"Automated reactivation campaign, steep 20% discount offer, clearance alerts."
17061,2011-04-21 13:29:00,2011-09-27 11:24:00,11,1526,5232.23,57,1.0,42.0,8.33,74,232,475.66,15.8,3,0.2266,0.4074,75.2,265.39,510.37,Potential Loyalists,"Offer bundle discounts, volume incentives, brand engagement newsletters."
17062,2010-12-05 11:59:00,2011-01-30 11:01:00,4,418,533.33,52,1.0,2.0,20.0,314,370,133.33,18.7,1,-0.2224,0.2894,98.0,1.37,2.63,Hibernating / Inactive,"Automated reactivation campaign, steep 20% discount offer, clearance alerts."
17063,2011-02-23 13:44:00,2011-11-18 16:19:00,7,770,1461.14,66,4.0,7.0,36.36,21,289,208.73,44.7,3,0.2912,0.1147,18.2,196.23,377.37,Loyal Customers,"Cross-sell premium categories, early bird access, referral incentives."
17064,2011-01-16 16:10:00,2011-10-12 10:18:00,3,316,855.45,53,0.0,0.0,0.0,59,327,285.15,134.0,3,-0.0035,0.0592,26.2,91.61,176.17,Loyal Customers,"Cross-sell premium categories, early bird access, referral incentives."
17068,2010-12-06 13:58:00,2011-11-27 13:14:00,21,2164,4552.14,116,1.0,10.0,4.55,12,368,216.77,17.8,0,0.5942,0.3243,18.9,476.02,915.43,Champions (VIP),"Exclusive VIP preview, concierge service, high-tier loyalty gifts."
17069,2010-12-01 16:49:00,2011-11-11 17:13:00,9,1506,2709.7,111,4.0,24.0,30.77,28,373,301.08,43.1,3,0.3119,0.224,22.1,268.53,516.4,Champions (VIP),"Exclusive VIP preview, concierge service, high-tier loyalty gifts."
17070,2011-08-17 17:01:00,2011-08-17 17:01:00,1,131,304.24,62,0.0,0.0,0.0,114,114,304.24,114.0,1,-0.2622,-0.0601,46.6,67.62,130.04,Low Value Occasional,Target with low-barrier impulse buys and seasonal holiday campaigns.
17071,2011-02-03 08:18:00,2011-11-11 16:31:00,9,1197,2429.03,102,5.0,15.0,35.71,28,310,269.89,35.2,3,0.3084,0.2193,24.2,281.82,541.96,Champions (VIP),"Exclusive VIP preview, concierge service, high-tier loyalty gifts."
17073,2011-08-22 14:37:00,2011-11-22 11:47:00,4,759,1446.09,142,0.0,0.0,0.0,18,109,361.52,30.3,3,0.225,-0.008,19.1,509.27,979.37,Loyal Customers,"Cross-sell premium categories, early bird access, referral incentives."
17075,2011-01-26 13:20:00,2011-11-22 11:58:00,4,292,834.12,62,1.0,3.0,20.0,18,317,208.53,99.7,3,0.2072,-0.0314,14.2,107.13,206.01,Loyal Customers,"Cross-sell premium categories, early bird access, referral incentives."
17076,2010-12-10 10:08:00,2011-11-03 17:53:00,3,295,841.08,17,0.0,0.0,0.0,36,365,280.36,164.5,3,0.0674,-0.0,18.6,89.0,171.16,Loyal Customers,"Cross-sell premium categories, early bird access, referral incentives."
17078,2011-11-03 18:49:00,2011-11-03 19:17:00,2,788,378.2,28,0.0,0.0,0.0,36,36,189.1,0.0,2,-0.012,-0.0979,55.0,88.5,170.19,Promising New,"Welcome discount on 2nd purchase, onboarding email journey, product tips."
17079,2011-09-22 15:34:00,2011-09-22 15:34:00,1,24,118.8,2,0.0,0.0,0.0,78,78,118.8,78.0,1,-0.2369,-0.1453,38.6,37.93,72.94,Low Value Occasional,Target with low-barrier impulse buys and seasonal holiday campaigns.
17080,2011-03-15 12:05:00,2011-11-17 12:59:00,2,166,287.62,8,1.0,2.0,33.33,22,270,143.81,248.0,2,0.0495,-0.167,14.2,43.37,83.4,Promising New,"Welcome discount on 2nd purchase, onboarding email journey, product tips."
17081,2011-10-24 13:08:00,2011-11-14 12:56:00,2,77,288.91,55,0.0,0.0,0.0,25,46,144.46,21.0,2,0.0315,-0.152,30.0,105.17,202.24,Promising New,"Welcome discount on 2nd purchase, onboarding email journey, product tips."
17082,2011-01-25 14:36:00,2011-11-06 15:17:00,2,1049,2003.85,75,0.0,0.0,0.0,33,318,1001.92,285.0,2,0.0543,-0.0373,16.9,248.47,477.83,Loyal Customers,"Cross-sell premium categories, early bird access, referral incentives."
17083,2011-02-09 11:38:00,2011-08-22 15:43:00,3,772,1405.78,24,0.0,0.0,0.0,109,304,468.59,97.5,3,-0.0771,0.1536,47.5,115.2,221.53,Potential Loyalists,"Offer bundle discounts, volume incentives, brand engagement newsletters."
17084,2011-11-04 14:49:00,2011-11-04 14:54:00,2,1702,2747.99,146,0.0,0.0,0.0,35,35,1374.0,0.0,3,0.0561,-0.017,53.9,658.75,1266.83,Loyal Customers,"Cross-sell premium categories, early bird access, referral incentives."
17085,2010-12-12 12:24:00,2011-08-08 14:15:00,5,785,1562.4,115,1.0,2.0,16.67,123,363,312.48,60.0,3,-0.0159,0.2628,66.9,67.6,130.0,At-Risk High Spenders,"High-priority win-back promotion, dedicated account check-in, special survey."
17086,2011-10-07 11:22:00,2011-12-02 13:54:00,6,1859,2050.08,76,0.0,0.0,0.0,7,64,341.68,11.4,0,0.4268,-0.023,15.4,901.87,1734.37,Champions (VIP),"Exclusive VIP preview, concierge service, high-tier loyalty gifts."
17088,2011-03-31 09:48:00,2011-11-11 14:23:00,4,868,1991.01,96,0.0,0.0,0.0,28,254,497.75,75.3,3,0.1728,0.0567,18.5,303.13,582.95,Champions (VIP),"Exclusive VIP preview, concierge service, high-tier loyalty gifts."
17090,2010-12-20 13:52:00,2011-12-05 13:44:00,7,903,1974.65,45,1.0,1.0,12.5,4,354,282.09,58.3,0,0.52,-0.0517,10.0,238.21,458.1,Champions (VIP),"Exclusive VIP preview, concierge service, high-tier loyalty gifts."
17091,2010-12-07 09:55:00,2011-12-07 10:43:00,9,1746,3827.76,119,1.0,3.0,10.0,3,368,425.31,45.6,0,0.6159,-0.001,9.8,445.19,856.13,Champions (VIP),"Exclusive VIP preview, concierge service, high-tier loyalty gifts."
17092,2011-03-07 14:51:00,2011-10-20 19:51:00,4,1130,1774.03,99,0.0,0.0,0.0,50,277,443.51,75.7,3,0.0856,0.1201,27.2,221.23,425.45,Loyal Customers,"Cross-sell premium categories, early bird access, referral incentives."
17094,2011-01-21 13:09:00,2011-01-21 13:09:00,1,152,302.0,14,1.0,4.0,50.0,322,322,302.0,322.0,1,-0.4151,0.0645,61.3,17.22,33.12,Hibernating / Inactive,"Automated reactivation campaign, steep 20% discount offer, clearance alerts."
17095,2011-01-09 11:05:00,2011-11-17 12:21:00,3,618,1324.16,69,3.0,5.0,50.0,23,335,441.39,156.0,3,0.146,-0.0331,15.0,159.42,306.58,Loyal Customers,"Cross-sell premium categories, early bird access, referral incentives."
17096,2011-03-23 12:05:00,2011-11-24 15:01:00,4,339,1022.13,46,3.0,7.0,42.86,15,262,255.53,82.3,3,0.2392,-0.0435,13.6,159.94,307.57,Loyal Customers,"Cross-sell premium categories, early bird access, referral incentives."
17100,2011-11-21 16:36:00,2011-11-21 16:36:00,2,800,971.74,65,0.0,0.0,0.0,18,18,485.87,0.0,2,0.117,-0.1385,30.2,352.7,678.27,Loyal Customers,"Cross-sell premium categories, early bird access, referral incentives."
17101,2011-06-14 14:49:00,2011-11-29 13:57:00,4,815,1621.73,28,0.0,0.0,0.0,10,178,405.43,56.0,0,0.3095,-0.0692,12.4,378.7,728.27,Champions (VIP),"Exclusive VIP preview, concierge service, high-tier loyalty gifts."
17102,2011-03-23 10:08:00,2011-03-23 10:08:00,1,2,25.5,1,0.0,0.0,0.0,262,262,25.5,262.0,1,-0.4635,-0.0639,61.3,1.79,3.44,Hibernating / Inactive,"Automated reactivation campaign, steep 20% discount offer, clearance alerts."
17105,2011-02-06 14:46:00,2011-07-03 15:53:00,2,693,665.78,80,0.0,0.0,0.0,159,306,332.89,147.0,1,-0.2102,0.1032,58.0,43.36,83.39,Hibernating / Inactive,"Automated reactivation campaign, steep 20% discount offer, clearance alerts."
17107,2011-03-06 15:17:00,2011-11-06 14:14:00,6,4826,10797.48,269,1.0,300.0,14.29,33,278,1799.58,49.0,3,0.2666,0.2227,23.6,1408.01,2707.72,Loyal Customers,"Cross-sell premium categories, early bird access, referral incentives."
17109,2011-04-21 15:46:00,2011-11-10 16:59:00,6,588,881.29,107,2.0,16.0,25.0,29,232,146.88,40.6,3,0.2041,0.101,23.3,138.25,265.86,Loyal Customers,"Cross-sell premium categories, early bird access, referral incentives."
17110,2011-06-27 12:58:00,2011-06-27 12:58:00,1,50,163.3,12,0.0,0.0,0.0,165,165,163.3,165.0,1,-0.3365,-0.042,57.9,19.77,38.02,Hibernating / Inactive,"Automated reactivation campaign, steep 20% discount offer, clearance alerts."
17111,2011-10-23 15:59:00,2011-10-23 15:59:00,1,282,231.61,29,0.0,0.0,0.0,47,47,231.61,47.0,2,-0.1418,-0.1773,31.7,82.26,158.19,Low Value Occasional,Target with low-barrier impulse buys and seasonal holiday campaigns.
17114,2011-01-09 11:39:00,2011-12-04 12:17:00,8,215,801.12,85,2.0,9.0,20.0,6,335,100.14,47.0,0,0.463,-0.0232,11.0,100.99,194.21,Loyal Customers,"Cross-sell premium categories, early bird access, referral incentives."
17115,2011-04-20 14:46:00,2011-12-01 14:30:00,3,372,837.5,33,2.0,4.0,40.0,8,233,279.17,112.5,0,0.2762,-0.1712,10.9,151.97,292.24,Loyal Customers,"Cross-sell premium categories, early bird access, referral incentives."
17117,2011-02-24 13:54:00,2011-02-24 13:54:00,1,68,116.2,9,0.0,0.0,0.0,288,288,116.2,288.0,1,-0.4294,0.0107,61.3,7.41,14.25,Hibernating / Inactive,"Automated reactivation campaign, steep 20% discount offer, clearance alerts."
17118,2011-01-26 12:19:00,2011-01-26 12:19:00,1,154,157.02,10,0.0,0.0,0.0,318,318,157.02,318.0,1,-0.4343,0.0353,61.3,9.07,17.44,Hibernating / Inactive,"Automated reactivation campaign, steep 20% discount offer, clearance alerts."
17119,2011-10-11 11:03:00,2011-12-06 14:40:00,2,334,606.91,35,1.0,7.0,33.33,3,60,303.46,57.0,2,0.3321,-0.347,9.6,285.3,548.66,Promising New,"Welcome discount on 2nd purchase, onboarding email journey, product tips."
17120,2011-04-20 15:21:00,2011-04-20 15:21:00,1,120,307.46,18,0.0,0.0,0.0,233,233,307.46,233.0,1,-0.3669,0.0263,61.3,24.23,46.6,Hibernating / Inactive,"Automated reactivation campaign, steep 20% discount offer, clearance alerts."
17122,2011-08-12 14:33:00,2011-08-12 14:33:00,1,80,138.32,7,0.0,0.0,0.0,119,119,138.32,119.0,1,-0.2939,-0.0883,47.7,28.85,55.47,Low Value Occasional,Target with low-barrier impulse buys and seasonal holiday campaigns.
17123,2011-07-01 10:47:00,2011-07-01 10:47:00,1,246,345.3,9,0.0,0.0,0.0,162,162,345.3,162.0,1,-0.3097,-0.0125,57.3,43.19,83.05,Hibernating / Inactive,"Automated reactivation campaign, steep 20% discount offer, clearance alerts."
17124,2011-06-07 14:02:00,2011-06-07 14:02:00,1,129,294.24,31,0.0,0.0,0.0,185,185,294.24,185.0,1,-0.3344,-0.0033,61.3,29.21,56.17,Hibernating / Inactive,"Automated reactivation campaign, steep 20% discount offer, clearance alerts."
17125,2011-10-20 14:41:00,2011-10-20 14:41:00,1,281,230.5,34,0.0,0.0,0.0,50,50,230.5,50.0,2,-0.1509,-0.1702,32.4,81.03,155.82,Low Value Occasional,Target with low-barrier impulse buys and seasonal holiday campaigns.
17126,2010-12-12 11:26:00,2011-07-10 13:52:00,5,780,989.45,187,2.0,2.0,28.57,152,363,197.89,52.8,3,-0.0617,0.2688,84.1,20.56,39.55,Hibernating / Inactive,"Automated reactivation campaign, steep 20% discount offer, clearance alerts."
17128,2011-01-09 12:02:00,2011-01-09 12:02:00,1,76,157.09,14,0.0,0.0,0.0,335,335,157.09,335.0,1,-0.442,0.0416,61.3,8.61,16.56,Hibernating / Inactive,"Automated reactivation campaign, steep 20% discount offer, clearance alerts."
17131,2011-09-25 12:42:00,2011-12-04 12:52:00,5,983,2463.17,78,0.0,0.0,0.0,5,76,492.63,17.8,0,0.4466,-0.0843,12.4,1122.01,2157.72,Champions (VIP),"Exclusive VIP preview, concierge service, high-tier loyalty gifts."
17133,2011-03-18 13:47:00,2011-11-24 12:27:00,7,2730,4892.24,13,0.0,0.0,0.0,16,266,698.89,41.7,0,0.3684,0.1349,16.0,733.06,1409.73,Champions (VIP),"Exclusive VIP preview, concierge service, high-tier loyalty gifts."
17134,2011-03-20 11:56:00,2011-08-25 09:53:00,2,98,413.2,21,0.0,0.0,0.0,107,265,206.6,158.0,1,-0.1675,0.0354,40.1,44.32,85.23,Potential Loyalists,"Offer bundle discounts, volume incentives, brand engagement newsletters."
17135,2010-12-03 09:31:00,2011-11-23 16:48:00,7,1224,1139.73,34,0.0,0.0,0.0,16,372,162.82,59.3,0,0.3213,0.0729,14.7,124.01,238.48,Loyal Customers,"Cross-sell premium categories, early bird access, referral incentives."
17138,2011-03-09 11:54:00,2011-03-09 11:54:00,1,126,380.5,24,0.0,0.0,0.0,276,276,380.5,276.0,1,-0.385,0.0557,61.3,25.32,48.68,Hibernating / Inactive,"Automated reactivation campaign, steep 20% discount offer, clearance alerts."
17139,2011-02-24 09:32:00,2011-11-24 10:12:00,12,5176,10650.77,309,3.0,19.0,20.0,16,289,887.56,24.8,0,0.484,0.2759,19.4,1409.46,2710.5,Champions (VIP),"Exclusive VIP preview, concierge service, high-tier loyalty gifts."
17140,2011-04-06 13:33:00,2011-04-06 13:33:00,1,296,454.12,16,0.0,0.0,0.0,247,247,454.12,247.0,1,-0.3629,0.0499,61.3,33.76,64.93,Hibernating / Inactive,"Automated reactivation campaign, steep 20% discount offer, clearance alerts."
17142,2011-04-14 18:22:00,2011-04-14 18:22:00,1,81,579.0,15,0.0,0.0,0.0,239,239,579.0,239.0,1,-0.3502,0.0562,61.3,44.49,85.55,Hibernating / Inactive,"Automated reactivation campaign, steep 20% discount offer, clearance alerts."
17144,2011-09-16 12:50:00,2011-12-08 17:57:00,2,483,984.57,42,0.0,0.0,0.0,1,84,492.28,83.0,0,0.4502,-0.4103,8.8,466.92,897.92,Loyal Customers,"Cross-sell premium categories, early bird access, referral incentives."
17146,2010-12-16 12:20:00,2011-08-26 12:44:00,3,212,749.78,33,0.0,0.0,0.0,106,359,249.93,126.5,3,-0.0933,0.1236,42.2,57.28,110.16,Potential Loyalists,"Offer bundle discounts, volume incentives, brand engagement newsletters."
17147,2011-02-01 09:36:00,2011-11-17 12:32:00,4,882,1714.59,68,2.0,4.0,33.33,23,312,428.65,96.3,3,0.1959,0.0275,15.9,219.3,421.73,Champions (VIP),"Exclusive VIP preview, concierge service, high-tier loyalty gifts."
17148,2011-10-19 09:59:00,2011-10-19 09:59:00,1,82,124.88,9,0.0,0.0,0.0,52,52,124.88,52.0,2,-0.1763,-0.1915,32.8,43.64,83.92,Low Value Occasional,Target with low-barrier impulse buys and seasonal holiday campaigns.
17152,2011-03-21 16:20:00,2011-05-29 12:19:00,3,517,1689.5,9,1.0,40.0,25.0,195,263,563.17,34.0,1,-0.1566,0.2313,98.0,6.1,11.72,At-Risk High Spenders,"High-priority win-back promotion, dedicated account check-in, special survey."
17153,2011-11-15 13:42:00,2011-11-15 13:42:00,1,104,213.78,14,0.0,0.0,0.0,24,24,213.78,24.0,2,-0.048,-0.2597,26.6,81.6,156.91,Promising New,"Welcome discount on 2nd purchase, onboarding email journey, product tips."
17154,2011-09-25 13:42:00,2011-09-25 13:42:00,1,490,329.34,23,0.0,0.0,0.0,75,75,329.34,75.0,1,-0.1984,-0.1068,37.9,106.35,204.52,Low Value Occasional,Target with low-barrier impulse buys and seasonal holiday campaigns.
17155,2011-06-15 10:22:00,2011-11-22 12:38:00,2,242,251.7,19,0.0,0.0,0.0,18,178,125.85,160.0,2,0.0734,-0.1958,13.5,58.04,111.61,Promising New,"Welcome discount on 2nd purchase, onboarding email journey, product tips."
17157,2011-06-16 15:08:00,2011-12-02 09:10:00,2,172,319.0,11,1.0,3.0,33.33,8,176,159.5,168.0,2,0.1915,-0.2761,10.7,76.8,147.69,Promising New,"Welcome discount on 2nd purchase, onboarding email journey, product tips."
17158,2010-12-14 13:03:00,2011-11-07 15:15:00,3,778,1266.97,53,0.0,0.0,0.0,32,360,422.32,164.0,3,0.0975,0.0036,17.5,137.77,264.94,Loyal Customers,"Cross-sell premium categories, early bird access, referral incentives."
17159,2011-06-21 09:49:00,2011-11-18 10:52:00,3,1111,1538.88,96,1.0,1.0,25.0,22,172,512.96,75.0,3,0.1572,-0.0319,16.3,355.33,683.34,Champions (VIP),"Exclusive VIP preview, concierge service, high-tier loyalty gifts."
17160,2011-04-12 12:00:00,2011-11-08 14:05:00,6,2856,3518.03,111,0.0,0.0,0.0,31,242,586.34,42.2,3,0.2393,0.1677,24.0,524.25,1008.17,Loyal Customers,"Cross-sell premium categories, early bird access, referral incentives."
17162,2011-02-07 12:27:00,2011-11-11 11:34:00,10,1001,1715.46,81,1.0,1.0,9.09,29,306,171.55,30.8,3,0.3099,0.2298,26.8,194.72,374.47,Champions (VIP),"Exclusive VIP preview, concierge service, high-tier loyalty gifts."
17163,2011-09-22 15:54:00,2011-11-18 08:57:00,2,66,293.1,3,0.0,0.0,0.0,22,78,146.55,56.0,2,0.0501,-0.1662,17.5,125.74,241.81,Promising New,"Welcome discount on 2nd purchase, onboarding email journey, product tips."
17164,2011-03-11 14:26:00,2011-11-07 09:14:00,7,1501,2467.35,92,1.0,1.0,12.5,33,273,352.48,40.0,3,0.2438,0.1896,25.8,318.21,611.94,Loyal Customers,"Cross-sell premium categories, early bird access, referral incentives."
17165,2011-02-28 16:39:00,2011-02-28 16:39:00,1,100,158.68,10,0.0,0.0,0.0,284,284,158.68,284.0,1,-0.4173,0.0222,61.3,10.26,19.73,Hibernating / Inactive,"Automated reactivation campaign, steep 20% discount offer, clearance alerts."
17166,2011-05-20 08:18:00,2011-11-01 09:46:00,2,78,206.34,11,1.0,3.0,33.33,39,204,103.17,165.0,2,-0.0431,-0.1141,19.5,38.64,74.3,Promising New,"Welcome discount on 2nd purchase, onboarding email journey, product tips."
17169,2011-06-09 13:16:00,2011-10-13 10:25:00,2,526,835.78,51,2.0,7.0,50.0,58,183,417.89,125.0,2,-0.0554,-0.0078,26.3,159.71,307.14,Loyal Customers,"Cross-sell premium categories, early bird access, referral incentives."
17171,2011-02-23 16:37:00,2011-02-23 16:37:00,1,185,224.91,16,0.0,0.0,0.0,289,289,224.91,289.0,1,-0.4087,0.039,61.3,14.29,27.48,Hibernating / Inactive,"Automated reactivation campaign, steep 20% discount offer, clearance alerts."
17172,2011-09-22 09:36:00,2011-09-22 09:36:00,1,480,317.76,15,1.0,1.0,50.0,79,79,317.76,79.0,1,-0.2072,-0.1022,38.8,101.12,194.47,Low Value Occasional,Target with low-barrier impulse buys and seasonal holiday campaigns.
17173,2011-07-31 15:26:00,2011-12-04 14:40:00,8,1122,3766.6,36,1.0,1.0,11.11,5,131,470.82,18.0,0,0.5358,0.0239,12.4,1195.13,2298.32,Champions (VIP),"Exclusive VIP preview, concierge service, high-tier loyalty gifts."
17174,2011-05-06 11:47:00,2011-05-06 11:47:00,1,41,59.9,4,0.0,0.0,0.0,218,218,59.9,218.0,1,-0.4096,-0.0507,61.3,5.05,9.7,Hibernating / Inactive,"Automated reactivation campaign, steep 20% discount offer, clearance alerts."
17175,2011-02-16 14:56:00,2011-10-26 15:31:00,4,866,1443.69,42,1.0,1.0,20.0,44,296,360.92,84.0,3,0.0975,0.0962,24.0,175.89,338.24,Loyal Customers,"Cross-sell premium categories, early bird access, referral incentives."
17176,2011-05-22 12:41:00,2011-05-22 12:41:00,1,170,306.13,15,0.0,0.0,0.0,202,202,306.13,202.0,1,-0.346,0.0089,61.3,27.83,53.52,Hibernating / Inactive,"Automated reactivation campaign, steep 20% discount offer, clearance alerts."
17179,2010-12-13 14:24:00,2011-06-14 16:48:00,3,290,711.79,56,0.0,0.0,0.0,178,361,237.26,91.5,1,-0.1711,0.1836,77.4,21.14,40.66,Hibernating / Inactive,"Automated reactivation campaign, steep 20% discount offer, clearance alerts."
17180,2011-01-27 18:05:00,2011-10-14 15:46:00,4,670,783.97,91,2.0,3.0,33.33,56,316,195.99,86.7,3,0.0428,0.0989,28.3,84.4,162.32,Loyal Customers,"Cross-sell premium categories, early bird access, referral incentives."
17181,2010-12-01 12:38:00,2011-10-13 14:48:00,2,241,239.92,23,0.0,0.0,0.0,57,374,119.96,317.0,2,-0.0931,-0.0628,22.9,23.47,45.13,Low Value Occasional,Target with low-barrier impulse buys and seasonal holiday campaigns.
17183,2011-08-26 15:25:00,2011-12-02 10:07:00,6,1296,3347.31,42,2.0,32.0,25.0,8,105,557.88,19.4,0,0.4253,0.0121,14.6,1291.8,2484.24,Champions (VIP),"Exclusive VIP preview, concierge service, high-tier loyalty gifts."
17186,2011-10-10 12:52:00,2011-10-24 10:20:00,2,200,144.0,1,0.0,0.0,0.0,47,60,72.0,13.0,2,-0.0816,-0.1073,64.6,26.51,50.98,Low Value Occasional,Target with low-barrier impulse buys and seasonal holiday campaigns.
17187,2011-04-27 12:39:00,2011-04-27 12:39:00,1,144,203.95,10,0.0,0.0,0.0,227,227,203.95,227.0,1,-0.3763,0.0058,61.3,16.5,31.73,Hibernating / Inactive,"Automated reactivation campaign, steep 20% discount offer, clearance alerts."
17188,2010-12-12 12:56:00,2011-11-28 13:53:00,7,1328,2474.23,71,2.0,27.0,22.22,11,362,353.46,58.5,0,0.3978,0.0637,12.7,283.13,544.47,Champions (VIP),"Exclusive VIP preview, concierge service, high-tier loyalty gifts."
17189,2010-12-15 17:28:00,2011-08-25 19:39:00,2,226,383.75,52,0.0,0.0,0.0,106,359,191.88,253.0,1,-0.1685,0.0312,36.4,32.26,62.04,Low Value Occasional,Target with low-barrier impulse buys and seasonal holiday campaigns.
17190,2011-05-16 15:29:00,2011-10-12 11:33:00,2,161,444.74,19,1.0,1.0,33.33,59,207,222.37,148.0,2,-0.0783,-0.0325,25.7,75.75,145.67,Potential Loyalists,"Offer bundle discounts, volume incentives, brand engagement newsletters."
17191,2010-12-06 14:36:00,2011-11-11 16:58:00,7,1166,2093.68,163,0.0,0.0,0.0,28,368,299.1,56.7,3,0.262,0.1634,20.0,215.97,415.33,Champions (VIP),"Exclusive VIP preview, concierge service, high-tier loyalty gifts."
17193,2011-06-16 10:04:00,2011-11-04 12:47:00,7,1254,1699.3,17,2.0,16.0,22.22,36,177,242.76,23.5,3,0.2192,0.184,38.6,279.71,537.9,Loyal Customers,"Cross-sell premium categories, early bird access, referral incentives."
17194,2010-12-14 12:06:00,2011-03-11 12:05:00,2,119,262.62,26,0.0,0.0,0.0,274,361,131.31,87.0,1,-0.3203,0.1293,92.7,2.52,4.85,Hibernating / Inactive,"Automated reactivation campaign, steep 20% discount offer, clearance alerts."
17197,2011-11-10 10:32:00,2011-11-10 10:32:00,1,191,1013.01,29,0.0,0.0,0.0,30,30,1013.01,30.0,2,-0.0296,-0.1676,27.9,379.8,730.38,Loyal Customers,"Cross-sell premium categories, early bird access, referral incentives."
17198,2010-12-03 14:54:00,2011-11-16 10:39:00,3,357,692.22,89,0.0,0.0,0.0,24,371,230.74,173.5,2,0.119,-0.0557,15.1,75.16,144.55,Potential Loyalists,"Offer bundle discounts, volume incentives, brand engagement newsletters."
17201,2011-10-17 11:55:00,2011-10-17 11:55:00,1,231,289.78,38,0.0,0.0,0.0,54,54,289.78,54.0,2,-0.1547,-0.1514,33.3,100.51,193.28,Low Value Occasional,Target with low-barrier impulse buys and seasonal holiday campaigns.
17203,2011-10-10 14:37:00,2011-11-04 12:27:00,6,2846,3560.08,116,0.0,0.0,0.0,36,60,593.35,4.8,3,0.2182,0.1857,55.0,833.06,1602.04,Loyal Customers,"Cross-sell premium categories, early bird access, referral incentives."
17204,2011-03-21 12:42:00,2011-06-17 14:46:00,4,646,1564.56,44,5.0,57.0,55.56,175,264,391.14,29.7,3,-0.1016,0.2646,98.0,5.62,10.82,At-Risk High Spenders,"High-priority win-back promotion, dedicated account check-in, special survey."
17205,2011-10-17 12:46:00,2011-10-17 12:46:00,1,884,384.08,13,0.0,0.0,0.0,54,54,384.08,54.0,2,-0.1457,-0.1394,33.3,133.21,256.18,Low Value Occasional,Target with low-barrier impulse buys and seasonal holiday campaigns.
17206,2011-10-17 13:25:00,2011-10-17 13:25:00,1,76,204.24,7,0.0,0.0,0.0,53,53,204.24,53.0,2,-0.1633,-0.1684,33.0,71.16,136.84,Low Value Occasional,Target with low-barrier impulse buys and seasonal holiday campaigns.
17211,2010-12-05 12:44:00,2011-11-13 12:03:00,8,1323,2317.22,150,1.0,13.0,11.11,27,370,289.65,49.0,3,0.2924,0.1897,20.6,235.95,453.75,Champions (VIP),"Exclusive VIP preview, concierge service, high-tier loyalty gifts."
17212,2011-03-31 19:42:00,2011-03-31 19:42:00,1,147,226.85,4,0.0,0.0,0.0,253,253,226.85,253.0,1,-0.3888,0.0233,61.3,16.47,31.66,Hibernating / Inactive,"Automated reactivation campaign, steep 20% discount offer, clearance alerts."
17213,2010-12-08 13:03:00,2011-10-30 14:53:00,7,1176,2781.23,85,4.0,9.0,36.36,40,366,397.32,54.3,3,0.22,0.2174,26.0,266.82,513.12,Loyal Customers,"Cross-sell premium categories, early bird access, referral incentives."
17214,2010-12-15 15:14:00,2011-10-10 13:17:00,6,272,1059.12,79,1.0,1.0,14.29,60,359,176.52,59.8,3,0.1052,0.1947,34.6,91.55,176.06,Loyal Customers,"Cross-sell premium categories, early bird access, referral incentives."
17217,2011-04-19 17:19:00,2011-04-19 17:19:00,1,24,113.5,9,0.0,0.0,0.0,234,234,113.5,234.0,1,-0.3996,-0.0153,61.3,8.91,17.13,Hibernating / Inactive,"Automated reactivation campaign, steep 20% discount offer, clearance alerts."
17218,2010-12-06 15:25:00,2011-12-05 13:52:00,10,955,1951.97,146,0.0,0.0,0.0,4,368,195.2,40.4,0,0.5789,0.0186,10.3,225.77,434.17,Champions (VIP),"Exclusive VIP preview, concierge service, high-tier loyalty gifts."
17219,2011-11-08 11:25:00,2011-11-08 11:25:00,1,89,114.23,24,0.0,0.0,0.0,32,32,114.23,32.0,2,-0.1091,-0.2525,28.4,42.53,81.79,Promising New,"Welcome discount on 2nd purchase, onboarding email journey, product tips."
17220,2010-12-10 14:54:00,2011-11-15 13:47:00,14,1897,3187.55,303,0.0,0.0,0.0,24,364,227.68,26.2,0,0.4146,0.3031,25.2,310.81,597.7,Champions (VIP),"Exclusive VIP preview, concierge service, high-tier loyalty gifts."
17221,2011-11-03 17:39:00,2011-12-02 13:35:00,2,287,334.48,59,0.0,0.0,0.0,7,36,167.24,29.0,2,0.2104,-0.2884,12.4,152.36,293.0,Promising New,"Welcome discount on 2nd purchase, onboarding email journey, product tips."
17222,2011-10-05 13:58:00,2011-10-05 13:58:00,1,122,328.65,27,0.0,0.0,0.0,65,65,328.65,65.0,2,-0.1776,-0.124,35.7,109.89,211.32,Low Value Occasional,Target with low-barrier impulse buys and seasonal holiday campaigns.
17223,2010-12-06 14:08:00,2011-02-02 15:57:00,2,110,416.89,43,0.0,0.0,0.0,310,368,208.44,58.0,1,-0.3236,0.1638,98.0,1.08,2.07,Hibernating / Inactive,"Automated reactivation campaign, steep 20% discount offer, clearance alerts."
17226,2011-02-04 11:52:00,2011-02-04 11:52:00,1,406,393.49,21,0.0,0.0,0.0,309,309,393.49,309.0,1,-0.4005,0.0708,61.3,23.38,44.97,Hibernating / Inactive,"Automated reactivation campaign, steep 20% discount offer, clearance alerts."
17227,2010-12-06 11:16:00,2011-11-21 10:51:00,6,741,939.32,28,0.0,0.0,0.0,19,369,156.55,70.0,3,0.2661,0.0547,15.4,102.18,196.51,Loyal Customers,"Cross-sell premium categories, early bird access, referral incentives."
17228,2010-12-02 16:00:00,2011-11-24 10:24:00,8,1532,1906.09,140,0.0,0.0,0.0,16,372,238.26,50.9,0,0.3598,0.121,15.2,206.17,396.49,Champions (VIP),"Exclusive VIP preview, concierge service, high-tier loyalty gifts."
17229,2011-07-20 12:38:00,2011-09-04 13:56:00,2,185,318.76,39,0.0,0.0,0.0,96,143,159.38,47.0,1,-0.16,0.0115,60.8,41.46,79.73,Low Value Occasional,Target with low-barrier impulse buys and seasonal holiday campaigns.
17230,2010-12-15 11:22:00,2011-03-20 16:12:00,8,1651,3638.41,51,3.0,98.0,27.27,264,360,454.8,13.7,3,-0.0253,0.4807,98.0,9.59,18.44,At-Risk High Spenders,"High-priority win-back promotion, dedicated account check-in, special survey."
17231,2010-12-13 14:16:00,2011-11-27 15:18:00,10,1724,3124.72,292,4.0,6.0,28.57,12,361,312.47,38.8,0,0.4529,0.1542,14.3,351.98,676.88,Champions (VIP),"Exclusive VIP preview, concierge service, high-tier loyalty gifts."
17232,2011-11-25 12:24:00,2011-12-07 12:21:00,2,202,417.77,30,0.0,0.0,0.0,3,15,208.88,12.0,2,0.3201,-0.3628,11.2,192.9,370.97,Promising New,"Welcome discount on 2nd purchase, onboarding email journey, product tips."
17233,2011-11-04 14:06:00,2011-11-04 14:06:00,1,131,190.88,25,0.0,0.0,0.0,35,35,190.88,35.0,2,-0.1055,-0.2203,29.0,70.47,135.52,Promising New,"Welcome discount on 2nd purchase, onboarding email journey, product tips."
17234,2011-06-10 11:20:00,2011-06-10 11:20:00,1,55,149.89,14,0.0,0.0,0.0,183,183,149.89,183.0,1,-0.3545,-0.0332,61.3,15.04,28.92,Hibernating / Inactive,"Automated reactivation campaign, steep 20% discount offer, clearance alerts."
17235,2010-12-02 13:38:00,2011-11-14 15:51:00,2,224,550.06,24,0.0,0.0,0.0,25,372,275.03,347.0,2,0.0522,-0.1247,14.7,59.85,115.09,Promising New,"Welcome discount on 2nd purchase, onboarding email journey, product tips."
17236,2010-12-12 11:49:00,2011-11-27 12:00:00,6,474,916.13,88,0.0,0.0,0.0,13,363,152.69,70.0,0,0.3181,0.0105,13.2,103.95,199.9,Loyal Customers,"Cross-sell premium categories, early bird access, referral incentives."
17237,2011-11-17 12:55:00,2011-11-28 15:02:00,2,105,314.69,18,0.0,0.0,0.0,11,22,157.34,11.0,2,0.1485,-0.2419,20.3,130.42,250.8,Promising New,"Welcome discount on 2nd purchase, onboarding email journey, product tips."
17238,2010-12-03 15:05:00,2011-12-07 11:35:00,17,1807,3719.1,297,0.0,0.0,0.0,3,371,218.77,23.0,0,0.7245,0.1285,10.4,426.19,819.6,Champions (VIP),"Exclusive VIP preview, concierge service, high-tier loyalty gifts."
17239,2011-01-31 09:41:00,2011-01-31 09:41:00,1,150,382.5,15,1.0,1.0,50.0,313,313,382.5,313.0,1,-0.4033,0.0711,61.3,22.44,43.15,Hibernating / Inactive,"Automated reactivation campaign, steep 20% discount offer, clearance alerts."
17242,2011-06-12 13:04:00,2011-08-23 14:55:00,2,611,1135.04,30,0.0,0.0,0.0,108,180,567.52,72.0,1,-0.1363,0.0795,54.0,137.64,264.69,Potential Loyalists,"Offer bundle discounts, volume incentives, brand engagement newsletters."
17244,2011-10-17 15:19:00,2011-10-17 15:19:00,1,616,954.9,31,0.0,0.0,0.0,53,53,954.9,53.0,2,-0.1135,-0.103,33.0,332.69,639.78,Loyal Customers,"Cross-sell premium categories, early bird access, referral incentives."
17245,2011-05-19 10:43:00,2011-05-19 10:43:00,1,75,171.45,9,0.0,0.0,0.0,205,205,171.45,205.0,1,-0.3669,-0.0138,61.3,15.36,29.53,Hibernating / Inactive,"Automated reactivation campaign, steep 20% discount offer, clearance alerts."
17247,2011-11-24 15:21:00,2011-11-24 15:21:00,1,105,280.09,53,0.0,0.0,0.0,15,15,280.09,15.0,2,0.0267,-0.3022,24.6,109.82,211.19,Promising New,"Welcome discount on 2nd purchase, onboarding email journey, product tips."
17248,2011-08-11 13:34:00,2011-08-11 13:34:00,1,213,318.65,68,0.0,0.0,0.0,120,120,318.65,120.0,1,-0.2682,-0.052,47.9,65.65,126.24,Low Value Occasional,Target with low-barrier impulse buys and seasonal holiday campaigns.
17250,2011-03-23 16:45:00,2011-12-06 12:15:00,2,167,381.97,55,0.0,0.0,0.0,4,261,190.98,257.0,2,0.2842,-0.3396,9.5,62.84,120.85,Promising New,"Welcome discount on 2nd purchase, onboarding email journey, product tips."
17251,2010-12-12 11:06:00,2010-12-12 11:06:00,1,108,269.83,37,0.0,0.0,0.0,363,363,269.83,363.0,1,-0.4364,0.0742,61.3,13.65,26.25,Hibernating / Inactive,"Automated reactivation campaign, steep 20% discount offer, clearance alerts."
17252,2011-06-06 16:41:00,2011-08-15 09:45:00,2,192,348.91,86,0.0,0.0,0.0,117,186,174.46,69.0,1,-0.1861,0.039,59.5,36.05,69.33,Low Value Occasional,Target with low-barrier impulse buys and seasonal holiday campaigns.
17253,2011-11-21 12:59:00,2011-11-21 12:59:00,1,43,178.26,18,0.0,0.0,0.0,18,18,178.26,18.0,2,-0.0132,-0.3005,25.3,69.24,133.16,Promising New,"Welcome discount on 2nd purchase, onboarding email journey, product tips."
17254,2011-11-24 14:09:00,2011-12-05 12:46:00,2,251,271.19,100,0.0,0.0,0.0,5,15,135.6,10.0,2,0.2462,-0.3321,13.3,122.27,235.13,Promising New,"Welcome discount on 2nd purchase, onboarding email journey, product tips."
17255,2011-02-13 15:18:00,2011-10-30 12:18:00,2,227,291.48,69,0.0,0.0,0.0,41,299,145.74,258.0,2,-0.0391,-0.0936,19.1,37.42,71.96,Promising New,"Welcome discount on 2nd purchase, onboarding email journey, product tips."
17256,2011-01-31 14:53:00,2011-08-24 13:30:00,2,141,240.0,12,0.0,0.0,0.0,107,312,120.0,205.0,1,-0.185,0.0124,37.9,22.67,43.59,Low Value Occasional,Target with low-barrier impulse buys and seasonal holiday campaigns.
17259,2010-12-06 12:55:00,2011-07-14 15:01:00,2,388,581.23,104,0.0,0.0,0.0,148,368,290.62,220.0,1,-0.2041,0.0889,49.1,38.15,73.36,Potential Loyalists,"Offer bundle discounts, volume incentives, brand engagement newsletters."
17262,2010-12-08 13:30:00,2011-10-18 12:56:00,5,367,1253.36,9,0.0,0.0,0.0,52,366,250.67,78.5,3,0.1027,0.1506,27.6,117.64,226.24,Loyal Customers,"Cross-sell premium categories, early bird access, referral incentives."
17263,2011-05-15 14:32:00,2011-05-15 14:32:00,1,36,63.44,23,0.0,0.0,0.0,208,208,63.44,208.0,1,-0.4008,-0.0539,61.3,5.6,10.77,Hibernating / Inactive,"Automated reactivation campaign, steep 20% discount offer, clearance alerts."
17265,2011-06-12 12:00:00,2011-07-24 10:49:00,2,389,550.01,106,0.0,0.0,0.0,139,181,275.0,42.0,1,-0.1967,0.079,84.7,22.06,42.42,Potential Loyalists,"Offer bundle discounts, volume incentives, brand engagement newsletters."
17266,2011-07-15 11:57:00,2011-12-07 14:12:00,3,153,296.58,60,0.0,0.0,0.0,2,148,98.86,73.0,0,0.4052,-0.3482,9.2,86.34,166.03,Low Value Occasional,Target with low-barrier impulse buys and seasonal holiday campaigns.
17267,2011-08-04 17:19:00,2011-08-04 17:22:00,2,158,317.2,37,0.0,0.0,0.0,127,127,158.6,0.0,1,-0.2012,0.0448,88.2,13.98,26.89,Low Value Occasional,Target with low-barrier impulse buys and seasonal holiday campaigns.
17268,2011-04-08 13:20:00,2011-08-24 10:06:00,4,844,763.64,3,0.0,0.0,0.0,108,245,190.91,45.7,3,-0.0539,0.1762,68.3,46.88,90.16,Potential Loyalists,"Offer bundle discounts, volume incentives, brand engagement newsletters."
17272,2011-03-22 12:05:00,2011-10-28 16:37:00,4,1778,2148.63,70,1.0,2.0,20.0,42,263,537.16,73.7,3,0.117,0.1076,24.1,294.23,565.83,Loyal Customers,"Cross-sell premium categories, early bird access, referral incentives."
17274,2011-11-04 13:16:00,2011-11-04 13:16:00,1,77,107.82,24,0.0,0.0,0.0,35,35,107.82,35.0,2,-0.1239,-0.2444,29.0,39.81,76.55,Promising New,"Welcome discount on 2nd purchase, onboarding email journey, product tips."
17277,2011-01-21 12:37:00,2011-04-26 12:47:00,2,430,1065.35,67,0.0,0.0,0.0,228,323,532.68,95.0,1,-0.2481,0.1666,84.8,23.79,45.75,At-Risk High Spenders,"High-priority win-back promotion, dedicated account check-in, special survey."
17278,2011-04-12 13:10:00,2011-04-12 13:10:00,1,179,246.04,15,0.0,0.0,0.0,241,241,246.04,241.0,1,-0.379,0.0209,61.3,18.75,36.05,Hibernating / Inactive,"Automated reactivation campaign, steep 20% discount offer, clearance alerts."
17279,2011-10-13 11:58:00,2011-10-13 11:58:00,1,48,187.83,8,0.0,0.0,0.0,58,58,187.83,58.0,2,-0.1791,-0.1612,34.1,64.37,123.78,Low Value Occasional,Target with low-barrier impulse buys and seasonal holiday campaigns.
17282,2011-02-13 11:36:00,2011-08-01 14:29:00,3,1866,1685.46,79,0.0,0.0,0.0,130,300,561.82,85.0,3,-0.0971,0.1825,59.4,108.23,208.14,At-Risk High Spenders,"High-priority win-back promotion, dedicated account check-in, special survey."
17284,2011-01-07 14:31:00,2011-10-10 14:38:00,6,1362,1647.48,229,1.0,2.0,14.29,60,336,274.58,55.2,3,0.1194,0.2135,36.0,148.9,286.35,Loyal Customers,"Cross-sell premium categories, early bird access, referral incentives."
17286,2011-11-18 12:47:00,2011-11-18 12:47:00,1,117,151.37,44,0.0,0.0,0.0,22,22,151.37,22.0,2,-0.0467,-0.2843,26.1,58.17,111.86,Promising New,"Welcome discount on 2nd purchase, onboarding email journey, product tips."
17287,2010-12-02 12:22:00,2011-11-13 13:27:00,7,556,1049.06,88,0.0,0.0,0.0,26,373,149.87,57.8,3,0.2502,0.1254,19.0,108.1,207.88,Loyal Customers,"Cross-sell premium categories, early bird access, referral incentives."
17288,2010-12-16 13:33:00,2011-11-30 16:09:00,7,1201,1417.63,118,0.0,0.0,0.0,9,358,202.52,58.2,0,0.4068,0.018,12.0,165.35,317.98,Loyal Customers,"Cross-sell premium categories, early bird access, referral incentives."
17289,2011-06-12 13:51:00,2011-11-08 12:01:00,3,513,931.02,86,1.0,1.0,25.0,32,180,310.34,74.0,3,0.0876,-0.0095,20.2,195.85,376.64,Loyal Customers,"Cross-sell premium categories, early bird access, referral incentives."
17290,2011-11-23 15:53:00,2011-12-06 12:38:00,2,397,513.01,92,0.0,0.0,0.0,4,16,256.5,12.0,2,0.2937,-0.3271,12.2,234.22,450.41,Promising New,"Welcome discount on 2nd purchase, onboarding email journey, product tips."
17291,2011-02-04 13:04:00,2011-02-04 13:04:00,1,72,550.8,1,0.0,0.0,0.0,308,308,550.8,308.0,1,-0.3892,0.0847,61.3,32.84,63.15,Hibernating / Inactive,"Automated reactivation campaign, steep 20% discount offer, clearance alerts."
17293,2010-12-13 14:55:00,2011-12-01 14:37:00,9,1135,1854.06,93,0.0,0.0,0.0,8,361,206.01,44.1,0,0.4726,0.0663,12.0,214.46,412.42,Champions (VIP),"Exclusive VIP preview, concierge service, high-tier loyalty gifts."
17295,2011-10-06 12:22:00,2011-11-11 10:49:00,3,293,547.0,53,0.0,0.0,0.0,29,65,182.33,18.0,2,0.0845,-0.0436,38.4,175.21,336.95,Potential Loyalists,"Offer bundle discounts, volume incentives, brand engagement newsletters."
17297,2011-11-22 14:43:00,2011-11-22 14:43:00,1,65,128.18,49,0.0,0.0,0.0,17,17,128.18,17.0,2,-0.0158,-0.321,25.0,49.99,96.14,Promising New,"Welcome discount on 2nd purchase, onboarding email journey, product tips."
17298,2011-08-07 12:21:00,2011-08-30 16:43:00,2,387,498.42,30,0.0,0.0,0.0,101,125,249.21,24.0,1,-0.153,0.0365,80.2,37.46,72.04,Potential Loyalists,"Offer bundle discounts, volume incentives, brand engagement newsletters."
17299,2011-06-19 16:04:00,2011-11-28 12:01:00,4,668,656.61,50,0.0,0.0,0.0,12,173,164.15,53.7,0,0.2556,-0.0874,13.3,156.14,300.27,Potential Loyalists,"Offer bundle discounts, volume incentives, brand engagement newsletters."
17301,2011-11-18 13:43:00,2011-11-18 13:43:00,1,137,163.24,59,0.0,0.0,0.0,21,21,163.24,21.0,2,-0.0377,-0.2865,25.9,62.9,120.96,Promising New,"Welcome discount on 2nd purchase, onboarding email journey, product tips."
17302,2011-02-07 10:14:00,2011-11-25 09:36:00,5,575,1135.63,68,1.0,2.0,16.67,15,306,227.13,72.8,0,0.2765,0.0015,13.8,151.8,291.92,Loyal Customers,"Cross-sell premium categories, early bird access, referral incentives."
17303,2010-12-13 13:32:00,2010-12-13 13:32:00,1,144,250.04,53,0.0,0.0,0.0,361,361,250.04,361.0,1,-0.4381,0.0703,61.3,12.72,24.46,Hibernating / Inactive,"Automated reactivation campaign, steep 20% discount offer, clearance alerts."
17309,2011-09-05 15:20:00,2011-09-05 15:20:00,1,41,82.75,11,0.0,0.0,0.0,95,95,82.75,95.0,1,-0.2773,-0.1369,42.4,23.81,45.78,Low Value Occasional,Target with low-barrier impulse buys and seasonal holiday campaigns.
17311,2011-01-27 10:56:00,2011-09-22 14:11:00,2,1005,1384.85,55,0.0,0.0,0.0,78,317,692.42,239.0,3,-0.0822,0.049,29.1,146.97,282.63,Potential Loyalists,"Offer bundle discounts, volume incentives, brand engagement newsletters."
17312,2011-07-03 13:12:00,2011-07-24 11:52:00,3,372,644.3,11,0.0,0.0,0.0,139,159,214.77,10.0,1,-0.138,0.1497,90.9,17.5,33.65,Potential Loyalists,"Offer bundle discounts, volume incentives, brand engagement newsletters."
17313,2011-11-08 15:45:00,2011-11-08 15:45:00,1,1402,2328.84,24,1.0,20.0,50.0,31,31,2328.84,31.0,2,-0.0074,-0.1284,28.1,870.71,1674.44,Loyal Customers,"Cross-sell premium categories, early bird access, referral incentives."
17314,2011-01-31 11:25:00,2011-11-15 09:41:00,8,1896,2527.92,120,3.0,12.0,27.27,25,313,315.99,41.1,3,0.3062,0.1844,20.9,303.13,582.95,Champions (VIP),"Exclusive VIP preview, concierge service, high-tier loyalty gifts."
17317,2011-09-11 12:45:00,2011-10-24 17:19:00,3,1146,2600.34,8,2.0,72.0,40.0,46,90,866.78,22.0,3,0.0685,0.0769,50.4,670.68,1289.77,Loyal Customers,"Cross-sell premium categories, early bird access, referral incentives."
17320,2010-12-06 15:38:00,2011-08-31 13:31:00,3,634,1200.62,57,0.0,0.0,0.0,100,368,400.21,134.0,3,-0.0696,0.1366,39.5,93.66,180.11,Potential Loyalists,"Offer bundle discounts, volume incentives, brand engagement newsletters."
17321,2011-10-03 11:34:00,2011-12-01 13:41:00,2,364,657.16,94,0.0,0.0,0.0,8,68,328.58,60.0,2,0.2148,-0.2455,11.5,302.43,581.59,Promising New,"Welcome discount on 2nd purchase, onboarding email journey, product tips."
17323,2011-02-20 14:38:00,2011-11-24 17:29:00,7,760,906.52,125,2.0,6.0,22.22,15,292,129.5,46.2,0,0.3229,0.0559,15.1,125.06,240.51,Loyal Customers,"Cross-sell premium categories, early bird access, referral incentives."
17324,2010-12-08 12:45:00,2011-11-22 10:34:00,4,843,986.48,43,0.0,0.0,0.0,18,367,246.62,116.3,3,0.2126,-0.0242,14.0,109.69,210.94,Loyal Customers,"Cross-sell premium categories, early bird access, referral incentives."
17325,2011-03-04 13:09:00,2011-03-04 13:09:00,1,60,96.8,6,0.0,0.0,0.0,280,280,96.8,280.0,1,-0.4311,-0.0004,61.3,6.35,12.21,Hibernating / Inactive,"Automated reactivation campaign, steep 20% discount offer, clearance alerts."
17329,2011-01-28 15:29:00,2011-11-25 14:24:00,2,142,523.11,29,0.0,0.0,0.0,14,315,261.56,301.0,2,0.1319,-0.1934,12.0,69.34,133.35,Promising New,"Welcome discount on 2nd purchase, onboarding email journey, product tips."
17330,2011-10-03 11:26:00,2011-11-17 08:56:00,2,120,363.9,5,0.0,0.0,0.0,23,68,181.95,45.0,2,0.0507,-0.1519,19.1,153.09,294.4,Promising New,"Welcome discount on 2nd purchase, onboarding email journey, product tips."
17331,2011-08-08 11:55:00,2011-08-08 11:55:00,1,16,175.2,1,0.0,0.0,0.0,124,124,175.2,124.0,1,-0.2923,-0.0734,48.8,34.33,66.01,Low Value Occasional,Target with low-barrier impulse buys and seasonal holiday campaigns.
17333,2011-09-15 10:11:00,2011-09-15 10:11:00,1,375,494.25,28,0.0,0.0,0.0,86,86,494.25,86.0,1,-0.2053,-0.0733,40.4,153.18,294.57,Potential Loyalists,"Offer bundle discounts, volume incentives, brand engagement newsletters."
17334,2011-02-04 09:03:00,2011-02-10 14:59:00,2,315,307.02,11,1.0,1.0,33.33,302,309,153.51,7.0,1,-0.3296,0.1477,98.0,0.94,1.81,Hibernating / Inactive,"Automated reactivation campaign, steep 20% discount offer, clearance alerts."
17337,2011-02-02 17:06:00,2011-07-11 14:55:00,4,1247,1981.06,421,3.0,29.0,42.86,151,310,495.26,53.0,3,-0.0723,0.2569,83.6,49.73,95.63,At-Risk High Spenders,"High-priority win-back promotion, dedicated account check-in, special survey."
17338,2010-12-13 12:57:00,2011-11-22 14:23:00,8,3059,6493.54,389,2.0,5.0,20.0,17,361,811.69,49.1,0,0.391,0.18,15.8,718.66,1382.03,Champions (VIP),"Exclusive VIP preview, concierge service, high-tier loyalty gifts."
17339,2010-12-09 14:44:00,2011-09-06 13:29:00,2,152,243.36,9,0.0,0.0,0.0,94,365,121.68,271.0,1,-0.1656,-0.0025,32.9,21.23,40.82,Low Value Occasional,Target with low-barrier impulse buys and seasonal holiday campaigns.
17340,2010-12-08 15:56:00,2011-11-10 10:45:00,11,5967,12353.29,229,5.0,65.0,31.25,30,366,1123.03,33.6,0,0.385,0.3371,26.2,1181.94,2272.96,Champions (VIP),"Exclusive VIP preview, concierge service, high-tier loyalty gifts."
17341,2010-12-08 12:46:00,2011-07-06 12:33:00,3,443,682.29,147,0.0,0.0,0.0,157,367,227.43,105.0,1,-0.154,0.1667,64.8,31.05,59.71,Hibernating / Inactive,"Automated reactivation campaign, steep 20% discount offer, clearance alerts."
17343,2010-12-19 15:07:00,2010-12-19 15:07:00,1,56,193.64,17,0.0,0.0,0.0,355,355,193.64,355.0,1,-0.4438,0.0575,61.3,10.02,19.26,Hibernating / Inactive,"Automated reactivation campaign, steep 20% discount offer, clearance alerts."
17344,2011-10-24 12:56:00,2011-10-24 12:56:00,1,65,157.62,31,0.0,0.0,0.0,46,46,157.62,46.0,2,-0.1511,-0.1962,31.5,56.14,107.97,Low Value Occasional,Target with low-barrier impulse buys and seasonal holiday campaigns.
17345,2011-05-27 12:26:00,2011-11-24 15:03:00,4,341,519.69,70,0.0,0.0,0.0,15,197,129.92,60.7,2,0.2173,-0.0722,14.2,107.4,206.53,Potential Loyalists,"Offer bundle discounts, volume incentives, brand engagement newsletters."
17346,2010-12-01 14:34:00,2011-12-06 12:18:00,15,1617,2622.88,299,1.0,18.0,6.25,4,373,174.86,26.4,0,0.6583,0.1144,10.8,297.63,572.36,Champions (VIP),"Exclusive VIP preview, concierge service, high-tier loyalty gifts."
17347,2011-09-14 13:12:00,2011-09-14 13:12:00,1,216,228.96,1,0.0,0.0,0.0,86,86,228.96,86.0,1,-0.2301,-0.1059,40.4,70.96,136.46,Low Value Occasional,Target with low-barrier impulse buys and seasonal holiday campaigns.
17348,2011-02-15 10:49:00,2011-11-25 11:25:00,5,1398,1156.6,180,0.0,0.0,0.0,15,298,231.32,70.8,0,0.2771,0.0023,13.9,158.56,304.93,Loyal Customers,"Cross-sell premium categories, early bird access, referral incentives."
17349,2011-06-13 14:29:00,2011-06-13 14:29:00,1,102,98.25,8,0.0,0.0,0.0,179,179,98.25,179.0,1,-0.3648,-0.0537,61.0,10.16,19.53,Hibernating / Inactive,"Automated reactivation campaign, steep 20% discount offer, clearance alerts."
17350,2011-10-19 16:05:00,2011-12-01 15:47:00,4,770,1281.32,66,1.0,36.0,20.0,8,51,320.33,14.3,0,0.3315,-0.1035,16.4,557.02,1071.18,Loyal Customers,"Cross-sell premium categories, early bird access, referral incentives."
17351,2011-03-11 16:05:00,2011-11-03 18:45:00,3,113,587.15,22,0.0,0.0,0.0,36,273,195.72,118.5,3,0.0558,-0.0153,19.5,82.15,157.99,Potential Loyalists,"Offer bundle discounts, volume incentives, brand engagement newsletters."
17353,2011-07-08 16:17:00,2011-08-02 17:19:00,2,1200,1740.0,5,0.0,0.0,0.0,129,154,870.0,25.0,1,-0.1485,0.1189,87.9,64.87,124.75,At-Risk High Spenders,"High-priority win-back promotion, dedicated account check-in, special survey."
17354,2011-10-20 10:34:00,2011-10-20 10:34:00,1,1006,1393.06,15,0.0,0.0,0.0,51,51,1393.06,51.0,2,-0.0958,-0.0915,32.6,488.24,938.92,Loyal Customers,"Cross-sell premium categories, early bird access, referral incentives."
17356,2011-02-01 11:07:00,2011-02-01 11:07:00,1,166,178.22,19,0.0,0.0,0.0,312,312,178.22,312.0,1,-0.4275,0.0384,61.3,10.49,20.17,Hibernating / Inactive,"Automated reactivation campaign, steep 20% discount offer, clearance alerts."
17357,2011-11-15 16:29:00,2011-11-15 16:30:00,2,152,384.39,41,0.0,0.0,0.0,24,24,192.2,0.0,2,0.0465,-0.1446,39.2,121.53,233.72,Promising New,"Welcome discount on 2nd purchase, onboarding email journey, product tips."
17358,2010-12-19 14:16:00,2011-02-09 16:57:00,2,190,360.81,55,0.0,0.0,0.0,303,355,180.4,52.0,1,-0.3249,0.1549,98.0,0.96,1.85,Hibernating / Inactive,"Automated reactivation campaign, steep 20% discount offer, clearance alerts."
17359,2011-11-28 14:37:00,2011-11-28 14:37:00,1,161,127.86,13,0.0,0.0,0.0,11,11,127.86,11.0,2,0.044,-0.3702,20.3,52.99,101.9,Promising New,"Welcome discount on 2nd purchase, onboarding email journey, product tips."
17360,2011-06-08 17:09:00,2011-11-22 13:11:00,3,328,568.24,113,0.0,0.0,0.0,17,184,189.41,83.5,2,0.1612,-0.1038,14.2,125.73,241.78,Potential Loyalists,"Offer bundle discounts, volume incentives, brand engagement newsletters."
17361,2011-02-21 09:55:00,2011-10-21 15:43:00,3,157,488.2,26,0.0,0.0,0.0,49,292,162.73,121.5,3,0.0053,0.0133,23.6,60.61,116.56,Potential Loyalists,"Offer bundle discounts, volume incentives, brand engagement newsletters."
17362,2011-02-03 10:26:00,2011-04-14 14:43:00,2,191,312.23,30,0.0,0.0,0.0,239,310,156.12,71.0,1,-0.2946,0.1202,94.2,2.77,5.33,Hibernating / Inactive,"Automated reactivation campaign, steep 20% discount offer, clearance alerts."
17364,2011-01-12 16:57:00,2011-12-09 09:00:00,11,2692,4462.68,288,1.0,21.0,8.33,1,331,405.7,33.0,0,0.7573,-0.0378,9.0,582.17,1119.55,Champions (VIP),"Exclusive VIP preview, concierge service, high-tier loyalty gifts."
17365,2011-01-11 12:11:00,2011-11-27 12:13:00,8,4749,4767.36,278,0.0,0.0,0.0,13,333,595.92,45.7,0,0.4182,0.1365,14.2,582.85,1120.87,Champions (VIP),"Exclusive VIP preview, concierge service, high-tier loyalty gifts."
17367,2011-04-15 14:21:00,2011-04-15 14:21:00,1,149,167.55,33,0.0,0.0,0.0,238,238,167.55,238.0,1,-0.3896,0.0032,61.3,12.93,24.86,Hibernating / Inactive,"Automated reactivation campaign, steep 20% discount offer, clearance alerts."
17368,2011-01-06 11:57:00,2011-11-16 15:26:00,8,1377,1878.87,93,1.0,711.0,11.11,23,338,234.86,45.0,0,0.3084,0.1621,19.1,213.39,410.36,Champions (VIP),"Exclusive VIP preview, concierge service, high-tier loyalty gifts."
17370,2011-06-23 11:50:00,2011-09-28 10:14:00,4,540,446.18,31,0.0,0.0,0.0,73,170,111.54,32.3,3,-0.014,0.1066,59.0,51.06,98.19,Potential Loyalists,"Offer bundle discounts, volume incentives, brand engagement newsletters."
17371,2010-12-13 15:20:00,2011-11-22 13:30:00,3,151,418.4,83,0.0,0.0,0.0,17,361,139.47,172.0,2,0.1514,-0.1168,13.2,47.74,91.8,Potential Loyalists,"Offer bundle discounts, volume incentives, brand engagement newsletters."
17372,2010-12-12 12:00:00,2011-10-30 11:37:00,8,747,1337.18,215,0.0,0.0,0.0,41,363,167.15,46.0,3,0.2147,0.2153,28.6,124.8,240.01,Loyal Customers,"Cross-sell premium categories, early bird access, referral incentives."
17373,2011-01-31 11:46:00,2011-10-30 15:28:00,4,408,646.92,47,0.0,0.0,0.0,40,313,161.73,91.0,3,0.0853,0.0509,22.0,76.5,147.11,Potential Loyalists,"Offer bundle discounts, volume incentives, brand engagement newsletters."
17374,2011-03-03 12:53:00,2011-05-05 09:05:00,2,85,495.77,24,0.0,0.0,0.0,219,281,247.88,62.0,1,-0.2668,0.1292,95.2,4.02,7.73,Hibernating / Inactive,"Automated reactivation campaign, steep 20% discount offer, clearance alerts."
17375,2010-12-13 15:16:00,2011-05-24 15:45:00,3,367,400.1,63,1.0,6.0,25.0,199,361,133.37,81.0,1,-0.2061,0.1726,85.6,7.57,14.56,Hibernating / Inactive,"Automated reactivation campaign, steep 20% discount offer, clearance alerts."
17376,2011-02-01 14:12:00,2011-09-30 12:36:00,2,86,203.2,23,0.0,0.0,0.0,71,311,101.6,240.0,1,-0.1304,-0.0437,27.2,22.57,43.4,Low Value Occasional,Target with low-barrier impulse buys and seasonal holiday campaigns.
17377,2010-12-01 12:35:00,2011-11-16 11:17:00,20,2038,4058.32,190,1.0,1.0,4.76,24,374,202.92,18.4,0,0.4851,0.3882,31.8,351.16,675.31,Champions (VIP),"Exclusive VIP preview, concierge service, high-tier loyalty gifts."
17379,2011-11-28 13:56:00,2011-11-28 13:56:00,1,623,389.72,71,0.0,0.0,0.0,11,11,389.72,11.0,2,0.0799,-0.323,20.3,161.52,310.61,Promising New,"Welcome discount on 2nd purchase, onboarding email journey, product tips."
17382,2011-10-05 13:05:00,2011-10-05 13:05:00,1,25,65.4,2,0.0,0.0,0.0,65,65,65.4,65.0,1,-0.2294,-0.1921,35.7,21.87,42.05,Low Value Occasional,Target with low-barrier impulse buys and seasonal holiday campaigns.
17383,2011-12-05 17:36:00,2011-12-05 17:36:00,1,148,193.39,49,0.0,0.0,0.0,4,4,193.39,4.0,2,0.1868,-0.4586,12.2,88.29,169.8,Promising New,"Welcome discount on 2nd purchase, onboarding email journey, product tips."
17384,2011-05-04 16:07:00,2011-11-20 15:48:00,2,88,336.4,12,0.0,0.0,0.0,19,219,168.2,200.0,2,0.0752,-0.1773,13.6,62.97,121.1,Promising New,"Welcome discount on 2nd purchase, onboarding email journey, product tips."
17385,2011-11-25 11:02:00,2011-11-25 11:02:00,1,197,256.11,42,0.0,0.0,0.0,15,15,256.11,15.0,2,0.0238,-0.306,24.6,100.42,193.11,Promising New,"Welcome discount on 2nd purchase, onboarding email journey, product tips."
17386,2011-06-27 12:11:00,2011-12-02 11:28:00,6,1902,2686.42,23,0.0,0.0,0.0,8,166,447.74,31.6,0,0.4181,0.0027,12.8,669.61,1287.71,Champions (VIP),"Exclusive VIP preview, concierge service, high-tier loyalty gifts."
17387,2011-11-06 11:25:00,2011-11-20 11:00:00,2,522,746.81,71,0.0,0.0,0.0,20,34,373.4,14.0,2,0.0937,-0.1375,33.2,259.41,498.86,Loyal Customers,"Cross-sell premium categories, early bird access, referral incentives."
17388,2011-02-25 12:28:00,2011-09-23 10:31:00,4,1068,1259.56,13,0.0,0.0,0.0,78,288,314.89,70.0,3,0.0098,0.1585,40.5,123.48,237.45,Potential Loyalists,"Offer bundle discounts, volume incentives, brand engagement newsletters."
17391,2011-06-28 12:21:00,2011-06-29 09:58:00,2,480,508.8,2,0.0,0.0,0.0,164,165,254.4,1.0,1,-0.2235,0.0955,96.4,5.27,10.13,Hibernating / Inactive,"Automated reactivation campaign, steep 20% discount offer, clearance alerts."
17392,2010-12-16 19:04:00,2011-02-06 12:48:00,2,277,417.27,53,0.0,0.0,0.0,307,358,208.64,51.0,1,-0.3221,0.1626,98.0,1.11,2.13,Hibernating / Inactive,"Automated reactivation campaign, steep 20% discount offer, clearance alerts."
17394,2011-05-04 13:22:00,2011-05-04 13:22:00,1,241,203.87,4,0.0,0.0,0.0,219,219,203.87,219.0,1,-0.371,0.0014,61.3,17.09,32.87,Hibernating / Inactive,"Automated reactivation campaign, steep 20% discount offer, clearance alerts."
17396,2010-12-03 09:45:00,2011-10-31 14:12:00,8,2005,7330.8,24,0.0,0.0,0.0,39,372,916.35,47.6,3,0.2769,0.2818,27.1,681.67,1310.9,Loyal Customers,"Cross-sell premium categories, early bird access, referral incentives."
17397,2011-11-17 13:58:00,2011-11-17 14:08:00,2,250,681.41,88,0.0,0.0,0.0,22,22,340.7,0.0,2,0.0773,-0.1304,36.2,226.06,434.73,Promising New,"Welcome discount on 2nd purchase, onboarding email journey, product tips."
17398,2011-03-29 13:04:00,2011-08-17 09:48:00,3,310,653.38,30,0.0,0.0,0.0,115,255,217.79,70.0,3,-0.1097,0.1275,58.1,50.94,97.96,Potential Loyalists,"Offer bundle discounts, volume incentives, brand engagement newsletters."
17400,2010-12-21 17:16:00,2011-08-05 15:38:00,5,1088,2097.84,175,0.0,0.0,0.0,126,353,419.57,56.8,3,-0.0099,0.2782,70.2,84.03,161.6,At-Risk High Spenders,"High-priority win-back promotion, dedicated account check-in, special survey."
17402,2010-12-05 13:53:00,2011-12-05 10:15:00,13,701,2633.85,33,0.0,0.0,0.0,5,369,202.6,30.3,0,0.6066,0.107,11.2,300.75,578.37,Champions (VIP),"Exclusive VIP preview, concierge service, high-tier loyalty gifts."
17403,2011-11-03 15:18:00,2011-11-03 15:18:00,1,111,263.92,32,0.0,0.0,0.0,36,36,263.92,36.0,2,-0.0991,-0.2033,29.3,97.03,186.59,Promising New,"Welcome discount on 2nd purchase, onboarding email journey, product tips."
17405,2011-07-12 14:17:00,2011-12-08 17:12:00,3,726,1031.41,77,2.0,21.0,40.0,1,150,343.8,74.5,0,0.5053,-0.3443,8.9,297.23,571.59,Loyal Customers,"Cross-sell premium categories, early bird access, referral incentives."
17406,2010-12-08 10:35:00,2011-01-10 15:07:00,3,780,2184.42,99,2.0,3.0,40.0,333,367,728.14,17.0,1,-0.2271,0.3067,98.0,5.65,10.86,At-Risk High Spenders,"High-priority win-back promotion, dedicated account check-in, special survey."
17408,2011-06-29 12:53:00,2011-06-29 12:53:00,1,3,32.65,2,0.0,0.0,0.0,163,163,32.65,163.0,1,-0.386,-0.1109,57.5,4.04,7.77,Hibernating / Inactive,"Automated reactivation campaign, steep 20% discount offer, clearance alerts."
17409,2011-04-05 16:42:00,2011-06-08 10:36:00,2,105,771.85,13,0.0,0.0,0.0,185,248,385.92,63.0,1,-0.2277,0.1277,90.9,13.44,25.84,Hibernating / Inactive,"Automated reactivation campaign, steep 20% discount offer, clearance alerts."
17410,2011-05-08 15:21:00,2011-11-23 15:46:00,5,616,1214.72,57,0.0,0.0,0.0,16,215,242.94,49.8,0,0.2698,0.0117,15.3,227.07,436.66,Loyal Customers,"Cross-sell premium categories, early bird access, referral incentives."
17411,2011-03-23 13:44:00,2011-11-27 14:25:00,3,306,778.94,39,1.0,8.0,25.0,12,261,259.65,124.5,2,0.2195,-0.1298,12.1,124.48,239.38,Loyal Customers,"Cross-sell premium categories, early bird access, referral incentives."
17412,2010-12-02 16:29:00,2011-12-07 11:36:00,7,738,1258.06,48,0.0,0.0,0.0,3,372,179.72,61.5,0,0.5384,-0.0979,9.6,145.06,278.97,Loyal Customers,"Cross-sell premium categories, early bird access, referral incentives."
17414,2011-06-08 11:43:00,2011-10-27 12:13:00,2,2100,778.0,5,0.0,0.0,0.0,44,185,389.0,141.0,2,-0.0177,-0.0436,21.4,156.84,301.62,Loyal Customers,"Cross-sell premium categories, early bird access, referral incentives."
17415,2011-09-21 12:50:00,2011-09-21 12:50:00,1,114,507.84,14,0.0,0.0,0.0,79,79,507.84,79.0,1,-0.192,-0.0823,38.8,161.62,310.8,Potential Loyalists,"Offer bundle discounts, volume incentives, brand engagement newsletters."
17416,2011-03-03 13:45:00,2011-11-10 12:47:00,7,4302,6893.42,186,2.0,36.0,22.22,30,281,984.77,41.8,3,0.2906,0.2221,23.5,890.48,1712.46,Champions (VIP),"Exclusive VIP preview, concierge service, high-tier loyalty gifts."
17418,2011-01-20 11:39:00,2011-10-28 13:00:00,2,289,463.46,29,0.0,0.0,0.0,42,324,231.73,282.0,2,-0.0277,-0.0711,19.2,54.84,105.47,Promising New,"Welcome discount on 2nd purchase, onboarding email journey, product tips."
17419,2010-12-07 15:03:00,2011-11-28 13:47:00,12,1876,4226.57,155,2.0,4.0,14.29,11,367,352.21,32.4,0,0.5056,0.1945,14.4,467.76,899.55,Champions (VIP),"Exclusive VIP preview, concierge service, high-tier loyalty gifts."
17420,2010-12-01 09:56:00,2011-10-20 14:52:00,3,265,598.83,28,0.0,0.0,0.0,50,374,199.61,162.0,3,0.009,0.0244,22.7,58.73,112.94,Potential Loyalists,"Offer bundle discounts, volume incentives, brand engagement newsletters."
17422,2011-02-16 14:44:00,2011-11-23 13:27:00,6,2253,1979.37,93,4.0,58.0,40.0,16,296,329.9,56.0,0,0.3143,0.0667,14.9,270.03,519.28,Champions (VIP),"Exclusive VIP preview, concierge service, high-tier loyalty gifts."
17423,2011-05-06 09:14:00,2011-10-24 13:36:00,2,459,698.41,26,2.0,38.0,50.0,46,218,349.2,172.0,2,-0.0276,-0.0429,21.4,119.48,229.78,Potential Loyalists,"Offer bundle discounts, volume incentives, brand engagement newsletters."
17425,2011-10-10 11:37:00,2011-11-20 15:30:00,2,407,759.17,42,0.0,0.0,0.0,19,61,379.58,42.0,2,0.1014,-0.1427,17.5,325.68,626.31,Loyal Customers,"Cross-sell premium categories, early bird access, referral incentives."
17426,2011-03-02 16:34:00,2011-12-01 18:07:00,6,3094,5037.26,179,1.0,12.0,14.29,8,282,839.54,54.8,0,0.4385,0.0295,11.7,748.41,1439.25,Champions (VIP),"Exclusive VIP preview, concierge service, high-tier loyalty gifts."
17427,2011-09-29 11:29:00,2011-09-29 11:29:00,1,34,100.8,2,0.0,0.0,0.0,72,72,100.8,72.0,1,-0.2305,-0.1618,37.3,32.86,63.2,Low Value Occasional,Target with low-barrier impulse buys and seasonal holiday campaigns.
17429,2011-05-05 09:53:00,2011-08-03 13:22:00,3,624,524.92,36,1.0,8.0,25.0,128,219,174.97,45.5,1,-0.1325,0.1311,78.2,24.79,47.68,Potential Loyalists,"Offer bundle discounts, volume incentives, brand engagement newsletters."
17430,2010-12-09 13:05:00,2011-11-07 09:24:00,2,190,265.76,14,0.0,0.0,0.0,33,365,132.88,332.0,2,-0.0109,-0.1231,16.8,28.74,55.28,Promising New,"Welcome discount on 2nd purchase, onboarding email journey, product tips."
17431,2011-01-30 14:36:00,2011-01-30 14:36:00,1,292,403.3,41,0.0,0.0,0.0,313,313,403.3,313.0,1,-0.4016,0.0734,61.3,23.66,45.5,Hibernating / Inactive,"Automated reactivation campaign, steep 20% discount offer, clearance alerts."
17432,2011-11-02 17:30:00,2011-11-21 17:33:00,2,207,365.76,44,0.0,0.0,0.0,18,37,182.88,19.0,2,0.0854,-0.1799,24.4,143.79,276.51,Promising New,"Welcome discount on 2nd purchase, onboarding email journey, product tips."
17433,2011-09-12 14:24:00,2011-09-12 14:24:00,1,185,303.16,53,0.0,0.0,0.0,88,88,303.16,88.0,1,-0.2244,-0.0912,40.8,93.32,179.47,Low Value Occasional,Target with low-barrier impulse buys and seasonal holiday campaigns.
17434,2011-09-15 13:54:00,2011-12-07 13:16:00,7,1693,2373.82,100,2.0,8.0,22.22,2,85,339.12,13.8,0,0.6014,-0.1057,10.3,1107.25,2129.33,Champions (VIP),"Exclusive VIP preview, concierge service, high-tier loyalty gifts."
17436,2011-04-27 11:33:00,2011-12-08 12:30:00,2,90,216.3,7,0.0,0.0,0.0,2,227,108.15,225.0,2,0.3414,-0.4255,9.0,41.14,79.12,Promising New,"Welcome discount on 2nd purchase, onboarding email journey, product tips."
17438,2011-03-31 10:26:00,2011-03-31 10:26:00,1,103,388.45,17,1.0,3.0,50.0,254,254,388.45,254.0,1,-0.3721,0.0466,61.3,28.08,54.01,Hibernating / Inactive,"Automated reactivation campaign, steep 20% discount offer, clearance alerts."
17440,2011-04-06 12:05:00,2011-07-06 11:54:00,3,246,186.42,3,2.0,14.0,40.0,157,248,62.14,45.5,1,-0.1958,0.1117,89.6,3.71,7.13,Hibernating / Inactive,"Automated reactivation campaign, steep 20% discount offer, clearance alerts."
17442,2011-02-22 13:02:00,2011-11-03 09:17:00,6,1496,2248.56,96,4.0,6.0,40.0,37,290,374.76,50.6,3,0.1995,0.1694,25.3,274.83,528.52,Loyal Customers,"Cross-sell premium categories, early bird access, referral incentives."
17446,2011-02-02 14:40:00,2011-06-16 10:42:00,2,198,120.9,6,0.0,0.0,0.0,177,310,60.45,133.0,1,-0.2809,0.0439,66.3,6.24,11.99,Hibernating / Inactive,"Automated reactivation campaign, steep 20% discount offer, clearance alerts."
17447,2011-09-29 10:10:00,2011-10-30 14:18:00,2,443,541.53,33,0.0,0.0,0.0,40,72,270.76,32.0,2,-0.0156,-0.0702,34.4,184.72,355.24,Promising New,"Welcome discount on 2nd purchase, onboarding email journey, product tips."
17449,2010-12-15 10:57:00,2011-12-07 16:56:00,7,1121,2519.21,178,1.0,7.0,12.5,2,360,359.89,59.7,0,0.6034,-0.1032,9.3,301.17,579.17,Champions (VIP),"Exclusive VIP preview, concierge service, high-tier loyalty gifts."
17451,2011-08-26 11:54:00,2011-12-08 15:02:00,7,1203,1721.4,83,3.0,25.0,30.0,1,106,245.91,17.5,0,0.651,-0.1684,9.2,699.67,1345.51,Champions (VIP),"Exclusive VIP preview, concierge service, high-tier loyalty gifts."
17453,2011-10-06 17:02:00,2011-11-22 09:42:00,2,219,486.72,19,0.0,0.0,0.0,18,64,243.36,46.0,2,0.0947,-0.1678,16.5,211.33,406.41,Promising New,"Welcome discount on 2nd purchase, onboarding email journey, product tips."
17454,2010-12-15 10:54:00,2011-05-31 13:58:00,4,243,517.53,57,0.0,0.0,0.0,192,360,129.38,56.0,1,-0.1509,0.2288,94.6,3.68,7.08,Hibernating / Inactive,"Automated reactivation campaign, steep 20% discount offer, clearance alerts."
17455,2011-05-20 12:31:00,2011-05-20 12:31:00,1,66,131.7,8,0.0,0.0,0.0,204,204,131.7,204.0,1,-0.3746,-0.0256,61.3,11.86,22.8,Hibernating / Inactive,"Automated reactivation campaign, steep 20% discount offer, clearance alerts."
17456,2010-12-09 15:23:00,2010-12-09 15:23:00,1,222,249.86,17,0.0,0.0,0.0,365,365,249.86,365.0,1,-0.4397,0.0716,61.3,12.57,24.17,Hibernating / Inactive,"Automated reactivation campaign, steep 20% discount offer, clearance alerts."
17457,2011-01-04 14:33:00,2011-08-05 12:48:00,5,826,1737.7,14,0.0,0.0,0.0,127,339,347.54,53.0,3,-0.0171,0.2711,73.0,65.67,126.29,At-Risk High Spenders,"High-priority win-back promotion, dedicated account check-in, special survey."
17458,2011-11-24 13:01:00,2011-11-24 13:01:00,1,170,316.5,52,0.0,0.0,0.0,15,15,316.5,15.0,2,0.0307,-0.297,24.6,124.09,238.64,Promising New,"Welcome discount on 2nd purchase, onboarding email journey, product tips."
17459,2011-10-10 17:00:00,2011-10-27 13:25:00,2,537,657.3,88,0.0,0.0,0.0,43,60,328.65,17.0,2,-0.0198,-0.0535,56.0,150.39,289.21,Promising New,"Welcome discount on 2nd purchase, onboarding email journey, product tips."
17460,2010-12-01 16:24:00,2011-09-06 15:04:00,6,236,622.43,18,2.0,60.0,25.0,94,373,103.74,55.8,3,0.0225,0.2257,54.2,36.27,69.74,Potential Loyalists,"Offer bundle discounts, volume incentives, brand engagement newsletters."
17461,2011-11-10 12:01:00,2011-11-17 10:21:00,3,770,735.82,104,0.0,0.0,0.0,23,30,245.27,3.5,2,0.1271,-0.058,37.7,238.37,458.41,Loyal Customers,"Cross-sell premium categories, early bird access, referral incentives."
17462,2011-02-28 17:01:00,2011-10-10 13:56:00,2,227,675.69,25,1.0,3.0,33.33,60,284,337.84,224.0,2,-0.0672,-0.0128,24.5,85.23,163.91,Potential Loyalists,"Offer bundle discounts, volume incentives, brand engagement newsletters."
17463,2011-01-30 15:48:00,2011-11-23 13:40:00,5,1086,1875.86,162,1.0,5.0,16.67,16,313,375.17,74.2,0,0.2838,0.0301,14.1,244.28,469.76,Champions (VIP),"Exclusive VIP preview, concierge service, high-tier loyalty gifts."
17464,2011-07-04 13:19:00,2011-07-04 13:19:00,1,220,289.96,9,0.0,0.0,0.0,158,158,289.96,158.0,1,-0.3117,-0.0229,56.4,37.97,73.01,Hibernating / Inactive,"Automated reactivation campaign, steep 20% discount offer, clearance alerts."
17466,2011-09-22 09:16:00,2011-11-29 13:15:00,2,306,763.28,41,0.0,0.0,0.0,10,79,381.64,69.0,2,0.19,-0.2148,12.1,348.88,670.92,Loyal Customers,"Cross-sell premium categories, early bird access, referral incentives."
17468,2011-11-25 12:52:00,2011-11-29 15:33:00,2,116,137.0,5,0.0,0.0,0.0,10,14,68.5,4.0,2,0.1346,-0.2876,19.0,57.7,110.97,Promising New,"Welcome discount on 2nd purchase, onboarding email journey, product tips."
17469,2011-05-19 08:55:00,2011-11-23 13:15:00,5,787,1870.97,61,1.0,9.0,16.67,16,205,374.19,47.2,0,0.2837,0.03,15.5,365.93,703.72,Champions (VIP),"Exclusive VIP preview, concierge service, high-tier loyalty gifts."
17470,2010-12-07 09:57:00,2011-10-26 12:42:00,5,1675,1125.07,67,0.0,0.0,0.0,45,368,225.01,80.8,3,0.1201,0.1288,24.6,109.38,210.34,Loyal Customers,"Cross-sell premium categories, early bird access, referral incentives."
17472,2011-02-13 14:40:00,2011-06-01 14:57:00,3,455,697.54,142,0.0,0.0,0.0,191,299,232.51,54.0,1,-0.1821,0.1912,95.2,5.31,10.22,Hibernating / Inactive,"Automated reactivation campaign, steep 20% discount offer, clearance alerts."
17475,2011-09-21 14:55:00,2011-09-21 14:55:00,1,178,194.37,14,0.0,0.0,0.0,79,79,194.37,79.0,1,-0.223,-0.123,38.8,61.86,118.95,Low Value Occasional,Target with low-barrier impulse buys and seasonal holiday campaigns.
17480,2011-09-23 11:39:00,2011-09-23 11:39:00,1,338,511.82,29,1.0,2.0,50.0,78,78,511.82,78.0,1,-0.1899,-0.0835,38.6,163.41,314.26,Potential Loyalists,"Offer bundle discounts, volume incentives, brand engagement newsletters."
17481,2011-09-07 09:57:00,2011-12-06 12:28:00,4,1061,1255.59,69,1.0,1.0,20.0,4,94,313.9,30.0,0,0.4178,-0.1755,10.6,566.63,1089.67,Loyal Customers,"Cross-sell premium categories, early bird access, referral incentives."
17483,2011-06-09 19:40:00,2011-10-05 13:10:00,3,191,414.04,18,0.0,0.0,0.0,65,183,138.01,59.0,3,-0.0411,0.0399,37.4,67.2,129.24,Potential Loyalists,"Offer bundle discounts, volume incentives, brand engagement newsletters."
17486,2011-03-23 14:00:00,2011-03-23 14:00:00,1,191,396.87,24,0.0,0.0,0.0,261,261,396.87,261.0,1,-0.3754,0.0508,61.3,27.92,53.7,Hibernating / Inactive,"Automated reactivation campaign, steep 20% discount offer, clearance alerts."
17489,2011-05-11 11:34:00,2011-10-12 08:56:00,2,428,376.64,28,0.0,0.0,0.0,59,213,188.32,154.0,2,-0.0836,-0.0396,25.6,62.42,120.05,Low Value Occasional,Target with low-barrier impulse buys and seasonal holiday campaigns.
17490,2011-06-16 09:15:00,2011-12-09 09:08:00,7,1134,2092.32,63,4.0,113.0,36.36,1,177,298.9,29.3,0,0.6573,-0.1601,9.0,510.42,981.58,Champions (VIP),"Exclusive VIP preview, concierge service, high-tier loyalty gifts."
17491,2010-12-07 12:18:00,2011-12-08 16:18:00,10,2013,3558.87,72,1.0,1.0,9.09,1,368,355.89,40.8,0,0.7338,-0.0667,9.0,417.59,803.05,Champions (VIP),"Exclusive VIP preview, concierge service, high-tier loyalty gifts."
17492,2011-04-05 15:21:00,2011-04-05 15:21:00,1,155,374.57,12,0.0,0.0,0.0,248,248,374.57,248.0,1,-0.3697,0.0422,61.3,27.74,53.34,Hibernating / Inactive,"Automated reactivation campaign, steep 20% discount offer, clearance alerts."
17495,2011-11-01 12:06:00,2011-12-02 12:08:00,2,229,497.56,21,0.0,0.0,0.0,8,39,248.78,31.0,2,0.2058,-0.2573,12.8,225.61,433.87,Promising New,"Welcome discount on 2nd purchase, onboarding email journey, product tips."
17496,2010-12-16 08:39:00,2010-12-16 08:39:00,1,79,271.05,10,0.0,0.0,0.0,359,359,271.05,359.0,1,-0.4346,0.0731,61.3,13.86,26.66,Hibernating / Inactive,"Automated reactivation campaign, steep 20% discount offer, clearance alerts."
17498,2011-09-25 12:25:00,2011-09-25 12:25:00,1,394,272.22,17,0.0,0.0,0.0,76,76,272.22,76.0,1,-0.2065,-0.1133,38.1,87.62,168.5,Low Value Occasional,Target with low-barrier impulse buys and seasonal holiday campaigns.
17499,2011-02-23 09:14:00,2011-02-23 09:14:00,1,711,622.88,40,0.0,0.0,0.0,290,290,622.88,290.0,1,-0.3763,0.0826,61.3,39.44,75.85,Hibernating / Inactive,"Automated reactivation campaign, steep 20% discount offer, clearance alerts."
17500,2011-11-10 09:08:00,2011-11-22 14:25:00,3,17,1138.0,3,0.0,0.0,0.0,17,30,379.33,6.5,2,0.1837,-0.0743,28.7,421.92,811.39,Loyal Customers,"Cross-sell premium categories, early bird access, referral incentives."
17501,2011-05-03 09:46:00,2011-05-03 09:47:00,2,160,288.6,18,0.0,0.0,0.0,221,221,144.3,0.0,1,-0.2856,0.1074,98.0,1.24,2.38,Hibernating / Inactive,"Automated reactivation campaign, steep 20% discount offer, clearance alerts."
17502,2011-11-10 16:39:00,2011-11-30 13:13:00,4,376,689.1,25,0.0,0.0,0.0,9,29,172.28,6.7,0,0.2959,-0.1171,17.8,294.56,566.46,Potential Loyalists,"Offer bundle discounts, volume incentives, brand engagement newsletters."
17503,2011-11-01 11:12:00,2011-12-07 09:18:00,2,486,558.96,36,0.0,0.0,0.0,3,39,279.48,36.0,2,0.3295,-0.3504,9.9,261.88,503.62,Promising New,"Welcome discount on 2nd purchase, onboarding email journey, product tips."
17504,2011-01-21 11:09:00,2011-05-17 12:59:00,9,1664,2997.03,112,1.0,208.0,10.0,206,323,333.0,14.6,3,0.0246,0.466,98.0,8.81,16.93,At-Risk High Spenders,"High-priority win-back promotion, dedicated account check-in, special survey."
17505,2011-05-18 09:01:00,2011-07-01 12:50:00,2,556,1145.84,48,0.0,0.0,0.0,161,206,572.92,45.0,1,-0.1945,0.1278,91.2,23.23,44.67,At-Risk High Spenders,"High-priority win-back promotion, dedicated account check-in, special survey."
17506,2011-09-25 11:39:00,2011-09-25 11:39:00,1,139,302.2,14,1.0,3.0,50.0,76,76,302.2,76.0,1,-0.2031,-0.1089,38.1,97.27,187.06,Low Value Occasional,Target with low-barrier impulse buys and seasonal holiday campaigns.
17507,2011-02-03 18:08:00,2011-03-23 11:48:00,2,359,605.58,79,0.0,0.0,0.0,262,309,302.79,47.0,1,-0.2868,0.1593,98.0,1.86,3.58,Hibernating / Inactive,"Automated reactivation campaign, steep 20% discount offer, clearance alerts."
17509,2011-10-07 13:14:00,2011-10-13 10:26:00,8,3512,6083.64,75,3.0,4.0,27.27,58,63,760.46,0.7,3,0.2134,0.3208,70.5,933.24,1794.69,Loyal Customers,"Cross-sell premium categories, early bird access, referral incentives."
17510,2011-11-15 10:00:00,2011-11-15 10:00:00,1,214,308.48,20,0.0,0.0,0.0,25,25,308.48,25.0,2,-0.0419,-0.2394,26.8,117.42,225.81,Promising New,"Welcome discount on 2nd purchase, onboarding email journey, product tips."
17512,2011-02-11 12:22:00,2011-11-11 12:11:00,10,2753,2924.99,61,1.0,1.0,9.09,29,302,292.5,30.3,3,0.3271,0.2525,27.0,335.49,645.17,Champions (VIP),"Exclusive VIP preview, concierge service, high-tier loyalty gifts."
17513,2011-09-28 16:42:00,2011-09-28 16:42:00,1,254,513.2,6,0.0,0.0,0.0,72,72,513.2,72.0,1,-0.1782,-0.0929,37.3,167.32,321.78,Potential Loyalists,"Offer bundle discounts, volume incentives, brand engagement newsletters."
17514,2011-08-03 15:45:00,2011-08-03 15:45:00,1,135,208.65,40,0.0,0.0,0.0,128,128,208.65,128.0,1,-0.2913,-0.0622,49.7,38.91,74.82,Low Value Occasional,Target with low-barrier impulse buys and seasonal holiday campaigns.
17515,2011-01-25 14:33:00,2011-11-08 14:04:00,4,243,639.02,49,0.0,0.0,0.0,31,318,159.76,95.7,3,0.1215,0.0204,18.7,77.52,149.08,Potential Loyalists,"Offer bundle discounts, volume incentives, brand engagement newsletters."
17516,2011-02-27 12:41:00,2011-11-24 16:51:00,5,414,764.88,113,0.0,0.0,0.0,15,286,152.98,67.8,0,0.2638,-0.0153,14.0,109.14,209.88,Loyal Customers,"Cross-sell premium categories, early bird access, referral incentives."
17517,2011-02-04 11:48:00,2011-02-04 11:48:00,1,102,153.94,11,0.0,0.0,0.0,309,309,153.94,309.0,1,-0.4307,0.031,61.3,9.15,17.59,Hibernating / Inactive,"Automated reactivation campaign, steep 20% discount offer, clearance alerts."
17519,2010-12-06 15:18:00,2011-11-22 16:43:00,6,1236,1844.02,60,1.0,3.0,14.29,17,368,307.34,70.2,0,0.3035,0.0706,14.6,203.06,390.49,Champions (VIP),"Exclusive VIP preview, concierge service, high-tier loyalty gifts."
17520,2011-10-17 12:04:00,2011-10-17 12:04:00,1,365,546.81,30,0.0,0.0,0.0,54,54,546.81,54.0,2,-0.1343,-0.1245,33.3,189.66,364.72,Potential Loyalists,"Offer bundle discounts, volume incentives, brand engagement newsletters."
17521,2011-05-24 15:14:00,2011-11-10 11:22:00,3,519,723.21,38,1.0,1.0,25.0,30,199,241.07,84.5,3,0.0887,-0.0278,18.8,140.02,269.28,Loyal Customers,"Cross-sell premium categories, early bird access, referral incentives."
17522,2011-05-05 16:31:00,2011-12-08 12:31:00,5,1034,1070.71,59,0.0,0.0,0.0,2,218,214.14,54.0,0,0.5221,-0.2035,9.3,211.38,406.49,Loyal Customers,"Cross-sell premium categories, early bird access, referral incentives."
17523,2011-11-20 13:40:00,2011-11-28 13:20:00,4,872,652.74,25,0.0,0.0,0.0,11,19,163.18,2.7,0,0.2672,-0.0974,20.3,270.51,520.22,Potential Loyalists,"Offer bundle discounts, volume incentives, brand engagement newsletters."
17524,2010-12-13 14:32:00,2010-12-13 14:32:00,1,90,145.0,6,0.0,0.0,0.0,361,361,145.0,361.0,1,-0.4556,0.0473,61.3,7.38,14.18,Hibernating / Inactive,"Automated reactivation campaign, steep 20% discount offer, clearance alerts."
17525,2010-12-15 12:05:00,2010-12-15 12:05:00,1,82,422.7,9,0.0,0.0,0.0,360,360,422.7,360.0,1,-0.4207,0.0922,61.3,21.56,41.46,Hibernating / Inactive,"Automated reactivation campaign, steep 20% discount offer, clearance alerts."
17526,2010-12-09 12:20:00,2011-12-05 11:05:00,4,310,1195.9,17,4.0,53.0,50.0,5,366,298.97,120.3,0,0.3893,-0.1555,10.0,139.54,268.34,Loyal Customers,"Cross-sell premium categories, early bird access, referral incentives."
17527,2011-05-05 13:43:00,2011-10-17 12:32:00,4,488,939.37,45,2.0,25.0,33.33,54,218,234.84,54.7,3,0.0539,0.1023,33.1,136.78,263.05,Loyal Customers,"Cross-sell premium categories, early bird access, referral incentives."
17528,2011-09-29 13:04:00,2011-12-08 13:27:00,8,2138,3628.5,183,3.0,8.0,27.27,1,71,453.56,10.0,0,0.697,-0.1105,9.4,1709.45,3287.4,Champions (VIP),"Exclusive VIP preview, concierge service, high-tier loyalty gifts."
17530,2010-12-09 20:01:00,2011-12-08 18:42:00,10,1514,2367.12,306,0.0,0.0,0.0,1,365,236.71,40.4,0,0.7206,-0.0841,9.0,280.03,538.52,Champions (VIP),"Exclusive VIP preview, concierge service, high-tier loyalty gifts."
17531,2011-06-02 19:17:00,2011-06-02 19:17:00,1,136,296.7,14,1.0,1.0,50.0,190,190,296.7,190.0,1,-0.338,0.0002,61.3,28.68,55.15,Hibernating / Inactive,"Automated reactivation campaign, steep 20% discount offer, clearance alerts."
17534,2011-10-17 12:47:00,2011-10-17 12:47:00,1,103,223.36,9,0.0,0.0,0.0,54,54,223.36,54.0,2,-0.1631,-0.1624,33.3,77.47,148.98,Low Value Occasional,Target with low-barrier impulse buys and seasonal holiday campaigns.
17535,2011-03-04 15:20:00,2011-03-04 15:20:00,1,136,164.4,13,0.0,0.0,0.0,280,280,164.4,280.0,1,-0.4141,0.0219,61.3,10.78,20.73,Hibernating / Inactive,"Automated reactivation campaign, steep 20% discount offer, clearance alerts."
17536,2011-06-15 13:23:00,2011-06-15 13:23:00,1,6,76.5,3,0.0,0.0,0.0,177,177,76.5,177.0,1,-0.3711,-0.0655,60.6,8.08,15.54,Hibernating / Inactive,"Automated reactivation campaign, steep 20% discount offer, clearance alerts."
17537,2011-02-09 13:37:00,2011-11-10 10:56:00,2,699,887.67,74,0.0,0.0,0.0,30,303,443.84,273.0,2,0.0417,-0.0831,16.2,116.49,224.02,Loyal Customers,"Cross-sell premium categories, early bird access, referral incentives."
17538,2011-11-14 12:12:00,2011-11-14 12:12:00,1,134,98.42,9,0.0,0.0,0.0,26,26,98.42,26.0,2,-0.0842,-0.2831,27.0,37.36,71.85,Promising New,"Welcome discount on 2nd purchase, onboarding email journey, product tips."
17540,2011-01-27 14:35:00,2011-11-15 11:56:00,2,194,578.9,20,1.0,1.0,33.33,25,316,289.45,291.0,2,0.0539,-0.1225,14.8,74.06,142.43,Promising New,"Welcome discount on 2nd purchase, onboarding email journey, product tips."
17542,2011-03-15 11:45:00,2011-03-15 11:45:00,1,134,170.75,24,0.0,0.0,0.0,270,270,170.75,270.0,1,-0.4075,0.0192,61.3,11.61,22.33,Hibernating / Inactive,"Automated reactivation campaign, steep 20% discount offer, clearance alerts."
17545,2011-10-27 13:48:00,2011-10-27 14:04:00,3,337,642.32,122,0.0,0.0,0.0,43,43,214.11,0.0,3,0.0331,0.0095,61.7,127.93,246.01,Potential Loyalists,"Offer bundle discounts, volume incentives, brand engagement newsletters."
17548,2011-04-20 12:01:00,2011-04-20 12:01:00,1,58,103.3,5,2.0,190.0,66.67,234,234,103.3,234.0,1,-0.4026,-0.0193,61.3,8.11,15.59,Hibernating / Inactive,"Automated reactivation campaign, steep 20% discount offer, clearance alerts."
17549,2011-10-19 10:05:00,2011-11-16 09:59:00,2,210,148.86,5,0.0,0.0,0.0,24,52,74.43,28.0,2,0.0159,-0.1848,24.3,58.6,112.69,Promising New,"Welcome discount on 2nd purchase, onboarding email journey, product tips."
17550,2011-04-10 15:19:00,2011-05-26 14:09:00,3,86,267.16,42,0.0,0.0,0.0,197,243,89.05,23.0,1,-0.2176,0.1543,98.0,1.04,2.01,Hibernating / Inactive,"Automated reactivation campaign, steep 20% discount offer, clearance alerts."
17551,2010-12-15 14:12:00,2010-12-15 14:12:00,1,142,290.34,39,0.0,0.0,0.0,359,359,290.34,359.0,1,-0.4324,0.076,61.3,14.85,28.56,Hibernating / Inactive,"Automated reactivation campaign, steep 20% discount offer, clearance alerts."
17552,2010-12-02 18:45:00,2011-10-10 17:00:00,4,719,930.41,43,2.0,11.0,33.33,60,372,232.6,104.0,3,0.0383,0.1144,28.2,85.21,163.86,Loyal Customers,"Cross-sell premium categories, early bird access, referral incentives."
17553,2011-08-02 10:00:00,2011-08-02 10:00:00,1,1048,1487.6,2,0.0,0.0,0.0,130,130,1487.6,130.0,1,-0.2302,0.023,50.1,270.94,521.05,At-Risk High Spenders,"High-priority win-back promotion, dedicated account check-in, special survey."
17554,2011-07-14 20:01:00,2011-12-08 14:15:00,5,1763,1952.45,58,0.0,0.0,0.0,1,148,390.49,36.8,0,0.6015,-0.227,9.0,569.63,1095.45,Champions (VIP),"Exclusive VIP preview, concierge service, high-tier loyalty gifts."
17555,2011-01-09 12:31:00,2011-11-20 12:22:00,2,348,480.31,101,0.0,0.0,0.0,20,335,240.16,315.0,2,0.0794,-0.1563,13.5,58.85,113.17,Promising New,"Welcome discount on 2nd purchase, onboarding email journey, product tips."
17556,2011-05-18 10:48:00,2011-05-18 10:48:00,1,101,157.9,6,0.0,0.0,0.0,206,206,157.9,206.0,1,-0.3702,-0.0167,61.3,14.08,27.07,Hibernating / Inactive,"Automated reactivation campaign, steep 20% discount offer, clearance alerts."
17557,2011-09-19 14:23:00,2011-11-25 12:57:00,3,306,541.46,27,0.0,0.0,0.0,14,81,180.49,33.5,2,0.1866,-0.1279,16.0,236.51,454.83,Potential Loyalists,"Offer bundle discounts, volume incentives, brand engagement newsletters."
17560,2011-02-02 11:14:00,2011-09-06 09:18:00,4,635,854.95,22,0.0,0.0,0.0,95,311,213.74,72.0,3,-0.0315,0.1656,47.9,67.96,130.69,Potential Loyalists,"Offer bundle discounts, volume incentives, brand engagement newsletters."
17561,2011-11-20 12:53:00,2011-11-20 12:53:00,1,144,165.12,44,0.0,0.0,0.0,19,19,165.12,19.0,2,-0.0233,-0.2976,25.5,63.97,123.01,Promising New,"Welcome discount on 2nd purchase, onboarding email journey, product tips."
17562,2011-06-19 13:06:00,2011-11-25 14:21:00,7,817,1122.38,48,1.0,4.0,12.5,14,173,160.34,26.5,0,0.3393,0.0572,17.4,254.28,489.0,Loyal Customers,"Cross-sell premium categories, early bird access, referral incentives."
17564,2011-09-20 14:00:00,2011-11-15 13:27:00,3,146,454.01,38,0.0,0.0,0.0,24,80,151.34,28.0,2,0.1054,-0.0736,24.3,178.72,343.69,Potential Loyalists,"Offer bundle discounts, volume incentives, brand engagement newsletters."
17566,2011-11-14 13:42:00,2011-12-01 19:54:00,2,497,869.77,113,0.0,0.0,0.0,8,25,434.88,17.0,2,0.2239,-0.2336,15.3,383.08,736.69,Loyal Customers,"Cross-sell premium categories, early bird access, referral incentives."
17567,2010-12-02 15:18:00,2011-12-02 15:48:00,8,2632,4331.48,110,2.0,204.0,20.0,7,372,541.43,52.1,0,0.4978,0.0647,11.3,490.06,942.42,Champions (VIP),"Exclusive VIP preview, concierge service, high-tier loyalty gifts."
17569,2011-01-11 14:15:00,2011-01-11 14:15:00,1,159,344.14,29,0.0,0.0,0.0,332,332,344.14,332.0,1,-0.4154,0.0738,61.3,19.03,36.61,Hibernating / Inactive,"Automated reactivation campaign, steep 20% discount offer, clearance alerts."
17571,2011-02-14 15:15:00,2011-10-20 15:57:00,4,876,1425.67,247,0.0,0.0,0.0,50,298,356.42,82.7,3,0.0785,0.1108,26.4,167.08,321.3,Loyal Customers,"Cross-sell premium categories, early bird access, referral incentives."
17572,2010-12-01 12:51:00,2011-09-29 17:53:00,4,95,226.75,7,0.0,0.0,0.0,71,373,56.69,100.7,3,-0.0318,0.0746,32.5,19.47,37.45,Potential Loyalists,"Offer bundle discounts, volume incentives, brand engagement newsletters."
17573,2011-09-07 10:36:00,2011-11-10 13:01:00,3,308,380.6,24,1.0,6.0,25.0,29,94,126.87,32.5,2,0.0728,-0.059,26.0,142.17,273.41,Low Value Occasional,Target with low-barrier impulse buys and seasonal holiday campaigns.
17574,2011-04-11 09:47:00,2011-04-11 09:47:00,1,77,185.65,8,0.0,0.0,0.0,243,243,185.65,243.0,1,-0.3893,0.01,61.3,14.03,26.98,Hibernating / Inactive,"Automated reactivation campaign, steep 20% discount offer, clearance alerts."
17576,2010-12-09 16:57:00,2011-12-01 17:56:00,19,1967,3564.83,245,3.0,40.0,13.64,8,365,187.62,19.8,0,0.6229,0.2482,14.5,396.23,761.97,Champions (VIP),"Exclusive VIP preview, concierge service, high-tier loyalty gifts."
17578,2011-05-05 18:38:00,2011-05-05 18:38:00,1,138,143.46,5,1.0,48.0,50.0,218,218,143.46,218.0,1,-0.3816,-0.014,61.3,12.08,23.24,Hibernating / Inactive,"Automated reactivation campaign, steep 20% discount offer, clearance alerts."
17579,2011-06-13 14:12:00,2011-12-05 12:28:00,3,258,448.9,46,1.0,2.0,25.0,5,179,149.63,87.0,0,0.3161,-0.2467,10.1,106.98,205.72,Potential Loyalists,"Offer bundle discounts, volume incentives, brand engagement newsletters."
17580,2010-12-16 15:27:00,2011-04-01 12:41:00,3,88,215.72,43,0.0,0.0,0.0,253,358,71.91,52.5,1,-0.2613,0.1753,98.0,0.57,1.1,Hibernating / Inactive,"Automated reactivation campaign, steep 20% discount offer, clearance alerts."
17582,2011-04-17 13:18:00,2011-04-17 13:18:00,1,123,175.27,28,0.0,0.0,0.0,236,236,175.27,236.0,1,-0.3869,0.004,61.3,13.64,26.23,Hibernating / Inactive,"Automated reactivation campaign, steep 20% discount offer, clearance alerts."
17584,2011-08-04 14:12:00,2011-12-02 17:12:00,2,458,1242.3,30,1.0,12.0,33.33,7,127,621.15,120.0,2,0.2528,-0.2327,10.6,414.95,797.98,Loyal Customers,"Cross-sell premium categories, early bird access, referral incentives."
17585,2011-01-05 15:09:00,2011-08-22 13:30:00,4,1650,1116.68,176,0.0,0.0,0.0,109,338,279.17,76.3,3,-0.043,0.1935,52.9,73.84,141.99,Potential Loyalists,"Offer bundle discounts, volume incentives, brand engagement newsletters."
17588,2011-04-21 10:31:00,2011-08-31 13:37:00,3,676,1240.2,19,0.0,0.0,0.0,100,233,413.4,66.5,3,-0.0685,0.138,52.3,120.47,231.68,Potential Loyalists,"Offer bundle discounts, volume incentives, brand engagement newsletters."
17589,2011-04-13 13:47:00,2011-10-10 16:58:00,4,1631,2404.17,172,0.0,0.0,0.0,60,240,601.04,60.0,3,0.069,0.1547,34.6,310.86,597.81,Loyal Customers,"Cross-sell premium categories, early bird access, referral incentives."
17590,2011-10-30 14:05:00,2011-12-07 12:55:00,3,822,1468.02,162,0.0,0.0,0.0,2,40,489.34,19.0,0,0.4568,-0.2803,9.9,687.8,1322.69,Loyal Customers,"Cross-sell premium categories, early bird access, referral incentives."
17591,2010-12-07 15:39:00,2011-09-27 13:42:00,7,1000,2203.67,81,1.0,1.0,12.5,73,367,314.81,49.0,3,0.1251,0.2789,46.0,153.85,295.87,Potential Loyalists,"Offer bundle discounts, volume incentives, brand engagement newsletters."
17593,2010-12-22 10:29:00,2011-12-06 10:30:00,5,3089,3923.86,190,1.0,6.0,16.67,4,353,784.77,87.2,0,0.4886,-0.0865,9.8,475.75,914.91,Champions (VIP),"Exclusive VIP preview, concierge service, high-tier loyalty gifts."
17594,2011-03-30 10:32:00,2011-09-15 16:34:00,2,550,993.18,42,0.0,0.0,0.0,85,255,496.59,170.0,1,-0.1055,0.0451,32.8,124.19,238.83,Potential Loyalists,"Offer bundle discounts, volume incentives, brand engagement newsletters."
17595,2011-11-02 16:19:00,2011-11-27 16:08:00,2,228,386.69,68,0.0,0.0,0.0,12,37,193.34,25.0,2,0.1433,-0.2235,16.3,168.3,323.65,Promising New,"Welcome discount on 2nd purchase, onboarding email journey, product tips."
17596,2010-12-06 12:34:00,2011-11-16 14:11:00,7,4376,2806.69,168,0.0,0.0,0.0,23,369,400.96,57.7,3,0.2994,0.153,17.7,297.04,571.22,Champions (VIP),"Exclusive VIP preview, concierge service, high-tier loyalty gifts."
17597,2011-05-10 11:54:00,2011-05-10 11:54:00,1,1176,2044.37,55,0.0,0.0,0.0,214,214,2044.37,214.0,1,-0.2932,0.0965,61.3,175.43,337.36,At-Risk High Spenders,"High-priority win-back promotion, dedicated account check-in, special survey."
17600,2011-11-22 09:43:00,2011-11-22 09:43:00,1,144,161.67,13,0.0,0.0,0.0,18,18,161.67,18.0,2,-0.0164,-0.3047,25.3,62.8,120.77,Promising New,"Welcome discount on 2nd purchase, onboarding email journey, product tips."
17601,2011-04-14 18:02:00,2011-04-14 18:02:00,1,103,116.01,9,0.0,0.0,0.0,239,239,116.01,239.0,1,-0.402,-0.0119,61.3,8.91,17.14,Hibernating / Inactive,"Automated reactivation campaign, steep 20% discount offer, clearance alerts."
17602,2011-01-19 16:18:00,2011-12-07 13:53:00,6,4116,5054.42,335,2.0,16.0,25.0,2,324,842.4,64.4,0,0.601,-0.1033,9.2,672.12,1292.54,Champions (VIP),"Exclusive VIP preview, concierge service, high-tier loyalty gifts."
17603,2011-09-22 14:18:00,2011-09-22 14:18:00,1,74,394.72,11,4.0,105.0,80.0,78,78,394.72,78.0,1,-0.1983,-0.0945,38.6,126.03,242.36,Low Value Occasional,Target with low-barrier impulse buys and seasonal holiday campaigns.
17604,2011-01-31 15:09:00,2011-05-06 13:43:00,2,169,309.36,57,0.0,0.0,0.0,217,312,154.68,95.0,1,-0.2807,0.1081,83.2,7.9,15.2,Hibernating / Inactive,"Automated reactivation campaign, steep 20% discount offer, clearance alerts."
17608,2011-11-06 13:00:00,2011-11-06 13:06:00,2,229,191.99,54,0.0,0.0,0.0,33,33,96.0,0.0,2,-0.0213,-0.1368,51.5,48.42,93.12,Promising New,"Welcome discount on 2nd purchase, onboarding email journey, product tips."
17609,2011-01-16 16:23:00,2011-10-30 12:28:00,5,719,1105.78,199,1.0,2.0,16.67,41,327,221.16,71.5,3,0.133,0.1171,24.0,121.95,234.52,Loyal Customers,"Cross-sell premium categories, early bird access, referral incentives."
17611,2010-12-13 13:52:00,2011-12-02 13:29:00,15,2550,3961.12,440,4.0,8.0,21.05,7,361,264.07,25.3,0,0.6021,0.1888,12.8,454.0,873.08,Champions (VIP),"Exclusive VIP preview, concierge service, high-tier loyalty gifts."
17612,2011-02-15 10:40:00,2011-10-17 14:59:00,6,1808,2048.45,116,4.0,21.0,40.0,53,298,341.41,49.0,3,0.1445,0.208,34.4,213.97,411.48,Loyal Customers,"Cross-sell premium categories, early bird access, referral incentives."
17613,2011-02-07 11:20:00,2011-11-17 10:51:00,14,2490,4544.55,211,3.0,26.0,17.65,23,306,324.61,21.8,0,0.4321,0.3132,27.3,512.32,985.23,Champions (VIP),"Exclusive VIP preview, concierge service, high-tier loyalty gifts."
17614,2011-10-13 16:01:00,2011-10-13 16:01:00,1,235,386.32,97,0.0,0.0,0.0,57,57,386.32,57.0,2,-0.1533,-0.1328,33.9,132.79,255.36,Low Value Occasional,Target with low-barrier impulse buys and seasonal holiday campaigns.
17615,2011-05-01 15:33:00,2011-08-01 14:06:00,3,140,329.6,13,0.0,0.0,0.0,130,222,109.87,46.0,1,-0.1498,0.1132,78.7,15.01,28.86,Low Value Occasional,Target with low-barrier impulse buys and seasonal holiday campaigns.
17616,2010-12-07 10:04:00,2011-06-19 10:11:00,3,224,571.2,1,0.0,0.0,0.0,174,368,190.4,97.0,1,-0.1748,0.1715,73.9,19.22,36.97,Hibernating / Inactive,"Automated reactivation campaign, steep 20% discount offer, clearance alerts."
17618,2010-12-12 16:05:00,2011-12-04 11:50:00,3,319,930.28,56,0.0,0.0,0.0,6,362,310.09,178.0,0,0.3168,-0.1971,10.1,109.62,210.81,Loyal Customers,"Cross-sell premium categories, early bird access, referral incentives."
17619,2011-01-31 14:18:00,2011-01-31 14:18:00,1,124,214.37,71,0.0,0.0,0.0,312,312,214.37,312.0,1,-0.4215,0.0462,61.3,12.62,24.26,Hibernating / Inactive,"Automated reactivation campaign, steep 20% discount offer, clearance alerts."
17620,2011-10-11 12:08:00,2011-10-11 12:08:00,1,60,81.44,4,0.0,0.0,0.0,60,60,81.44,60.0,2,-0.2108,-0.1925,34.6,27.7,53.26,Low Value Occasional,Target with low-barrier impulse buys and seasonal holiday campaigns.
17621,2010-12-20 13:31:00,2011-11-18 17:11:00,3,514,1379.9,24,1.0,4.0,25.0,21,354,459.97,166.5,3,0.1602,-0.0419,14.3,158.51,304.83,Loyal Customers,"Cross-sell premium categories, early bird access, referral incentives."
17623,2011-11-07 11:32:00,2011-11-07 11:32:00,1,265,527.05,33,0.0,0.0,0.0,33,33,527.05,33.0,2,-0.0643,-0.1842,28.6,195.68,376.31,Promising New,"Welcome discount on 2nd purchase, onboarding email journey, product tips."
17624,2011-05-05 17:59:00,2011-11-25 10:52:00,2,554,843.48,49,0.0,0.0,0.0,15,218,421.74,203.0,2,0.1378,-0.1653,12.5,160.64,308.93,Loyal Customers,"Cross-sell premium categories, early bird access, referral incentives."
17625,2011-03-27 12:21:00,2011-11-21 13:36:00,4,1180,2020.4,223,0.0,0.0,0.0,18,258,505.1,80.0,3,0.2358,0.0062,14.7,316.96,609.54,Champions (VIP),"Exclusive VIP preview, concierge service, high-tier loyalty gifts."
17628,2011-09-19 15:21:00,2011-09-19 15:21:00,1,79,75.75,5,0.0,0.0,0.0,81,81,75.75,81.0,1,-0.2568,-0.1597,39.3,23.91,45.98,Low Value Occasional,Target with low-barrier impulse buys and seasonal holiday campaigns.
17629,2010-12-15 09:58:00,2011-12-04 10:56:00,8,1629,1814.12,106,1.0,8.0,11.11,6,360,226.76,50.6,0,0.4894,0.0115,10.9,213.04,409.7,Champions (VIP),"Exclusive VIP preview, concierge service, high-tier loyalty gifts."
17630,2011-04-21 14:03:00,2011-06-23 11:58:00,2,158,503.6,24,0.0,0.0,0.0,170,232,251.8,62.0,1,-0.2291,0.0994,86.7,13.7,26.34,Hibernating / Inactive,"Automated reactivation campaign, steep 20% discount offer, clearance alerts."
17631,2011-04-21 13:22:00,2011-12-08 09:47:00,3,334,528.33,39,0.0,0.0,0.0,2,232,176.11,115.0,0,0.4238,-0.3237,9.1,98.22,188.89,Potential Loyalists,"Offer bundle discounts, volume incentives, brand engagement newsletters."
17633,2011-08-11 15:43:00,2011-11-08 13:25:00,4,644,1324.84,59,2.0,14.0,33.33,31,120,331.21,29.7,3,0.1451,0.0513,28.9,372.47,716.28,Loyal Customers,"Cross-sell premium categories, early bird access, referral incentives."
17634,2011-01-06 12:45:00,2011-11-03 13:09:00,9,838,2358.59,209,0.0,0.0,0.0,36,338,262.07,37.8,3,0.2714,0.2475,28.5,236.75,455.28,Loyal Customers,"Cross-sell premium categories, early bird access, referral incentives."
17636,2011-11-20 14:40:00,2011-11-20 14:40:00,1,182,285.56,20,1.0,6.0,50.0,19,19,285.56,19.0,2,-0.0056,-0.2744,25.5,110.63,212.74,Promising New,"Welcome discount on 2nd purchase, onboarding email journey, product tips."
17637,2011-08-16 13:25:00,2011-11-08 12:51:00,2,280,547.06,35,0.0,0.0,0.0,31,115,273.53,84.0,2,0.0214,-0.0998,19.2,182.38,350.74,Promising New,"Welcome discount on 2nd purchase, onboarding email journey, product tips."
17639,2011-03-08 15:22:00,2011-03-08 15:22:00,1,49,108.5,7,0.0,0.0,0.0,276,276,108.5,276.0,1,-0.4253,0.0027,61.3,7.22,13.88,Hibernating / Inactive,"Automated reactivation campaign, steep 20% discount offer, clearance alerts."
17640,2011-09-14 09:13:00,2011-09-14 09:13:00,1,250,621.66,5,0.0,0.0,0.0,87,87,621.66,87.0,1,-0.1996,-0.0622,40.6,192.02,369.27,Potential Loyalists,"Offer bundle discounts, volume incentives, brand engagement newsletters."
17642,2011-06-16 12:55:00,2011-08-12 09:11:00,2,474,712.29,34,0.0,0.0,0.0,120,176,356.14,56.0,1,-0.1668,0.0723,67.7,62.03,119.28,Potential Loyalists,"Offer bundle discounts, volume incentives, brand engagement newsletters."
17643,2010-12-01 14:38:00,2010-12-01 14:38:00,1,71,101.55,8,0.0,0.0,0.0,373,373,101.55,373.0,1,-0.4718,0.0362,61.3,5.0,9.61,Hibernating / Inactive,"Automated reactivation campaign, steep 20% discount offer, clearance alerts."
17644,2011-03-24 09:44:00,2011-12-08 13:43:00,11,1793,2895.64,102,6.0,52.0,35.29,1,261,263.24,26.0,0,0.7433,-0.0562,9.1,478.52,920.24,Champions (VIP),"Exclusive VIP preview, concierge service, high-tier loyalty gifts."
17646,2010-12-09 14:28:00,2011-05-04 13:17:00,3,323,1008.39,46,1.0,3.0,25.0,219,365,336.13,73.0,1,-0.1903,0.2234,91.5,11.14,21.43,At-Risk High Spenders,"High-priority win-back promotion, dedicated account check-in, special survey."
17647,2011-10-05 15:38:00,2011-10-05 15:38:00,1,30,133.06,7,0.0,0.0,0.0,65,65,133.06,65.0,2,-0.2067,-0.1622,35.7,44.49,85.56,Low Value Occasional,Target with low-barrier impulse buys and seasonal holiday campaigns.
17648,2011-04-04 10:29:00,2011-10-10 09:41:00,4,487,1797.5,81,1.0,1.0,20.0,61,250,449.38,63.0,3,0.0572,0.1443,34.3,224.15,431.05,Potential Loyalists,"Offer bundle discounts, volume incentives, brand engagement newsletters."
17649,2011-07-24 15:53:00,2011-07-24 15:53:00,1,399,868.49,52,1.0,1.0,50.0,138,138,868.49,138.0,1,-0.2564,0.0073,51.9,143.64,276.23,Potential Loyalists,"Offer bundle discounts, volume incentives, brand engagement newsletters."
17650,2011-11-18 14:52:00,2011-11-18 14:52:00,1,150,166.08,8,0.0,0.0,0.0,21,21,166.08,21.0,2,-0.0372,-0.2858,25.9,63.99,123.07,Promising New,"Welcome discount on 2nd purchase, onboarding email journey, product tips."
17651,2011-06-15 15:57:00,2011-11-28 10:29:00,10,3112,3945.0,149,4.0,12.0,28.57,12,177,394.5,18.3,0,0.4604,0.1641,18.6,860.86,1655.51,Champions (VIP),"Exclusive VIP preview, concierge service, high-tier loyalty gifts."
17652,2011-03-03 14:05:00,2011-11-14 12:55:00,12,2509,4867.72,118,6.0,30.0,33.33,25,281,405.64,23.3,0,0.3958,0.294,28.0,591.81,1138.1,Champions (VIP),"Exclusive VIP preview, concierge service, high-tier loyalty gifts."
17653,2011-08-11 15:24:00,2011-11-03 12:46:00,4,1409,1207.56,44,1.0,8.0,20.0,37,120,301.89,27.7,3,0.1167,0.0682,35.3,308.94,594.11,Loyal Customers,"Cross-sell premium categories, early bird access, referral incentives."
17654,2011-03-07 13:17:00,2011-03-07 13:17:00,1,41,117.55,22,0.0,0.0,0.0,277,277,117.55,277.0,1,-0.4233,0.0065,61.3,7.79,14.99,Hibernating / Inactive,"Automated reactivation campaign, steep 20% discount offer, clearance alerts."
17655,2010-12-08 16:45:00,2011-11-29 11:34:00,7,1116,2638.94,66,1.0,160.0,12.5,11,366,376.99,59.2,0,0.3999,0.0665,12.7,298.67,574.37,Champions (VIP),"Exclusive VIP preview, concierge service, high-tier loyalty gifts."
17656,2011-08-03 10:45:00,2011-09-27 13:04:00,5,1399,1674.69,67,0.0,0.0,0.0,73,129,334.94,14.0,3,0.0627,0.2033,75.5,150.92,290.23,Potential Loyalists,"Offer bundle discounts, volume incentives, brand engagement newsletters."
17658,2011-05-12 15:23:00,2011-11-14 12:07:00,2,616,595.42,17,1.0,94.0,33.33,26,211,297.71,185.0,2,0.0492,-0.1168,15.6,113.01,217.33,Promising New,"Welcome discount on 2nd purchase, onboarding email journey, product tips."
17659,2010-12-02 16:46:00,2011-11-22 13:29:00,12,1525,2999.46,127,2.0,39.0,14.29,17,372,249.96,32.3,0,0.4346,0.2289,18.0,313.73,603.33,Champions (VIP),"Exclusive VIP preview, concierge service, high-tier loyalty gifts."
17660,2011-07-21 13:37:00,2011-07-21 13:37:00,1,121,178.75,37,0.0,0.0,0.0,141,141,178.75,141.0,1,-0.3105,-0.0571,52.6,28.51,54.83,Low Value Occasional,Target with low-barrier impulse buys and seasonal holiday campaigns.
17663,2011-02-25 14:11:00,2011-11-14 08:56:00,7,797,1802.91,63,2.0,4.0,22.22,26,287,257.56,43.5,3,0.2677,0.1484,21.0,235.48,452.85,Champions (VIP),"Exclusive VIP preview, concierge service, high-tier loyalty gifts."
17664,2011-05-11 14:17:00,2011-11-21 11:29:00,2,604,604.64,41,0.0,0.0,0.0,19,212,302.32,193.0,2,0.0941,-0.1524,13.6,116.93,224.86,Promising New,"Welcome discount on 2nd purchase, onboarding email journey, product tips."
17666,2011-10-05 11:06:00,2011-12-06 09:06:00,2,596,728.16,14,0.0,0.0,0.0,4,66,364.08,62.0,2,0.305,-0.3122,10.0,340.78,655.34,Loyal Customers,"Cross-sell premium categories, early bird access, referral incentives."
17667,2011-02-14 09:24:00,2011-10-04 14:32:00,5,1033,2055.51,85,0.0,0.0,0.0,66,299,411.1,58.2,3,0.084,0.1999,38.2,201.59,387.67,Potential Loyalists,"Offer bundle discounts, volume incentives, brand engagement newsletters."
17668,2011-11-01 14:45:00,2011-12-08 13:25:00,2,93,347.75,14,0.0,0.0,0.0,1,38,173.88,37.0,0,0.4166,-0.4544,9.0,164.56,316.46,Promising New,"Welcome discount on 2nd purchase, onboarding email journey, product tips."
17669,2011-04-04 10:11:00,2011-10-28 08:53:00,7,1916,3406.72,45,0.0,0.0,0.0,43,250,486.67,34.5,3,0.2161,0.2345,35.0,420.28,808.24,Loyal Customers,"Cross-sell premium categories, early bird access, referral incentives."
17670,2011-04-26 09:12:00,2011-04-26 09:12:00,1,110,205.7,11,0.0,0.0,0.0,228,228,205.7,228.0,1,-0.3766,0.0067,61.3,16.57,31.86,Hibernating / Inactive,"Automated reactivation campaign, steep 20% discount offer, clearance alerts."
17671,2010-12-09 14:27:00,2011-11-24 12:21:00,4,772,1572.71,40,2.0,113.0,33.33,16,365,393.18,116.3,3,0.2441,-0.0179,13.3,177.26,340.89,Champions (VIP),"Exclusive VIP preview, concierge service, high-tier loyalty gifts."
17672,2011-02-03 13:29:00,2011-10-20 14:18:00,2,1690,3178.17,105,2.0,18.0,50.0,50,309,1589.08,259.0,3,0.0093,0.0313,21.5,383.11,736.75,Loyal Customers,"Cross-sell premium categories, early bird access, referral incentives."
17673,2011-01-23 15:16:00,2011-12-08 12:50:00,6,1462,1594.97,118,1.0,2.0,14.29,1,320,265.83,63.8,0,0.6237,-0.2014,8.9,215.46,414.34,Champions (VIP),"Exclusive VIP preview, concierge service, high-tier loyalty gifts."
17674,2010-12-06 10:20:00,2011-09-26 13:35:00,2,672,551.04,19,0.0,0.0,0.0,74,369,275.52,295.0,1,-0.1043,0.0035,27.4,51.44,98.93,Potential Loyalists,"Offer bundle discounts, volume incentives, brand engagement newsletters."
17676,2010-12-08 13:49:00,2011-12-05 15:16:00,6,922,1371.18,49,1.0,1.0,14.29,4,366,228.53,72.4,0,0.4833,-0.0969,9.9,160.17,308.01,Loyal Customers,"Cross-sell premium categories, early bird access, referral incentives."
17678,2011-03-21 11:52:00,2011-03-21 11:52:00,1,207,298.11,16,0.0,0.0,0.0,264,264,298.11,264.0,1,-0.3863,0.04,61.3,20.74,39.88,Hibernating / Inactive,"Automated reactivation campaign, steep 20% discount offer, clearance alerts."
17679,2011-09-15 10:35:00,2011-10-18 07:43:00,2,729,1992.11,29,0.0,0.0,0.0,53,86,996.06,33.0,3,-0.0143,0.0184,43.7,583.21,1121.56,Loyal Customers,"Cross-sell premium categories, early bird access, referral incentives."
17680,2011-11-16 12:42:00,2011-11-16 12:42:00,1,96,184.4,11,0.0,0.0,0.0,24,24,184.4,24.0,2,-0.0527,-0.2659,26.6,70.38,135.35,Promising New,"Welcome discount on 2nd purchase, onboarding email journey, product tips."
17682,2010-12-06 13:35:00,2011-11-29 15:59:00,6,1367,2474.33,48,1.0,2.0,14.29,10,368,412.39,71.6,0,0.3858,0.0235,12.0,280.76,539.92,Champions (VIP),"Exclusive VIP preview, concierge service, high-tier loyalty gifts."
17684,2011-10-27 11:10:00,2011-10-27 11:10:00,1,145,239.41,15,0.0,0.0,0.0,44,44,239.41,44.0,2,-0.1312,-0.1838,31.0,85.9,165.19,Promising New,"Welcome discount on 2nd purchase, onboarding email journey, product tips."
17685,2010-12-02 14:42:00,2011-11-23 11:36:00,7,1907,3155.83,88,0.0,0.0,0.0,17,372,450.83,59.2,0,0.3458,0.1231,15.1,341.75,657.22,Champions (VIP),"Exclusive VIP preview, concierge service, high-tier loyalty gifts."
17686,2011-02-10 10:18:00,2011-12-02 15:39:00,7,2478,5739.46,205,0.0,0.0,0.0,7,303,819.92,49.3,0,0.485,0.0505,11.4,796.34,1531.42,Champions (VIP),"Exclusive VIP preview, concierge service, high-tier loyalty gifts."
17690,2010-12-01 16:15:00,2011-11-09 15:17:00,15,1769,4726.8,186,1.0,6.0,6.25,30,373,315.12,24.5,0,0.4076,0.3602,31.8,410.09,788.63,Champions (VIP),"Exclusive VIP preview, concierge service, high-tier loyalty gifts."
17691,2010-12-06 11:10:00,2010-12-16 17:20:00,2,134,290.4,18,0.0,0.0,0.0,358,369,145.2,11.0,1,-0.3565,0.1658,98.0,0.75,1.44,Hibernating / Inactive,"Automated reactivation campaign, steep 20% discount offer, clearance alerts."
17692,2010-12-15 13:37:00,2011-08-04 14:01:00,4,672,740.94,34,1.0,6.0,20.0,127,359,185.24,77.3,3,-0.0786,0.1944,60.8,38.39,73.83,Potential Loyalists,"Offer bundle discounts, volume incentives, brand engagement newsletters."
17693,2011-07-25 15:48:00,2011-07-25 15:48:00,1,231,200.47,16,2.0,2.0,66.67,137,137,200.47,137.0,1,-0.3026,-0.0557,51.7,33.54,64.49,Low Value Occasional,Target with low-barrier impulse buys and seasonal holiday campaigns.
17694,2011-07-21 12:00:00,2011-07-21 12:00:00,1,184,283.12,15,0.0,0.0,0.0,142,142,283.12,142.0,1,-0.2967,-0.0368,52.8,44.65,85.87,Low Value Occasional,Target with low-barrier impulse buys and seasonal holiday campaigns.
17695,2011-06-21 12:35:00,2011-07-31 10:40:00,2,779,765.34,30,0.0,0.0,0.0,132,172,382.67,40.0,1,-0.1784,0.0868,83.1,35.68,68.62,Potential Loyalists,"Offer bundle discounts, volume incentives, brand engagement newsletters."
17696,2010-12-10 09:51:00,2011-11-01 13:43:00,8,1756,2285.71,78,6.0,26.0,42.86,38,365,285.71,46.7,3,0.243,0.2292,26.7,217.8,418.85,Loyal Customers,"Cross-sell premium categories, early bird access, referral incentives."
17697,2011-04-17 15:40:00,2011-04-17 15:40:00,1,93,338.95,19,0.0,0.0,0.0,236,236,338.95,236.0,1,-0.3656,0.032,61.3,26.37,50.72,Hibernating / Inactive,"Automated reactivation campaign, steep 20% discount offer, clearance alerts."
17698,2011-03-24 11:34:00,2011-03-24 11:34:00,1,93,154.95,8,0.0,0.0,0.0,261,261,154.95,261.0,1,-0.4057,0.011,61.3,10.9,20.97,Hibernating / Inactive,"Automated reactivation campaign, steep 20% discount offer, clearance alerts."
17700,2011-03-03 16:34:00,2011-11-23 11:51:00,4,1266,2534.64,116,2.0,5.0,33.33,17,281,633.66,88.0,3,0.2511,0.0093,14.1,367.65,707.03,Champions (VIP),"Exclusive VIP preview, concierge service, high-tier loyalty gifts."
17701,2011-04-01 12:25:00,2011-04-01 12:25:00,1,109,417.95,24,0.0,0.0,0.0,253,253,417.95,253.0,1,-0.3691,0.0492,61.3,30.34,58.34,Hibernating / Inactive,"Automated reactivation campaign, steep 20% discount offer, clearance alerts."
17702,2011-05-17 16:23:00,2011-11-09 16:03:00,4,1353,1824.37,58,2.0,33.0,33.33,30,206,456.09,58.7,3,0.1601,0.0611,20.7,333.24,640.84,Champions (VIP),"Exclusive VIP preview, concierge service, high-tier loyalty gifts."
17703,2011-07-24 13:30:00,2011-11-04 15:51:00,3,590,798.74,47,0.0,0.0,0.0,35,138,266.25,51.5,3,0.0698,-0.0055,24.1,208.45,400.87,Loyal Customers,"Cross-sell premium categories, early bird access, referral incentives."
17704,2011-04-14 09:28:00,2011-06-24 09:40:00,2,343,885.19,27,0.0,0.0,0.0,169,240,442.6,71.0,1,-0.21,0.1227,82.1,31.33,60.24,Hibernating / Inactive,"Automated reactivation campaign, steep 20% discount offer, clearance alerts."
17705,2011-02-11 10:57:00,2011-12-06 13:45:00,9,963,1823.52,63,1.0,6.0,10.0,3,302,202.61,37.4,0,0.592,-0.0325,9.9,258.14,496.43,Champions (VIP),"Exclusive VIP preview, concierge service, high-tier loyalty gifts."
17706,2010-12-08 11:02:00,2011-12-05 13:34:00,17,3899,10504.49,270,5.0,66.0,22.73,4,367,617.91,22.7,0,0.7251,0.1996,11.1,1207.39,2321.9,Champions (VIP),"Exclusive VIP preview, concierge service, high-tier loyalty gifts."
17707,2011-01-07 13:30:00,2011-06-07 15:03:00,2,144,152.4,3,0.0,0.0,0.0,185,336,76.2,151.0,1,-0.28,0.059,65.1,7.51,14.44,Hibernating / Inactive,"Automated reactivation campaign, steep 20% discount offer, clearance alerts."
17708,2011-01-19 10:09:00,2011-06-05 10:12:00,2,90,263.33,28,0.0,0.0,0.0,188,325,131.66,137.0,1,-0.2648,0.0841,67.7,12.42,23.88,Hibernating / Inactive,"Automated reactivation campaign, steep 20% discount offer, clearance alerts."
17709,2011-06-23 11:55:00,2011-06-23 11:55:00,1,17,137.45,7,0.0,0.0,0.0,170,170,137.45,170.0,1,-0.3464,-0.0457,59.0,15.73,30.25,Hibernating / Inactive,"Automated reactivation campaign, steep 20% discount offer, clearance alerts."
17711,2011-02-23 11:32:00,2011-11-29 11:40:00,2,246,385.1,22,0.0,0.0,0.0,11,290,192.55,279.0,2,0.155,-0.2333,11.3,55.89,107.48,Promising New,"Welcome discount on 2nd purchase, onboarding email journey, product tips."
17712,2011-10-26 12:28:00,2011-10-26 12:28:00,1,215,522.91,29,0.0,0.0,0.0,45,45,522.91,45.0,2,-0.1093,-0.148,31.3,186.8,359.24,Promising New,"Welcome discount on 2nd purchase, onboarding email journey, product tips."
17714,2011-01-23 10:32:00,2011-01-23 10:32:00,1,92,153.0,10,0.0,0.0,0.0,321,321,153.0,321.0,1,-0.4365,0.0354,61.3,8.75,16.83,Hibernating / Inactive,"Automated reactivation campaign, steep 20% discount offer, clearance alerts."
17715,2011-05-23 12:32:00,2011-05-23 12:32:00,1,384,326.4,1,0.0,0.0,0.0,201,201,326.4,201.0,1,-0.3432,0.011,61.3,29.82,57.35,Hibernating / Inactive,"Automated reactivation campaign, steep 20% discount offer, clearance alerts."
17716,2011-03-17 10:38:00,2011-11-17 12:00:00,11,3072,5655.99,171,1.0,68.0,8.33,23,268,514.18,24.5,0,0.3976,0.2729,25.4,747.05,1436.63,Champions (VIP),"Exclusive VIP preview, concierge service, high-tier loyalty gifts."
17718,2011-04-21 13:39:00,2011-04-21 13:39:00,1,83,139.35,6,0.0,0.0,0.0,232,232,139.35,232.0,1,-0.3917,-0.0077,61.3,11.03,21.21,Hibernating / Inactive,"Automated reactivation campaign, steep 20% discount offer, clearance alerts."
17719,2011-03-29 11:29:00,2011-11-02 10:36:00,15,2466,5396.04,111,3.0,11.0,16.67,38,256,359.74,15.6,3,0.3779,0.3936,53.7,463.08,890.54,Loyal Customers,"Cross-sell premium categories, early bird access, referral incentives."
17720,2010-12-07 10:43:00,2011-11-13 15:04:00,4,576,1195.94,39,0.0,0.0,0.0,26,368,298.98,114.0,3,0.1669,0.0264,16.5,128.76,247.61,Loyal Customers,"Cross-sell premium categories, early bird access, referral incentives."
17722,2010-12-08 12:41:00,2011-09-04 15:22:00,4,1595,2424.04,111,2.0,23.0,33.33,96,367,606.01,90.3,3,0.0007,0.2112,43.6,176.76,339.93,Potential Loyalists,"Offer bundle discounts, volume incentives, brand engagement newsletters."
17723,2011-05-09 14:44:00,2011-08-04 18:37:00,6,792,3276.4,4,0.0,0.0,0.0,127,214,546.07,17.4,3,0.0321,0.3323,88.2,85.72,164.85,At-Risk High Spenders,"High-priority win-back promotion, dedicated account check-in, special survey."
17724,2011-07-24 13:26:00,2011-09-29 15:26:00,3,300,1033.0,38,1.0,11.0,25.0,71,138,344.33,33.5,3,-0.0244,0.0893,56.4,154.86,297.81,Potential Loyalists,"Offer bundle discounts, volume incentives, brand engagement newsletters."
17725,2011-03-17 19:47:00,2011-11-23 16:34:00,11,2162,3439.08,115,3.0,21.0,21.43,16,267,312.64,25.1,0,0.4325,0.21,19.3,493.21,948.49,Champions (VIP),"Exclusive VIP preview, concierge service, high-tier loyalty gifts."
17727,2011-11-24 17:06:00,2011-11-24 17:06:00,1,645,1060.25,66,1.0,6.0,50.0,15,15,1060.25,15.0,2,0.0697,-0.2457,24.6,415.7,799.43,Loyal Customers,"Cross-sell premium categories, early bird access, referral incentives."
17728,2011-09-14 11:39:00,2011-12-06 08:52:00,3,1469,2876.01,153,2.0,5.0,40.0,4,87,958.67,41.5,0,0.403,-0.1899,10.3,1341.49,2579.78,Champions (VIP),"Exclusive VIP preview, concierge service, high-tier loyalty gifts."
17730,2011-01-17 14:49:00,2011-12-06 15:43:00,13,3576,5298.48,127,2.0,9.0,13.33,3,326,407.58,26.9,0,0.6891,0.0876,10.2,692.55,1331.83,Champions (VIP),"Exclusive VIP preview, concierge service, high-tier loyalty gifts."
17731,2011-06-09 14:18:00,2011-09-21 15:02:00,4,493,1240.11,54,1.0,101.0,20.0,79,183,310.03,34.7,3,0.0075,0.1594,60.6,126.69,243.64,Potential Loyalists,"Offer bundle discounts, volume incentives, brand engagement newsletters."
17732,2010-12-02 09:29:00,2010-12-02 09:29:00,1,93,303.97,18,0.0,0.0,0.0,373,373,303.97,373.0,1,-0.4366,0.0825,61.3,14.96,28.78,Hibernating / Inactive,"Automated reactivation campaign, steep 20% discount offer, clearance alerts."
17733,2011-03-23 09:54:00,2011-11-01 08:16:00,2,463,692.19,33,0.0,0.0,0.0,39,262,346.1,223.0,2,-0.004,-0.0628,18.8,101.79,195.76,Promising New,"Welcome discount on 2nd purchase, onboarding email journey, product tips."
17734,2011-04-20 10:04:00,2011-10-17 12:33:00,3,422,700.63,40,0.0,0.0,0.0,54,234,233.54,90.0,3,0.0029,0.0402,27.2,103.43,198.9,Loyal Customers,"Cross-sell premium categories, early bird access, referral incentives."
17736,2011-08-18 14:33:00,2011-11-30 15:36:00,3,238,377.44,24,1.0,1.0,25.0,9,113,125.81,52.0,2,0.2349,-0.1923,12.1,139.31,267.9,Low Value Occasional,Target with low-barrier impulse buys and seasonal holiday campaigns.
17737,2011-10-12 14:42:00,2011-11-30 15:16:00,2,108,168.24,8,0.0,0.0,0.0,9,58,84.12,49.0,2,0.1553,-0.2905,12.3,76.72,147.55,Promising New,"Welcome discount on 2nd purchase, onboarding email journey, product tips."
17738,2011-03-02 16:26:00,2011-11-20 15:05:00,4,1029,1879.05,89,1.0,2.0,20.0,19,282,469.76,87.7,3,0.2259,0.0093,14.8,269.38,518.04,Champions (VIP),"Exclusive VIP preview, concierge service, high-tier loyalty gifts."
17739,2010-12-14 14:26:00,2011-11-28 09:12:00,7,861,2791.35,29,1.0,5.0,12.5,12,360,398.76,58.0,0,0.3899,0.0786,13.2,319.35,614.13,Champions (VIP),"Exclusive VIP preview, concierge service, high-tier loyalty gifts."
17742,2011-01-11 10:04:00,2011-08-18 15:28:00,2,89,355.11,13,0.0,0.0,0.0,113,333,177.56,220.0,1,-0.1804,0.0356,39.2,30.77,59.17,Low Value Occasional,Target with low-barrier impulse buys and seasonal holiday campaigns.
17744,2010-12-16 14:17:00,2011-12-06 12:11:00,6,3412,2322.4,110,1.0,36.0,14.29,4,358,387.07,70.8,0,0.5003,-0.0745,9.9,277.34,533.35,Champions (VIP),"Exclusive VIP preview, concierge service, high-tier loyalty gifts."
17746,2011-04-13 14:31:00,2011-04-13 14:31:00,1,29,110.25,6,1.0,3.0,50.0,240,240,110.25,240.0,1,-0.4042,-0.0135,61.3,8.44,16.22,Hibernating / Inactive,"Automated reactivation campaign, steep 20% discount offer, clearance alerts."
17747,2011-08-19 08:13:00,2011-08-19 08:13:00,1,12,71.4,1,1.0,1.0,50.0,113,113,71.4,113.0,1,-0.3074,-0.1223,46.4,16.07,30.9,Low Value Occasional,Target with low-barrier impulse buys and seasonal holiday campaigns.
17749,2011-03-28 13:39:00,2011-06-14 15:45:00,2,320,674.52,33,0.0,0.0,0.0,178,256,337.26,78.0,1,-0.2264,0.1174,82.7,21.63,41.59,Hibernating / Inactive,"Automated reactivation campaign, steep 20% discount offer, clearance alerts."
17750,2011-06-28 15:44:00,2011-12-04 14:09:00,9,3747,1710.45,101,0.0,0.0,0.0,5,164,190.05,19.9,0,0.5299,0.0138,12.1,435.0,836.54,Champions (VIP),"Exclusive VIP preview, concierge service, high-tier loyalty gifts."
17752,2010-12-15 16:19:00,2010-12-15 16:19:00,1,192,80.64,1,0.0,0.0,0.0,359,359,80.64,359.0,1,-0.4736,0.0219,61.3,4.12,7.93,Hibernating / Inactive,"Automated reactivation campaign, steep 20% discount offer, clearance alerts."
17754,2011-03-24 13:54:00,2011-12-09 11:20:00,5,1816,1664.65,82,1.0,49.0,16.67,1,260,332.93,64.8,0,0.5963,-0.2338,8.9,276.76,532.23,Champions (VIP),"Exclusive VIP preview, concierge service, high-tier loyalty gifts."
17758,2011-04-03 15:22:00,2011-11-20 14:45:00,8,2054,3408.2,310,0.0,0.0,0.0,19,250,426.02,33.0,0,0.3546,0.1653,19.1,523.32,1006.38,Champions (VIP),"Exclusive VIP preview, concierge service, high-tier loyalty gifts."
17759,2011-06-23 13:35:00,2011-11-22 16:02:00,3,697,819.96,82,0.0,0.0,0.0,17,169,273.32,76.0,2,0.1731,-0.0883,14.4,197.07,378.98,Loyal Customers,"Cross-sell premium categories, early bird access, referral incentives."
17760,2010-12-01 15:08:00,2011-11-18 10:56:00,2,239,287.59,25,0.0,0.0,0.0,22,373,143.79,351.0,2,0.0494,-0.167,14.0,31.46,60.5,Promising New,"Welcome discount on 2nd purchase, onboarding email journey, product tips."
17761,2011-11-07 10:23:00,2011-11-07 10:23:00,1,398,712.78,19,0.0,0.0,0.0,33,33,712.78,33.0,2,-0.0546,-0.1714,28.6,264.64,508.92,Loyal Customers,"Cross-sell premium categories, early bird access, referral incentives."
17763,2011-03-21 14:25:00,2011-03-21 14:25:00,1,12,15.0,1,0.0,0.0,0.0,263,263,15.0,263.0,1,-0.4804,-0.0849,61.3,1.05,2.01,Hibernating / Inactive,"Automated reactivation campaign, steep 20% discount offer, clearance alerts."
17764,2011-05-12 16:11:00,2011-10-20 11:03:00,2,351,772.55,71,0.0,0.0,0.0,51,211,386.28,160.0,2,-0.0393,-0.0264,23.0,133.78,257.26,Loyal Customers,"Cross-sell premium categories, early bird access, referral incentives."
17765,2011-03-28 11:58:00,2011-07-04 12:41:00,3,143,367.63,51,0.0,0.0,0.0,159,257,122.54,49.0,1,-0.1758,0.142,88.8,7.6,14.62,Hibernating / Inactive,"Automated reactivation campaign, steep 20% discount offer, clearance alerts."
17767,2011-11-24 14:42:00,2011-11-24 14:42:00,1,128,271.2,21,0.0,0.0,0.0,15,15,271.2,15.0,2,0.0257,-0.3036,24.6,106.33,204.48,Promising New,"Welcome discount on 2nd purchase, onboarding email journey, product tips."
17768,2011-06-26 13:46:00,2011-12-01 13:22:00,3,1122,2081.9,77,0.0,0.0,0.0,8,166,693.97,79.0,0,0.3057,-0.1325,11.2,528.45,1016.25,Champions (VIP),"Exclusive VIP preview, concierge service, high-tier loyalty gifts."
17769,2011-01-23 11:15:00,2011-11-27 11:18:00,10,1850,3957.43,200,2.0,5.0,16.67,13,321,395.74,34.2,0,0.4495,0.1732,15.3,495.48,952.84,Champions (VIP),"Exclusive VIP preview, concierge service, high-tier loyalty gifts."
17770,2011-03-02 13:35:00,2011-05-25 12:34:00,5,365,1143.27,33,0.0,0.0,0.0,199,282,228.65,20.8,3,-0.0966,0.3073,98.0,3.85,7.4,At-Risk High Spenders,"High-priority win-back promotion, dedicated account check-in, special survey."
17771,2011-01-20 14:13:00,2011-10-14 11:43:00,2,287,245.81,51,0.0,0.0,0.0,57,323,122.9,266.0,2,-0.0924,-0.0618,23.2,27.73,53.33,Low Value Occasional,Target with low-barrier impulse buys and seasonal holiday campaigns.
17772,2011-11-29 10:57:00,2011-11-29 11:05:00,2,55,173.45,50,0.0,0.0,0.0,11,11,86.72,0.0,2,0.1294,-0.2671,20.3,71.88,138.23,Promising New,"Welcome discount on 2nd purchase, onboarding email journey, product tips."
17774,2011-02-07 13:13:00,2011-09-04 12:49:00,4,508,1213.73,123,1.0,1.0,20.0,97,305,303.43,69.3,3,-0.0232,0.183,49.8,94.79,182.29,Potential Loyalists,"Offer bundle discounts, volume incentives, brand engagement newsletters."
17775,2011-03-30 10:50:00,2011-03-30 10:50:00,1,72,56.4,3,0.0,0.0,0.0,255,255,56.4,255.0,1,-0.4345,-0.0343,61.3,4.06,7.81,Hibernating / Inactive,"Automated reactivation campaign, steep 20% discount offer, clearance alerts."
17777,2011-08-31 14:35:00,2011-11-15 12:02:00,3,501,647.56,141,0.0,0.0,0.0,25,100,215.85,37.5,2,0.1111,-0.0538,21.7,240.59,462.67,Potential Loyalists,"Offer bundle discounts, volume incentives, brand engagement newsletters."
17779,2011-07-19 12:19:00,2011-11-18 14:15:00,3,396,650.32,73,2.0,3.0,40.0,21,144,216.77,61.5,2,0.1359,-0.0738,16.6,178.71,343.68,Potential Loyalists,"Offer bundle discounts, volume incentives, brand engagement newsletters."
17781,2011-03-31 19:54:00,2011-07-03 16:00:00,2,34,188.02,12,0.0,0.0,0.0,159,253,94.01,94.0,1,-0.251,0.0496,68.8,11.0,21.16,Hibernating / Inactive,"Automated reactivation campaign, steep 20% discount offer, clearance alerts."
17783,2011-04-06 10:07:00,2011-09-28 16:07:00,2,354,283.47,67,0.0,0.0,0.0,72,248,141.74,176.0,1,-0.1218,-0.0279,28.8,38.62,74.26,Low Value Occasional,Target with low-barrier impulse buys and seasonal holiday campaigns.
17785,2011-10-17 13:43:00,2011-10-17 13:43:00,1,67,131.94,13,0.0,0.0,0.0,53,53,131.94,53.0,2,-0.1773,-0.1869,33.0,45.97,88.4,Low Value Occasional,Target with low-barrier impulse buys and seasonal holiday campaigns.
17786,2011-01-26 14:35:00,2011-09-15 12:51:00,2,195,266.85,57,0.0,0.0,0.0,85,317,133.43,232.0,1,-0.1479,-0.0106,31.1,27.52,52.93,Low Value Occasional,Target with low-barrier impulse buys and seasonal holiday campaigns.
17787,2010-12-03 13:43:00,2011-07-10 11:24:00,4,896,1817.54,94,0.0,0.0,0.0,153,371,454.38,72.7,3,-0.077,0.2549,74.4,59.51,114.44,At-Risk High Spenders,"High-priority win-back promotion, dedicated account check-in, special survey."
17788,2011-08-02 10:38:00,2011-09-27 10:09:00,2,211,1117.9,3,0.0,0.0,0.0,74,130,558.95,56.0,3,-0.0815,0.0336,43.2,231.76,445.7,Potential Loyalists,"Offer bundle discounts, volume incentives, brand engagement newsletters."
17789,2011-03-03 13:14:00,2011-03-03 13:14:00,1,74,225.9,14,0.0,0.0,0.0,281,281,225.9,281.0,1,-0.4044,0.0358,61.3,14.76,28.39,Hibernating / Inactive,"Automated reactivation campaign, steep 20% discount offer, clearance alerts."
17790,2010-12-10 10:47:00,2011-11-13 11:30:00,14,835,1964.3,121,0.0,0.0,0.0,27,365,140.31,26.0,0,0.3822,0.2962,27.9,184.12,354.07,Champions (VIP),"Exclusive VIP preview, concierge service, high-tier loyalty gifts."
17791,2011-11-10 12:09:00,2011-11-10 12:09:00,1,46,106.1,10,0.0,0.0,0.0,30,30,106.1,30.0,2,-0.1023,-0.2632,27.9,39.78,76.5,Promising New,"Welcome discount on 2nd purchase, onboarding email journey, product tips."
17793,2011-11-14 14:24:00,2011-11-14 14:24:00,1,226,300.34,49,0.0,0.0,0.0,25,25,300.34,25.0,2,-0.0428,-0.2405,26.8,114.32,219.85,Promising New,"Welcome discount on 2nd purchase, onboarding email journey, product tips."
17795,2011-03-20 12:02:00,2011-06-13 12:36:00,2,305,342.83,43,0.0,0.0,0.0,180,265,171.42,85.0,1,-0.2499,0.09,80.6,11.91,22.9,Hibernating / Inactive,"Automated reactivation campaign, steep 20% discount offer, clearance alerts."
17796,2010-12-05 12:23:00,2011-10-30 15:38:00,4,176,690.0,63,0.0,0.0,0.0,40,370,172.5,110.0,3,0.0874,0.0536,21.1,69.82,134.26,Potential Loyalists,"Offer bundle discounts, volume incentives, brand engagement newsletters."
17797,2011-06-10 11:29:00,2011-11-17 13:21:00,3,498,780.43,102,0.0,0.0,0.0,22,183,260.14,80.5,2,0.1352,-0.0607,16.1,169.78,326.49,Loyal Customers,"Cross-sell premium categories, early bird access, referral incentives."
17799,2010-12-13 13:10:00,2011-11-17 15:16:00,10,1753,3039.17,280,1.0,3.0,9.09,22,361,303.92,37.7,0,0.3676,0.222,19.9,319.98,615.34,Champions (VIP),"Exclusive VIP preview, concierge service, high-tier loyalty gifts."
17800,2011-01-09 13:50:00,2011-11-02 12:57:00,9,732,1187.21,51,0.0,0.0,0.0,37,334,131.91,37.1,3,0.2453,0.2216,29.4,119.07,228.99,Loyal Customers,"Cross-sell premium categories, early bird access, referral incentives."
17802,2010-12-02 13:44:00,2011-09-18 14:56:00,3,752,1285.04,102,1.0,9.0,25.0,82,372,428.35,145.0,3,-0.0384,0.1157,33.0,109.82,211.2,Potential Loyalists,"Offer bundle discounts, volume incentives, brand engagement newsletters."
17805,2011-09-27 11:49:00,2011-09-27 11:49:00,1,478,512.31,10,0.0,0.0,0.0,74,74,512.31,74.0,1,-0.1822,-0.0897,37.7,165.97,319.17,Potential Loyalists,"Offer bundle discounts, volume incentives, brand engagement newsletters."
17806,2011-11-28 14:12:00,2011-11-28 14:12:00,1,727,546.04,43,0.0,0.0,0.0,11,11,546.04,11.0,2,0.0908,-0.3087,20.3,226.3,435.19,Promising New,"Welcome discount on 2nd purchase, onboarding email journey, product tips."
17809,2010-12-01 09:41:00,2011-11-23 12:59:00,12,2057,5411.91,46,3.0,42.0,20.0,16,374,450.99,32.5,0,0.4621,0.2471,17.3,567.83,1091.98,Champions (VIP),"Exclusive VIP preview, concierge service, high-tier loyalty gifts."
17812,2010-12-06 15:27:00,2011-11-27 11:47:00,4,329,699.81,113,0.0,0.0,0.0,13,368,174.95,118.3,0,0.2467,-0.0758,12.4,79.04,152.01,Potential Loyalists,"Offer bundle discounts, volume incentives, brand engagement newsletters."
17813,2011-09-29 15:57:00,2011-11-25 16:13:00,5,752,1698.07,297,2.0,13.0,28.57,14,71,339.61,14.2,0,0.2991,0.0108,24.1,670.19,1288.82,Champions (VIP),"Exclusive VIP preview, concierge service, high-tier loyalty gifts."
17816,2010-12-09 14:10:00,2011-11-03 11:34:00,4,30,36.56,16,0.0,0.0,0.0,37,365,9.14,109.3,2,0.0045,-0.0794,20.2,3.79,7.29,Potential Loyalists,"Offer bundle discounts, volume incentives, brand engagement newsletters."
17817,2011-03-07 17:30:00,2011-12-05 14:39:00,3,67,387.68,32,0.0,0.0,0.0,4,277,129.23,136.5,0,0.3383,-0.275,9.7,59.97,115.33,Low Value Occasional,Target with low-barrier impulse buys and seasonal holiday campaigns.
17819,2010-12-03 14:26:00,2011-09-29 10:52:00,7,1031,3704.87,36,1.0,4.0,12.5,72,371,529.27,49.8,3,0.1439,0.2993,45.0,260.62,501.18,Potential Loyalists,"Offer bundle discounts, volume incentives, brand engagement newsletters."
17824,2011-10-19 14:14:00,2011-10-19 14:14:00,1,408,298.4,13,0.0,0.0,0.0,51,51,298.4,51.0,2,-0.1455,-0.1569,32.6,104.58,201.12,Low Value Occasional,Target with low-barrier impulse buys and seasonal holiday campaigns.
17827,2010-12-10 10:18:00,2011-12-04 15:00:00,5,1240,1987.33,190,0.0,0.0,0.0,5,365,397.47,90.0,0,0.4396,-0.0934,10.1,232.26,446.66,Champions (VIP),"Exclusive VIP preview, concierge service, high-tier loyalty gifts."
17830,2011-02-24 10:15:00,2011-12-08 12:28:00,3,92,398.7,18,0.0,0.0,0.0,2,289,132.9,143.5,0,0.4147,-0.3356,9.1,59.5,114.43,Low Value Occasional,Target with low-barrier impulse buys and seasonal holiday campaigns.
17831,2011-11-06 15:09:00,2011-11-06 15:09:00,1,12,35.4,2,0.0,0.0,0.0,33,33,35.4,33.0,2,-0.1508,-0.2979,28.6,13.14,25.28,Promising New,"Welcome discount on 2nd purchase, onboarding email journey, product tips."
17832,2011-10-21 11:43:00,2011-10-21 11:43:00,1,208,155.37,61,0.0,0.0,0.0,50,50,155.37,50.0,2,-0.1636,-0.1869,32.4,54.62,105.03,Low Value Occasional,Target with low-barrier impulse buys and seasonal holiday campaigns.
17835,2011-11-16 16:30:00,2011-12-07 11:48:00,3,344,342.24,45,0.0,0.0,0.0,3,23,114.08,10.0,0,0.3672,-0.3073,11.2,158.03,303.91,Low Value Occasional,Target with low-barrier impulse buys and seasonal holiday campaigns.
17836,2011-10-23 16:13:00,2011-10-23 16:13:00,1,88,110.21,23,0.0,0.0,0.0,47,47,110.21,47.0,2,-0.1657,-0.2087,31.7,39.14,75.27,Low Value Occasional,Target with low-barrier impulse buys and seasonal holiday campaigns.
17837,2011-06-29 16:44:00,2011-10-28 16:13:00,8,510,1541.23,110,2.0,3.0,20.0,42,163,192.65,17.3,3,0.2158,0.2242,54.5,204.14,392.57,Loyal Customers,"Cross-sell premium categories, early bird access, referral incentives."
17838,2010-12-02 15:55:00,2011-11-13 11:20:00,5,1831,2720.8,96,1.0,434.0,16.67,27,372,544.16,86.2,3,0.222,0.1063,17.6,285.97,549.94,Champions (VIP),"Exclusive VIP preview, concierge service, high-tier loyalty gifts."
17839,2011-10-28 17:27:00,2011-10-28 17:27:00,1,257,318.15,50,0.0,0.0,0.0,42,42,318.15,42.0,2,-0.1153,-0.1772,30.6,114.81,220.8,Promising New,"Welcome discount on 2nd purchase, onboarding email journey, product tips."
17843,2011-02-09 15:33:00,2011-02-09 15:33:00,1,113,205.48,36,0.0,0.0,0.0,303,303,205.48,303.0,1,-0.4186,0.0409,61.3,12.45,23.95,Hibernating / Inactive,"Automated reactivation campaign, steep 20% discount offer, clearance alerts."
17846,2011-09-15 15:20:00,2011-09-15 15:20:00,1,1,2033.1,1,0.0,0.0,0.0,85,85,2033.1,85.0,1,-0.1579,-0.0146,40.1,633.27,1217.83,Potential Loyalists,"Offer bundle discounts, volume incentives, brand engagement newsletters."
17848,2010-12-16 18:38:00,2011-09-19 16:49:00,9,398,901.2,41,0.0,0.0,0.0,81,358,100.13,34.6,3,0.1226,0.3029,62.0,45.39,87.29,Potential Loyalists,"Offer bundle discounts, volume incentives, brand engagement newsletters."
17849,2011-01-10 11:59:00,2011-05-05 13:46:00,4,114,605.8,14,0.0,0.0,0.0,218,334,151.45,38.7,1,-0.1645,0.2508,98.0,1.72,3.31,Hibernating / Inactive,"Automated reactivation campaign, steep 20% discount offer, clearance alerts."
17852,2011-11-28 12:31:00,2011-11-28 12:36:00,2,53,114.34,21,0.0,0.0,0.0,12,12,57.17,0.0,2,0.1041,-0.275,21.6,46.61,89.64,Promising New,"Welcome discount on 2nd purchase, onboarding email journey, product tips."
17854,2011-04-26 16:53:00,2011-06-07 16:21:00,2,84,311.26,15,0.0,0.0,0.0,185,227,155.63,42.0,1,-0.257,0.0892,98.0,1.3,2.5,Hibernating / Inactive,"Automated reactivation campaign, steep 20% discount offer, clearance alerts."
17855,2010-12-02 09:44:00,2010-12-02 09:44:00,1,197,208.97,17,0.0,0.0,0.0,373,373,208.97,373.0,1,-0.4487,0.0667,61.3,10.29,19.78,Hibernating / Inactive,"Automated reactivation campaign, steep 20% discount offer, clearance alerts."
17856,2011-03-03 11:40:00,2011-12-08 09:40:00,4,842,1418.03,12,2.0,16.0,33.33,2,282,354.51,93.3,0,0.4972,-0.2321,9.1,216.89,417.1,Loyal Customers,"Cross-sell premium categories, early bird access, referral incentives."
17858,2010-12-05 13:08:00,2011-12-04 11:56:00,12,2694,5140.66,101,0.0,0.0,0.0,6,369,428.39,33.0,0,0.5916,0.1376,11.6,584.36,1123.77,Champions (VIP),"Exclusive VIP preview, concierge service, high-tier loyalty gifts."
17859,2011-02-08 10:32:00,2011-02-08 10:32:00,1,102,141.92,23,0.0,0.0,0.0,305,305,141.92,305.0,1,-0.4314,0.026,61.3,8.54,16.43,Hibernating / Inactive,"Automated reactivation campaign, steep 20% discount offer, clearance alerts."
17860,2010-12-06 12:41:00,2010-12-06 12:41:00,1,93,226.45,49,0.0,0.0,0.0,369,369,226.45,369.0,1,-0.4445,0.0688,61.3,11.27,21.67,Hibernating / Inactive,"Automated reactivation campaign, steep 20% discount offer, clearance alerts."
17861,2011-01-24 11:34:00,2011-12-06 16:21:00,8,1985,2097.88,172,1.0,20.0,11.11,3,320,262.24,45.3,0,0.5769,-0.05,9.8,280.6,539.61,Champions (VIP),"Exclusive VIP preview, concierge service, high-tier loyalty gifts."
17862,2011-01-20 12:23:00,2011-01-20 12:23:00,1,100,330.9,11,0.0,0.0,0.0,324,324,330.9,324.0,1,-0.4131,0.0691,61.3,18.75,36.07,Hibernating / Inactive,"Automated reactivation campaign, steep 20% discount offer, clearance alerts."
17863,2010-12-05 13:21:00,2011-10-11 13:45:00,6,2638,3160.0,110,0.0,0.0,0.0,59,369,526.67,62.0,3,0.1429,0.2392,33.6,269.82,518.88,Loyal Customers,"Cross-sell premium categories, early bird access, referral incentives."
17864,2011-03-09 11:44:00,2011-11-27 11:15:00,3,706,554.85,70,0.0,0.0,0.0,13,276,184.95,131.5,2,0.1976,-0.1352,12.3,83.66,160.88,Potential Loyalists,"Offer bundle discounts, volume incentives, brand engagement newsletters."
17866,2011-07-20 11:07:00,2011-07-20 11:07:00,1,174,329.65,9,1.0,1.0,50.0,143,143,329.65,143.0,1,-0.2929,-0.0295,53.0,51.41,98.87,Low Value Occasional,Target with low-barrier impulse buys and seasonal holiday campaigns.
17867,2011-02-24 12:25:00,2011-11-09 14:15:00,6,508,1157.87,62,2.0,289.0,25.0,30,289,192.98,51.8,3,0.2081,0.1166,21.6,149.05,286.63,Loyal Customers,"Cross-sell premium categories, early bird access, referral incentives."
17869,2010-12-06 17:16:00,2011-08-24 16:16:00,5,111,428.18,37,0.0,0.0,0.0,107,368,85.64,65.2,3,-0.0372,0.1911,56.3,24.13,46.4,Potential Loyalists,"Offer bundle discounts, volume incentives, brand engagement newsletters."
17870,2010-12-08 08:12:00,2011-12-07 15:07:00,12,1351,1865.89,214,1.0,1.0,7.69,2,367,155.49,33.2,0,0.6841,-0.008,9.5,218.32,419.85,Champions (VIP),"Exclusive VIP preview, concierge service, high-tier loyalty gifts."
17871,2011-05-19 11:32:00,2011-05-19 11:32:00,1,182,155.9,10,0.0,0.0,0.0,205,205,155.9,205.0,1,-0.3699,-0.0179,61.3,13.96,26.86,Hibernating / Inactive,"Automated reactivation campaign, steep 20% discount offer, clearance alerts."
17873,2010-12-01 14:54:00,2011-09-20 16:41:00,5,1035,1848.96,24,1.0,48.0,16.67,80,373,369.79,73.2,3,0.0525,0.2184,40.6,139.71,268.68,Potential Loyalists,"Offer bundle discounts, volume incentives, brand engagement newsletters."
17874,2011-03-29 11:25:00,2011-06-07 12:54:00,6,221,683.46,37,1.0,12.0,14.29,185,256,113.91,14.2,3,-0.0738,0.311,98.0,2.53,4.87,Hibernating / Inactive,"Automated reactivation campaign, steep 20% discount offer, clearance alerts."
17877,2011-06-22 13:00:00,2011-06-22 13:00:00,1,98,237.61,12,0.0,0.0,0.0,170,170,237.61,170.0,1,-0.3288,-0.0226,59.0,27.19,52.29,Hibernating / Inactive,"Automated reactivation campaign, steep 20% discount offer, clearance alerts."
17878,2011-10-27 11:24:00,2011-10-27 11:24:00,1,401,379.45,26,0.0,0.0,0.0,44,44,379.45,44.0,2,-0.1164,-0.1642,31.0,136.15,261.82,Promising New,"Welcome discount on 2nd purchase, onboarding email journey, product tips."
17879,2011-06-19 12:36:00,2011-06-19 12:36:00,1,45,178.52,6,0.0,0.0,0.0,174,174,178.52,174.0,1,-0.3414,-0.0319,59.9,19.52,37.54,Hibernating / Inactive,"Automated reactivation campaign, steep 20% discount offer, clearance alerts."
17880,2010-12-10 10:21:00,2010-12-10 10:21:00,1,314,458.92,26,0.0,0.0,0.0,365,365,458.92,365.0,1,-0.4201,0.0974,61.3,23.09,44.4,Hibernating / Inactive,"Automated reactivation campaign, steep 20% discount offer, clearance alerts."
17881,2011-02-08 17:16:00,2011-02-08 17:16:00,1,32,133.35,8,0.0,0.0,0.0,304,304,133.35,304.0,1,-0.4329,0.023,61.3,8.06,15.49,Hibernating / Inactive,"Automated reactivation campaign, steep 20% discount offer, clearance alerts."
17883,2011-04-07 19:16:00,2011-12-06 17:49:00,4,374,664.34,133,0.0,0.0,0.0,3,246,166.08,81.0,0,0.4302,-0.2295,9.5,115.97,223.01,Potential Loyalists,"Offer bundle discounts, volume incentives, brand engagement newsletters."
17884,2010-12-03 12:11:00,2011-12-06 11:33:00,4,817,695.07,107,0.0,0.0,0.0,4,372,173.77,122.7,0,0.3987,-0.2006,9.7,80.06,153.96,Potential Loyalists,"Offer bundle discounts, volume incentives, brand engagement newsletters."
17885,2011-11-27 14:40:00,2011-11-27 14:40:00,1,110,156.34,50,0.0,0.0,0.0,12,12,156.34,12.0,2,0.0387,-0.352,21.6,63.74,122.57,Promising New,"Welcome discount on 2nd purchase, onboarding email journey, product tips."
17886,2011-04-04 12:34:00,2011-11-08 10:09:00,3,469,869.28,93,0.0,0.0,0.0,32,250,289.76,109.0,3,0.0854,-0.0124,18.5,134.47,258.59,Loyal Customers,"Cross-sell premium categories, early bird access, referral incentives."
17887,2011-08-02 17:29:00,2011-08-02 17:29:00,1,30,111.35,10,0.0,0.0,0.0,129,129,111.35,129.0,1,-0.3126,-0.0878,49.9,20.52,39.46,Low Value Occasional,Target with low-barrier impulse buys and seasonal holiday campaigns.
17888,2010-12-17 13:56:00,2011-11-18 13:45:00,8,973,716.0,60,2.0,549.0,20.0,21,357,89.5,48.0,0,0.2901,0.1106,17.8,78.23,150.44,Loyal Customers,"Cross-sell premium categories, early bird access, referral incentives."
17889,2011-01-21 17:14:00,2011-05-11 16:26:00,2,77,201.37,20,0.0,0.0,0.0,212,322,100.68,110.0,1,-0.2911,0.0872,77.5,6.68,12.84,Hibernating / Inactive,"Automated reactivation campaign, steep 20% discount offer, clearance alerts."
17890,2010-12-13 15:12:00,2011-01-21 11:19:00,2,402,586.89,88,0.0,0.0,0.0,323,361,293.44,38.0,1,-0.3186,0.1832,98.0,1.54,2.97,Hibernating / Inactive,"Automated reactivation campaign, steep 20% discount offer, clearance alerts."
17891,2011-06-30 20:08:00,2011-06-30 20:08:00,1,393,203.86,34,0.0,0.0,0.0,162,162,203.86,162.0,1,-0.3267,-0.0348,57.3,25.5,49.03,Hibernating / Inactive,"Automated reactivation campaign, steep 20% discount offer, clearance alerts."
17892,2011-07-07 12:56:00,2011-10-14 16:49:00,3,109,244.1,27,0.0,0.0,0.0,56,155,81.37,49.5,2,-0.0364,-0.0002,35.9,47.9,92.12,Low Value Occasional,Target with low-barrier impulse buys and seasonal holiday campaigns.
17893,2011-04-28 13:50:00,2011-04-28 13:50:00,1,149,107.21,15,0.0,0.0,0.0,225,225,107.21,225.0,1,-0.3956,-0.0225,61.3,8.75,16.83,Hibernating / Inactive,"Automated reactivation campaign, steep 20% discount offer, clearance alerts."
17894,2010-12-08 14:50:00,2011-09-29 09:23:00,8,404,1118.96,127,0.0,0.0,0.0,72,366,139.87,42.0,3,0.1272,0.2746,49.8,72.82,140.05,Potential Loyalists,"Offer bundle discounts, volume incentives, brand engagement newsletters."
17895,2011-10-26 17:00:00,2011-10-26 17:00:00,1,127,95.45,15,0.0,0.0,0.0,44,44,95.45,44.0,2,-0.1607,-0.2226,31.0,34.25,65.86,Promising New,"Welcome discount on 2nd purchase, onboarding email journey, product tips."
17896,2011-11-16 13:59:00,2011-11-16 13:59:00,1,288,256.32,2,0.0,0.0,0.0,23,23,256.32,23.0,2,-0.0361,-0.2569,26.4,98.1,188.65,Promising New,"Welcome discount on 2nd purchase, onboarding email journey, product tips."
17897,2010-12-01 12:31:00,2011-06-20 11:23:00,3,222,541.81,100,1.0,6.0,25.0,173,374,180.6,100.5,1,-0.1757,0.1686,72.4,18.97,36.48,Hibernating / Inactive,"Automated reactivation campaign, steep 20% discount offer, clearance alerts."
17898,2011-05-16 17:13:00,2011-09-15 14:56:00,2,190,152.06,27,0.0,0.0,0.0,85,207,76.03,122.0,1,-0.166,-0.0344,35.5,22.48,43.24,Low Value Occasional,Target with low-barrier impulse buys and seasonal holiday campaigns.
17899,2011-07-03 14:58:00,2011-07-03 14:58:00,1,170,154.55,29,0.0,0.0,0.0,159,159,154.55,159.0,1,-0.3328,-0.0488,56.6,20.02,38.49,Hibernating / Inactive,"Automated reactivation campaign, steep 20% discount offer, clearance alerts."
17900,2011-06-02 14:28:00,2011-06-02 14:38:00,2,73,112.2,4,2.0,72.0,50.0,190,190,56.1,0.0,1,-0.2938,0.0493,98.0,0.56,1.08,Hibernating / Inactive,"Automated reactivation campaign, steep 20% discount offer, clearance alerts."
17901,2011-11-10 17:29:00,2011-11-10 17:29:00,1,24,110.38,19,0.0,0.0,0.0,29,29,110.38,29.0,2,-0.0961,-0.2655,27.7,41.5,79.8,Promising New,"Welcome discount on 2nd purchase, onboarding email journey, product tips."
17904,2011-11-18 12:57:00,2011-11-18 12:57:00,1,59,181.07,33,1.0,1.0,50.0,21,21,181.07,21.0,2,-0.0344,-0.2821,25.9,69.77,134.17,Promising New,"Welcome discount on 2nd purchase, onboarding email journey, product tips."
17905,2010-12-01 13:21:00,2011-09-29 17:33:00,4,406,798.99,33,0.0,0.0,0.0,71,373,199.75,100.7,3,0.0089,0.128,32.5,68.61,131.94,Potential Loyalists,"Offer bundle discounts, volume incentives, brand engagement newsletters."
17906,2011-04-06 17:25:00,2011-04-06 17:25:00,1,26,72.9,12,0.0,0.0,0.0,247,247,72.9,247.0,1,-0.4217,-0.0274,61.3,5.42,10.42,Hibernating / Inactive,"Automated reactivation campaign, steep 20% discount offer, clearance alerts."
17908,2010-12-01 11:45:00,2010-12-01 11:45:00,1,169,232.03,51,0.0,0.0,0.0,374,374,232.03,374.0,1,-0.4457,0.0714,61.3,11.39,21.91,Hibernating / Inactive,"Automated reactivation campaign, steep 20% discount offer, clearance alerts."
17911,2011-11-30 14:52:00,2011-11-30 14:52:00,1,223,366.23,39,0.0,0.0,0.0,9,9,366.23,9.0,2,0.1048,-0.3477,17.8,156.54,301.04,Promising New,"Welcome discount on 2nd purchase, onboarding email journey, product tips."
17912,2010-12-10 11:11:00,2011-02-02 14:25:00,5,184,310.06,35,1.0,2.0,16.67,310,365,62.01,13.8,1,-0.204,0.3054,98.0,0.81,1.55,Hibernating / Inactive,"Automated reactivation campaign, steep 20% discount offer, clearance alerts."
17913,2010-12-19 11:35:00,2011-10-12 10:45:00,2,288,408.65,55,0.0,0.0,0.0,59,356,204.32,297.0,2,-0.081,-0.0361,23.5,41.67,80.13,Potential Loyalists,"Offer bundle discounts, volume incentives, brand engagement newsletters."
17914,2011-12-06 11:58:00,2011-12-06 11:58:00,1,457,329.36,72,0.0,0.0,0.0,4,4,329.36,4.0,2,0.2039,-0.436,12.2,150.37,289.18,Promising New,"Welcome discount on 2nd purchase, onboarding email journey, product tips."
17917,2010-12-12 12:08:00,2011-10-25 13:20:00,3,184,335.03,77,0.0,0.0,0.0,45,363,111.68,159.0,2,0.0055,-0.0127,21.3,34.47,66.28,Low Value Occasional,Target with low-barrier impulse buys and seasonal holiday campaigns.
17919,2011-09-12 13:41:00,2011-09-12 13:41:00,1,756,1304.04,23,0.0,0.0,0.0,88,88,1304.04,88.0,1,-0.1773,-0.0293,40.8,401.44,771.99,Potential Loyalists,"Offer bundle discounts, volume incentives, brand engagement newsletters."
17920,2010-12-01 11:49:00,2011-12-05 14:29:00,17,2473,4119.5,407,0.0,0.0,0.0,4,374,242.32,23.1,0,0.6948,0.1598,11.0,465.15,894.52,Champions (VIP),"Exclusive VIP preview, concierge service, high-tier loyalty gifts."
17921,2011-03-18 13:19:00,2011-10-06 18:56:00,4,425,820.23,114,0.0,0.0,0.0,64,266,205.06,67.3,3,0.0248,0.1167,34.7,95.55,183.74,Potential Loyalists,"Offer bundle discounts, volume incentives, brand engagement newsletters."
17923,2011-03-02 15:15:00,2011-03-02 15:15:00,1,50,207.5,1,0.0,0.0,0.0,282,282,207.5,282.0,1,-0.4077,0.0326,61.3,13.51,25.98,Hibernating / Inactive,"Automated reactivation campaign, steep 20% discount offer, clearance alerts."
17924,2010-12-01 10:51:00,2011-11-28 09:11:00,7,1160,2962.5,26,6.0,19.0,46.15,12,374,423.21,60.3,0,0.3918,0.0811,13.1,326.62,628.11,Champions (VIP),"Exclusive VIP preview, concierge service, high-tier loyalty gifts."
17925,2010-12-02 10:10:00,2010-12-02 10:10:00,1,72,244.08,1,0.0,0.0,0.0,373,373,244.08,373.0,1,-0.4437,0.0732,61.3,12.02,23.11,Hibernating / Inactive,"Automated reactivation campaign, steep 20% discount offer, clearance alerts."
17926,2011-05-20 09:24:00,2011-07-29 14:39:00,2,306,397.29,17,0.0,0.0,0.0,133,204,198.64,71.0,1,-0.2007,0.0599,66.2,31.23,60.06,Low Value Occasional,Target with low-barrier impulse buys and seasonal holiday campaigns.
17928,2011-04-07 18:03:00,2011-10-25 13:52:00,2,140,212.54,23,0.0,0.0,0.0,45,246,106.27,201.0,2,-0.0628,-0.096,20.7,32.51,62.52,Promising New,"Welcome discount on 2nd purchase, onboarding email journey, product tips."
17929,2011-02-04 11:40:00,2011-11-28 16:01:00,4,108,843.0,4,1.0,1.0,20.0,11,309,210.75,99.3,0,0.2755,-0.0865,12.0,113.92,219.07,Loyal Customers,"Cross-sell premium categories, early bird access, referral incentives."
17930,2011-04-14 15:46:00,2011-11-04 10:23:00,5,1594,1740.48,26,0.0,0.0,0.0,36,239,348.1,50.8,3,0.1664,0.121,24.7,260.2,500.38,Loyal Customers,"Cross-sell premium categories, early bird access, referral incentives."
17931,2011-03-29 12:31:00,2011-07-28 18:33:00,2,249,408.36,63,0.0,0.0,0.0,134,256,204.18,122.0,1,-0.2009,0.0619,52.7,35.8,68.85,Potential Loyalists,"Offer bundle discounts, volume incentives, brand engagement newsletters."
17932,2011-05-12 13:58:00,2011-11-10 19:49:00,3,789,1331.57,84,0.0,0.0,0.0,29,211,443.86,91.0,3,0.1132,-0.0059,18.1,245.25,471.63,Loyal Customers,"Cross-sell premium categories, early bird access, referral incentives."
17934,2011-10-12 10:50:00,2011-10-19 11:16:00,2,478,704.25,21,0.0,0.0,0.0,52,59,352.12,7.0,2,-0.0451,-0.028,67.6,118.65,228.17,Loyal Customers,"Cross-sell premium categories, early bird access, referral incentives."
17935,2011-07-21 11:23:00,2011-07-24 13:18:00,2,82,145.79,28,0.0,0.0,0.0,138,142,72.9,4.0,1,-0.2384,0.0219,90.7,4.53,8.71,Low Value Occasional,Target with low-barrier impulse buys and seasonal holiday campaigns.
17936,2011-12-04 13:32:00,2011-12-04 13:32:00,1,257,380.13,68,0.0,0.0,0.0,5,5,380.13,5.0,2,0.1816,-0.4079,13.3,171.38,329.57,Promising New,"Welcome discount on 2nd purchase, onboarding email journey, product tips."
17937,2010-12-12 14:43:00,2011-12-01 11:45:00,7,1754,4301.22,19,0.0,0.0,0.0,9,362,614.46,58.8,0,0.4427,0.0652,11.9,496.7,955.19,Champions (VIP),"Exclusive VIP preview, concierge service, high-tier loyalty gifts."
17939,2011-07-03 12:27:00,2011-07-03 12:27:00,1,40,99.14,12,0.0,0.0,0.0,160,160,99.14,160.0,1,-0.348,-0.0668,56.8,12.7,24.43,Hibernating / Inactive,"Automated reactivation campaign, steep 20% discount offer, clearance alerts."
17940,2011-02-10 09:29:00,2011-10-21 13:27:00,10,9323,4020.04,6,4.0,4.0,28.57,49,303,402.0,28.2,3,0.2619,0.3278,45.1,345.61,664.64,Loyal Customers,"Cross-sell premium categories, early bird access, referral incentives."
17941,2011-08-01 08:30:00,2011-08-01 08:30:00,1,252,304.56,2,0.0,0.0,0.0,131,131,304.56,131.0,1,-0.2826,-0.0434,50.4,54.72,105.22,Low Value Occasional,Target with low-barrier impulse buys and seasonal holiday campaigns.
17942,2011-12-02 10:45:00,2011-12-02 10:45:00,1,38,77.5,2,0.0,0.0,0.0,8,8,77.5,8.0,2,0.0705,-0.426,16.6,33.61,64.63,Promising New,"Welcome discount on 2nd purchase, onboarding email journey, product tips."
17946,2011-03-25 14:34:00,2011-04-20 17:00:00,2,75,149.58,18,0.0,0.0,0.0,233,259,74.79,26.0,1,-0.3145,0.086,98.0,0.55,1.05,Hibernating / Inactive,"Automated reactivation campaign, steep 20% discount offer, clearance alerts."
17947,2011-11-02 13:05:00,2011-11-02 13:05:00,1,168,176.68,9,0.0,0.0,0.0,37,37,176.68,37.0,2,-0.116,-0.2171,29.5,64.77,124.56,Promising New,"Welcome discount on 2nd purchase, onboarding email journey, product tips."
17948,2011-07-15 12:58:00,2011-07-15 12:58:00,1,144,358.56,1,0.0,0.0,0.0,147,147,358.56,147.0,1,-0.2942,-0.0226,53.9,53.36,102.61,Low Value Occasional,Target with low-barrier impulse buys and seasonal holiday campaigns.
17950,2010-12-09 15:16:00,2011-09-28 15:18:00,3,366,482.2,63,1.0,24.0,25.0,72,365,160.73,146.5,3,-0.051,0.0586,29.8,44.0,84.62,Potential Loyalists,"Offer bundle discounts, volume incentives, brand engagement newsletters."
17951,2010-12-01 12:40:00,2011-10-31 12:30:00,3,616,1008.54,18,1.0,6.0,25.0,40,374,336.18,167.0,3,0.0581,0.0201,19.7,102.75,197.59,Loyal Customers,"Cross-sell premium categories, early bird access, referral incentives."
17954,2010-12-03 14:18:00,2011-12-04 14:15:00,12,2221,2314.13,326,4.0,5.0,25.0,5,371,192.84,33.3,0,0.5886,0.085,11.0,263.41,506.56,Champions (VIP),"Exclusive VIP preview, concierge service, high-tier loyalty gifts."
17955,2011-05-04 12:29:00,2011-05-25 12:00:00,4,273,557.3,14,0.0,0.0,0.0,199,220,139.32,7.0,1,-0.1538,0.2363,98.0,2.4,4.62,Hibernating / Inactive,"Automated reactivation campaign, steep 20% discount offer, clearance alerts."
17956,2011-04-04 13:47:00,2011-04-04 13:47:00,1,1,12.75,1,0.0,0.0,0.0,249,249,12.75,249.0,1,-0.4772,-0.098,61.3,0.94,1.81,Hibernating / Inactive,"Automated reactivation campaign, steep 20% discount offer, clearance alerts."
17957,2011-10-04 14:58:00,2011-10-04 14:58:00,1,287,111.68,31,0.0,0.0,0.0,66,66,111.68,66.0,1,-0.2146,-0.1678,35.9,37.23,71.59,Low Value Occasional,Target with low-barrier impulse buys and seasonal holiday campaigns.
17958,2011-08-15 12:19:00,2011-08-15 12:19:00,1,84,508.46,7,0.0,0.0,0.0,117,117,508.46,117.0,1,-0.2495,-0.0352,47.3,108.67,208.98,Potential Loyalists,"Offer bundle discounts, volume incentives, brand engagement newsletters."
17960,2011-06-21 14:15:00,2011-06-21 14:15:00,1,41,73.78,26,0.0,0.0,0.0,171,171,73.78,171.0,1,-0.3672,-0.0712,59.3,8.33,16.02,Hibernating / Inactive,"Automated reactivation campaign, steep 20% discount offer, clearance alerts."
17961,2010-12-02 19:18:00,2011-11-18 16:55:00,39,560,1296.44,211,0.0,0.0,0.0,21,372,33.24,9.2,0,0.5872,0.4675,34.7,107.98,207.65,Loyal Customers,"Cross-sell premium categories, early bird access, referral incentives."
17962,2011-07-20 14:16:00,2011-07-20 14:16:00,1,127,102.41,33,0.0,0.0,0.0,142,142,102.41,142.0,1,-0.3294,-0.0798,52.8,16.15,31.06,Low Value Occasional,Target with low-barrier impulse buys and seasonal holiday campaigns.
17964,2010-12-02 13:32:00,2011-11-08 10:44:00,2,294,463.21,84,0.0,0.0,0.0,32,372,231.6,340.0,2,0.0114,-0.1031,16.5,49.33,94.87,Promising New,"Welcome discount on 2nd purchase, onboarding email journey, product tips."
17965,2010-12-05 15:54:00,2011-11-02 09:31:00,14,1532,2599.19,274,0.0,0.0,0.0,38,369,185.66,25.5,3,0.3423,0.3482,38.3,206.23,396.59,Loyal Customers,"Cross-sell premium categories, early bird access, referral incentives."
17966,2011-03-23 17:25:00,2011-11-02 10:26:00,5,2571,1098.43,53,0.0,0.0,0.0,38,261,219.69,55.8,3,0.1437,0.1079,24.8,150.17,288.8,Loyal Customers,"Cross-sell premium categories, early bird access, referral incentives."
17967,2010-12-03 11:19:00,2010-12-03 11:19:00,1,73,112.27,41,0.0,0.0,0.0,372,372,112.27,372.0,1,-0.4682,0.0401,61.3,5.54,10.66,Hibernating / Inactive,"Automated reactivation campaign, steep 20% discount offer, clearance alerts."
17968,2010-12-01 12:23:00,2010-12-01 12:23:00,1,151,265.1,74,0.0,0.0,0.0,374,374,265.1,374.0,1,-0.4414,0.0771,61.3,13.02,25.03,Hibernating / Inactive,"Automated reactivation campaign, steep 20% discount offer, clearance alerts."
17969,2010-12-13 15:34:00,2011-06-26 13:00:00,2,152,228.2,14,0.0,0.0,0.0,166,361,114.1,195.0,1,-0.2511,0.063,55.8,13.26,25.5,Hibernating / Inactive,"Automated reactivation campaign, steep 20% discount offer, clearance alerts."
17970,2011-05-12 20:03:00,2011-05-12 20:03:00,1,513,562.79,27,0.0,0.0,0.0,211,211,562.79,211.0,1,-0.3328,0.04,61.3,48.98,94.19,Hibernating / Inactive,"Automated reactivation campaign, steep 20% discount offer, clearance alerts."
17972,2011-04-12 12:16:00,2011-04-12 12:16:00,1,36,135.19,30,0.0,0.0,0.0,242,242,135.19,242.0,1,-0.3989,-0.0039,61.3,10.26,19.73,Hibernating / Inactive,"Automated reactivation campaign, steep 20% discount offer, clearance alerts."
17973,2011-10-19 10:34:00,2011-10-19 10:34:00,1,176,337.04,15,0.0,0.0,0.0,52,52,337.04,52.0,2,-0.1444,-0.1495,32.8,117.78,226.49,Low Value Occasional,Target with low-barrier impulse buys and seasonal holiday campaigns.
17974,2011-05-04 11:50:00,2011-11-15 11:37:00,3,500,703.99,143,0.0,0.0,0.0,25,220,234.66,97.5,2,0.1138,-0.0502,16.6,126.63,243.52,Loyal Customers,"Cross-sell premium categories, early bird access, referral incentives."
17975,2010-12-08 11:38:00,2011-11-24 13:27:00,13,1565,4483.26,189,1.0,16.0,7.14,15,367,344.87,29.3,0,0.4788,0.2482,17.4,478.79,920.76,Champions (VIP),"Exclusive VIP preview, concierge service, high-tier loyalty gifts."
17976,2010-12-02 13:49:00,2010-12-02 13:49:00,1,93,321.79,56,0.0,0.0,0.0,372,372,321.79,372.0,1,-0.4344,0.0846,61.3,15.88,30.55,Hibernating / Inactive,"Automated reactivation campaign, steep 20% discount offer, clearance alerts."
17977,2011-11-10 13:28:00,2011-11-10 13:28:00,1,342,288.14,19,0.0,0.0,0.0,29,29,288.14,29.0,2,-0.0653,-0.225,27.7,108.33,208.33,Promising New,"Welcome discount on 2nd purchase, onboarding email journey, product tips."
17978,2010-12-09 14:05:00,2010-12-09 14:05:00,1,499,300.92,12,0.0,0.0,0.0,365,365,300.92,365.0,1,-0.4337,0.0795,61.3,15.14,29.11,Hibernating / Inactive,"Automated reactivation campaign, steep 20% discount offer, clearance alerts."
17979,2011-03-25 11:34:00,2011-11-04 12:05:00,4,383,732.41,116,1.0,2.0,20.0,36,260,183.1,74.7,3,0.1045,0.0437,21.7,104.66,201.27,Loyal Customers,"Cross-sell premium categories, early bird access, referral incentives."
17980,2010-12-15 15:50:00,2011-06-27 12:01:00,3,682,811.45,23,0.0,0.0,0.0,166,359,270.48,96.5,1,-0.1566,0.1808,70.8,31.32,60.23,Hibernating / Inactive,"Automated reactivation campaign, steep 20% discount offer, clearance alerts."
17984,2011-07-17 15:59:00,2011-07-17 15:59:00,1,98,152.68,48,0.0,0.0,0.0,145,145,152.68,145.0,1,-0.3197,-0.0604,53.5,23.23,44.68,Low Value Occasional,Target with low-barrier impulse buys and seasonal holiday campaigns.
17985,2011-11-17 14:24:00,2011-11-17 14:24:00,1,171,631.35,20,0.0,0.0,0.0,22,22,631.35,22.0,2,-0.0007,-0.2238,26.1,242.62,466.57,Promising New,"Welcome discount on 2nd purchase, onboarding email journey, product tips."
17986,2011-10-14 14:22:00,2011-10-14 14:22:00,1,10,20.8,1,0.0,0.0,0.0,56,56,20.8,56.0,2,-0.2438,-0.2572,33.7,7.17,13.79,Low Value Occasional,Target with low-barrier impulse buys and seasonal holiday campaigns.
17987,2011-06-07 14:22:00,2011-06-07 14:22:00,1,261,198.57,13,0.0,0.0,0.0,185,185,198.57,185.0,1,-0.347,-0.02,61.3,19.71,37.9,Hibernating / Inactive,"Automated reactivation campaign, steep 20% discount offer, clearance alerts."
17988,2011-01-17 11:59:00,2011-11-28 11:00:00,7,43,201.12,37,1.0,1.0,12.5,12,327,28.73,52.5,0,0.305,-0.0331,13.4,25.27,48.6,Potential Loyalists,"Offer bundle discounts, volume incentives, brand engagement newsletters."
17990,2010-12-13 12:10:00,2011-04-17 11:44:00,3,414,630.84,27,0.0,0.0,0.0,237,362,210.28,62.5,1,-0.2171,0.213,96.4,2.98,5.72,Hibernating / Inactive,"Automated reactivation campaign, steep 20% discount offer, clearance alerts."
17991,2011-04-27 16:39:00,2011-04-28 15:58:00,2,25,93.35,4,0.0,0.0,0.0,225,226,46.68,1.0,1,-0.3245,0.0619,98.0,0.39,0.75,Hibernating / Inactive,"Automated reactivation campaign, steep 20% discount offer, clearance alerts."
17994,2011-02-22 11:02:00,2011-08-10 11:41:00,4,495,674.89,63,2.0,24.0,33.33,122,291,168.72,56.3,3,-0.0758,0.1856,68.5,34.66,66.66,Potential Loyalists,"Offer bundle discounts, volume incentives, brand engagement newsletters."
17995,2011-03-03 12:30:00,2011-03-03 12:30:00,1,133,76.1,2,0.0,0.0,0.0,282,282,76.1,282.0,1,-0.4398,-0.0097,61.3,4.96,9.53,Hibernating / Inactive,"Automated reactivation campaign, steep 20% discount offer, clearance alerts."
17997,2011-06-28 17:28:00,2011-09-26 16:13:00,8,2273,1962.46,133,4.0,220.0,33.33,74,164,245.31,12.9,3,0.1414,0.3018,75.8,137.41,264.25,Potential Loyalists,"Offer bundle discounts, volume incentives, brand engagement newsletters."
17999,2010-12-08 15:17:00,2011-11-02 15:56:00,2,219,380.39,87,0.0,0.0,0.0,37,366,190.2,329.0,2,-0.0158,-0.0944,17.8,40.54,77.96,Promising New,"Welcome discount on 2nd purchase, onboarding email journey, product tips."
18001,2011-09-14 11:21:00,2011-11-27 16:02:00,2,362,415.13,56,0.0,0.0,0.0,12,87,207.56,75.0,2,0.1456,-0.2205,12.7,188.45,362.4,Promising New,"Welcome discount on 2nd purchase, onboarding email journey, product tips."
18004,2010-12-12 13:47:00,2010-12-12 13:47:00,1,75,157.92,32,0.0,0.0,0.0,362,362,157.92,362.0,1,-0.4532,0.0512,61.3,8.01,15.41,Hibernating / Inactive,"Automated reactivation campaign, steep 20% discount offer, clearance alerts."
18005,2011-10-23 14:40:00,2011-12-06 11:51:00,2,86,226.47,52,0.0,0.0,0.0,4,47,113.24,43.0,2,0.2674,-0.3618,10.2,105.76,203.38,Promising New,"Welcome discount on 2nd purchase, onboarding email journey, product tips."
18006,2011-11-16 16:52:00,2011-11-16 16:52:00,1,220,444.68,21,0.0,0.0,0.0,23,23,444.68,23.0,2,-0.0183,-0.2336,26.4,170.19,327.28,Promising New,"Welcome discount on 2nd purchase, onboarding email journey, product tips."
18008,2011-01-25 12:26:00,2011-09-30 15:17:00,9,1581,2116.19,24,0.0,0.0,0.0,70,319,235.13,31.1,3,0.1715,0.3218,58.2,131.57,253.03,Potential Loyalists,"Offer bundle discounts, volume incentives, brand engagement newsletters."
18009,2011-04-18 13:36:00,2011-04-18 13:36:00,1,125,247.39,31,1.0,2.0,50.0,235,235,247.39,235.0,1,-0.3752,0.0181,61.3,19.33,37.18,Hibernating / Inactive,"Automated reactivation campaign, steep 20% discount offer, clearance alerts."
18010,2011-03-28 12:27:00,2011-03-28 12:27:00,1,60,174.8,14,0.0,0.0,0.0,257,257,174.8,257.0,1,-0.3995,0.0142,61.3,12.49,24.02,Hibernating / Inactive,"Automated reactivation campaign, steep 20% discount offer, clearance alerts."
18011,2010-12-01 17:35:00,2010-12-01 17:35:00,1,71,102.79,28,0.0,0.0,0.0,373,373,102.79,373.0,1,-0.4714,0.0367,61.3,5.06,9.73,Hibernating / Inactive,"Automated reactivation campaign, steep 20% discount offer, clearance alerts."
18013,2011-07-07 14:08:00,2011-07-07 14:11:00,2,285,187.29,31,0.0,0.0,0.0,155,155,93.64,0.0,1,-0.2474,0.0464,94.4,3.21,6.17,Hibernating / Inactive,"Automated reactivation campaign, steep 20% discount offer, clearance alerts."
18014,2011-11-11 15:28:00,2011-11-11 15:28:00,1,66,162.22,29,0.0,0.0,0.0,28,28,162.22,28.0,2,-0.0788,-0.2534,27.5,61.16,117.61,Promising New,"Welcome discount on 2nd purchase, onboarding email journey, product tips."
18015,2011-12-05 14:49:00,2011-12-05 14:49:00,1,157,120.03,46,0.0,0.0,0.0,4,4,120.03,4.0,2,0.1714,-0.4787,12.2,54.8,105.39,Promising New,"Welcome discount on 2nd purchase, onboarding email journey, product tips."
18016,2010-12-10 17:14:00,2011-11-07 13:25:00,5,1027,1477.66,90,0.0,0.0,0.0,32,364,295.53,83.0,3,0.178,0.1002,19.6,154.87,297.82,Loyal Customers,"Cross-sell premium categories, early bird access, referral incentives."
18017,2011-02-02 13:57:00,2011-09-19 16:15:00,3,300,523.0,1,0.0,0.0,0.0,81,310,174.33,114.5,3,-0.0656,0.0761,34.7,52.27,100.53,Potential Loyalists,"Offer bundle discounts, volume incentives, brand engagement newsletters."
18018,2011-05-24 13:22:00,2011-08-23 17:37:00,2,55,122.14,29,0.0,0.0,0.0,108,199,61.07,91.0,1,-0.2081,-0.015,48.4,15.03,28.9,Low Value Occasional,Target with low-barrier impulse buys and seasonal holiday campaigns.
18019,2011-10-19 12:10:00,2011-10-19 12:10:00,1,7,38.45,5,0.0,0.0,0.0,52,52,38.45,52.0,2,-0.2138,-0.2408,32.8,13.44,25.84,Low Value Occasional,Target with low-barrier impulse buys and seasonal holiday campaigns.
18022,2011-11-04 12:45:00,2011-11-04 12:45:00,1,703,612.72,141,0.0,0.0,0.0,36,36,612.72,36.0,2,-0.072,-0.1676,29.3,225.26,433.19,Promising New,"Welcome discount on 2nd purchase, onboarding email journey, product tips."
18024,2011-07-10 12:28:00,2011-07-10 12:40:00,2,184,389.78,21,1.0,36.0,33.33,153,153,194.89,0.0,1,-0.2219,0.0759,94.0,7.25,13.95,Hibernating / Inactive,"Automated reactivation campaign, steep 20% discount offer, clearance alerts."
18027,2011-09-02 10:38:00,2011-09-02 10:38:00,1,78,115.31,21,0.0,0.0,0.0,99,99,115.31,99.0,1,-0.2727,-0.118,43.3,31.34,60.26,Low Value Occasional,Target with low-barrier impulse buys and seasonal holiday campaigns.
18030,2011-10-28 13:55:00,2011-12-05 16:37:00,2,67,230.65,8,1.0,1.0,33.33,4,42,115.32,38.0,2,0.268,-0.361,10.4,107.46,206.65,Promising New,"Welcome discount on 2nd purchase, onboarding email journey, product tips."
18032,2011-01-09 15:32:00,2011-01-09 15:32:00,1,42,73.5,5,0.0,0.0,0.0,334,334,73.5,334.0,1,-0.4659,0.0093,61.3,4.04,7.77,Hibernating / Inactive,"Automated reactivation campaign, steep 20% discount offer, clearance alerts."
18033,2011-10-05 17:28:00,2011-10-05 17:28:00,1,252,93.82,32,0.0,0.0,0.0,65,65,93.82,65.0,1,-0.2179,-0.177,35.7,31.37,60.33,Low Value Occasional,Target with low-barrier impulse buys and seasonal holiday campaigns.
18034,2011-11-18 12:08:00,2011-11-18 12:22:00,2,559,418.68,99,0.0,0.0,0.0,22,22,209.34,0.0,2,0.0616,-0.1511,36.2,138.9,267.12,Promising New,"Welcome discount on 2nd purchase, onboarding email journey, product tips."
18035,2011-10-27 17:48:00,2011-11-04 12:39:00,3,584,713.89,44,0.0,0.0,0.0,36,43,237.96,3.5,3,0.0621,-0.007,55.0,167.05,321.25,Loyal Customers,"Cross-sell premium categories, early bird access, referral incentives."
18036,2011-04-08 11:26:00,2011-11-07 14:40:00,3,232,403.12,77,0.0,0.0,0.0,32,246,134.37,107.0,2,0.0606,-0.0451,18.6,63.29,121.72,Potential Loyalists,"Offer bundle discounts, volume incentives, brand engagement newsletters."
18037,2010-12-12 16:20:00,2011-07-08 13:39:00,6,20,70.02,19,0.0,0.0,0.0,154,362,11.67,41.6,3,-0.1201,0.1926,90.2,0.9,1.73,Hibernating / Inactive,"Automated reactivation campaign, steep 20% discount offer, clearance alerts."
18040,2011-04-08 08:27:00,2011-11-20 14:20:00,2,148,357.2,18,0.0,0.0,0.0,19,246,178.6,227.0,2,0.0771,-0.1747,13.5,59.6,114.61,Promising New,"Welcome discount on 2nd purchase, onboarding email journey, product tips."
18041,2010-12-02 11:21:00,2011-11-28 11:39:00,21,3758,4097.37,285,1.0,9.0,4.55,12,373,195.11,18.0,0,0.5907,0.3198,18.8,423.24,813.91,Champions (VIP),"Exclusive VIP preview, concierge service, high-tier loyalty gifts."
18042,2011-10-17 11:49:00,2011-10-17 11:49:00,1,33,165.05,7,0.0,0.0,0.0,54,54,165.05,54.0,2,-0.1728,-0.1752,33.3,57.25,110.09,Low Value Occasional,Target with low-barrier impulse buys and seasonal holiday campaigns.
18043,2010-12-08 12:35:00,2011-11-15 12:48:00,3,265,529.29,106,0.0,0.0,0.0,25,367,176.43,171.0,2,0.1046,-0.0624,15.4,57.89,111.33,Potential Loyalists,"Offer bundle discounts, volume incentives, brand engagement newsletters."
18044,2010-12-14 12:25:00,2011-12-05 14:26:00,10,1033,2088.6,88,1.0,1.0,9.09,4,361,208.86,39.7,0,0.5811,0.0214,10.3,246.25,473.56,Champions (VIP),"Exclusive VIP preview, concierge service, high-tier loyalty gifts."
18045,2011-10-25 13:07:00,2011-10-25 13:07:00,1,138,178.34,43,0.0,0.0,0.0,45,45,178.34,45.0,2,-0.1439,-0.1936,31.3,63.71,122.52,Promising New,"Welcome discount on 2nd purchase, onboarding email journey, product tips."
18048,2011-05-20 14:54:00,2011-05-20 14:58:00,2,127,172.29,6,0.0,0.0,0.0,203,203,86.15,0.0,1,-0.2897,0.0753,98.0,0.81,1.55,Hibernating / Inactive,"Automated reactivation campaign, steep 20% discount offer, clearance alerts."
18050,2010-12-15 14:25:00,2010-12-15 14:25:00,1,40,74.4,5,0.0,0.0,0.0,359,359,74.4,359.0,1,-0.4761,0.0185,61.3,3.81,7.32,Hibernating / Inactive,"Automated reactivation campaign, steep 20% discount offer, clearance alerts."
18053,2011-09-30 09:05:00,2011-09-30 09:05:00,1,302,300.02,20,1.0,1.0,50.0,71,71,300.02,71.0,1,-0.1934,-0.1173,37.0,98.29,189.01,Low Value Occasional,Target with low-barrier impulse buys and seasonal holiday campaigns.
18055,2010-12-05 10:52:00,2011-12-02 14:25:00,10,2452,6761.34,223,1.0,5.0,9.09,7,370,676.13,40.3,0,0.5496,0.1282,11.7,765.64,1472.39,Champions (VIP),"Exclusive VIP preview, concierge service, high-tier loyalty gifts."
18056,2011-02-24 14:27:00,2011-02-24 14:27:00,1,211,363.65,19,0.0,0.0,0.0,288,288,363.65,288.0,1,-0.3927,0.0589,61.3,23.19,44.59,Hibernating / Inactive,"Automated reactivation campaign, steep 20% discount offer, clearance alerts."
18058,2011-11-30 08:38:00,2011-11-30 08:38:00,1,88,170.16,3,0.0,0.0,0.0,10,10,170.16,10.0,2,0.0661,-0.3686,19.0,71.67,137.83,Promising New,"Welcome discount on 2nd purchase, onboarding email journey, product tips."
18059,2011-10-03 09:30:00,2011-11-16 16:49:00,3,258,306.46,17,1.0,5.0,25.0,23,68,102.15,22.5,2,0.0988,-0.0952,26.7,116.81,224.63,Low Value Occasional,Target with low-barrier impulse buys and seasonal holiday campaigns.
18061,2010-12-08 13:03:00,2011-11-18 11:20:00,10,955,2119.41,18,0.0,0.0,0.0,22,366,211.94,38.2,0,0.356,0.2067,19.8,220.36,423.78,Champions (VIP),"Exclusive VIP preview, concierge service, high-tier loyalty gifts."
18062,2011-01-06 10:03:00,2011-06-19 14:47:00,3,396,720.52,23,0.0,0.0,0.0,173,338,240.17,82.5,1,-0.1665,0.1807,78.8,21.44,41.24,Hibernating / Inactive,"Automated reactivation campaign, steep 20% discount offer, clearance alerts."
18064,2011-04-18 15:08:00,2011-07-29 16:39:00,2,384,814.0,7,0.0,0.0,0.0,133,235,407.0,102.0,1,-0.1775,0.0903,56.0,72.32,139.07,Potential Loyalists,"Offer bundle discounts, volume incentives, brand engagement newsletters."
18065,2010-12-10 12:44:00,2011-12-04 10:30:00,14,1027,2392.83,110,1.0,3.0,6.67,6,365,170.92,27.6,0,0.5935,0.1369,11.9,274.06,527.03,Champions (VIP),"Exclusive VIP preview, concierge service, high-tier loyalty gifts."
18066,2011-09-25 15:30:00,2011-09-25 15:30:00,1,108,318.0,10,0.0,0.0,0.0,75,75,318.0,75.0,1,-0.1995,-0.1083,37.9,102.69,197.48,Low Value Occasional,Target with low-barrier impulse buys and seasonal holiday campaigns.
18067,2011-10-30 15:58:00,2011-10-30 15:58:00,1,189,396.33,36,0.0,0.0,0.0,40,40,396.33,40.0,2,-0.1012,-0.1737,30.1,144.06,277.03,Promising New,"Welcome discount on 2nd purchase, onboarding email journey, product tips."
18068,2011-02-23 14:50:00,2011-02-23 14:50:00,1,6,101.7,1,0.0,0.0,0.0,289,289,101.7,289.0,1,-0.4342,0.0055,61.3,6.46,12.43,Hibernating / Inactive,"Automated reactivation campaign, steep 20% discount offer, clearance alerts."
18069,2011-01-16 15:50:00,2011-11-13 16:03:00,5,1296,2009.24,334,2.0,3.0,28.57,26,327,401.85,75.2,3,0.2176,0.089,17.8,239.66,460.88,Champions (VIP),"Exclusive VIP preview, concierge service, high-tier loyalty gifts."
18071,2010-12-09 10:33:00,2011-03-27 11:59:00,2,260,453.0,23,0.0,0.0,0.0,258,366,226.5,108.0,1,-0.2939,0.1452,84.6,9.04,17.39,Hibernating / Inactive,"Automated reactivation campaign, steep 20% discount offer, clearance alerts."
18072,2011-06-07 10:44:00,2011-06-07 10:44:00,1,288,247.44,18,1.0,242.0,50.0,186,186,247.44,186.0,1,-0.3407,-0.01,61.3,24.43,46.98,Hibernating / Inactive,"Automated reactivation campaign, steep 20% discount offer, clearance alerts."
18073,2011-05-26 19:38:00,2011-08-17 14:02:00,12,3102,3859.82,23,1.0,10.0,7.69,114,197,321.65,7.5,3,0.1685,0.464,85.3,136.66,262.81,Potential Loyalists,"Offer bundle discounts, volume incentives, brand engagement newsletters."
18074,2010-12-01 09:53:00,2010-12-01 09:53:00,1,190,489.6,13,0.0,0.0,0.0,374,374,489.6,374.0,1,-0.4216,0.1031,61.3,24.04,46.23,Hibernating / Inactive,"Automated reactivation campaign, steep 20% discount offer, clearance alerts."
18075,2010-12-14 10:48:00,2011-11-16 15:21:00,10,1464,2611.75,97,4.0,27.0,28.57,23,361,261.18,37.6,0,0.3564,0.2207,20.5,272.92,524.85,Champions (VIP),"Exclusive VIP preview, concierge service, high-tier loyalty gifts."
18077,2010-12-08 10:21:00,2011-12-01 13:32:00,11,1839,2584.41,101,0.0,0.0,0.0,8,367,234.95,35.9,0,0.5173,0.121,12.4,292.71,562.91,Champions (VIP),"Exclusive VIP preview, concierge service, high-tier loyalty gifts."
18078,2011-03-25 15:08:00,2011-05-06 14:32:00,2,145,336.13,27,0.0,0.0,0.0,217,259,168.06,42.0,1,-0.278,0.1117,98.0,1.23,2.37,Hibernating / Inactive,"Automated reactivation campaign, steep 20% discount offer, clearance alerts."
18079,2011-04-15 12:14:00,2011-10-25 15:27:00,4,7347,3613.15,99,0.0,0.0,0.0,45,239,903.29,64.7,3,0.1239,0.1379,26.5,527.25,1013.93,Loyal Customers,"Cross-sell premium categories, early bird access, referral incentives."
18080,2011-04-11 10:10:00,2011-11-21 08:02:00,2,642,1231.5,2,0.0,0.0,0.0,19,243,615.75,224.0,2,0.1171,-0.1222,13.5,208.01,400.02,Loyal Customers,"Cross-sell premium categories, early bird access, referral incentives."
18081,2011-07-29 11:56:00,2011-11-03 16:30:00,3,195,343.45,14,0.0,0.0,0.0,36,134,114.48,49.0,2,0.0385,-0.038,25.1,91.09,175.17,Low Value Occasional,Target with low-barrier impulse buys and seasonal holiday campaigns.
18082,2011-11-14 12:45:00,2011-11-14 12:45:00,1,608,680.84,62,0.0,0.0,0.0,26,26,680.84,26.0,2,-0.022,-0.2012,27.0,258.45,497.01,Promising New,"Welcome discount on 2nd purchase, onboarding email journey, product tips."
18084,2011-11-23 13:57:00,2011-11-23 13:57:00,1,312,90.48,1,1.0,1.0,50.0,16,16,90.48,16.0,2,-0.0185,-0.3426,24.8,35.38,68.04,Promising New,"Welcome discount on 2nd purchase, onboarding email journey, product tips."
18085,2010-12-01 12:08:00,2011-01-13 15:17:00,2,265,689.95,25,0.0,0.0,0.0,330,374,344.98,44.0,1,-0.3166,0.1927,98.0,1.75,3.37,Hibernating / Inactive,"Automated reactivation campaign, steep 20% discount offer, clearance alerts."
18086,2011-03-10 13:34:00,2011-03-10 13:34:00,1,106,101.34,7,0.0,0.0,0.0,274,274,101.34,274.0,1,-0.4264,-0.0011,61.3,6.79,13.06,Hibernating / Inactive,"Automated reactivation campaign, steep 20% discount offer, clearance alerts."
18087,2011-02-22 10:43:00,2011-09-02 15:12:00,2,3907,4055.72,2,2.0,336.0,50.0,98,291,2027.86,193.0,3,-0.0809,0.1219,35.8,424.57,816.47,Potential Loyalists,"Offer bundle discounts, volume incentives, brand engagement newsletters."
18088,2011-10-09 13:41:00,2011-10-09 13:41:00,1,107,166.03,35,0.0,0.0,0.0,61,61,166.03,61.0,2,-0.1904,-0.1605,34.8,56.29,108.25,Low Value Occasional,Target with low-barrier impulse buys and seasonal holiday campaigns.
18092,2010-12-09 10:00:00,2011-12-07 13:14:00,11,4252,9068.26,28,1.0,2.0,8.33,2,366,824.39,36.4,0,0.7203,0.0414,9.4,1065.14,2048.36,Champions (VIP),"Exclusive VIP preview, concierge service, high-tier loyalty gifts."
18093,2011-02-10 12:15:00,2011-09-07 15:43:00,4,1392,2106.52,31,1.0,11.0,20.0,93,303,526.63,70.0,3,0.0008,0.2014,47.6,172.86,332.42,Potential Loyalists,"Offer bundle discounts, volume incentives, brand engagement newsletters."
18094,2011-02-21 08:50:00,2011-09-19 09:28:00,7,2518,3017.3,39,0.0,0.0,0.0,82,292,431.04,35.0,3,0.1183,0.3061,62.2,185.34,356.42,Potential Loyalists,"Offer bundle discounts, volume incentives, brand engagement newsletters."
18095,2011-01-11 12:37:00,2011-01-31 12:50:00,2,419,580.05,20,0.0,0.0,0.0,312,333,290.03,21.0,1,-0.3139,0.1786,98.0,1.65,3.18,Hibernating / Inactive,"Automated reactivation campaign, steep 20% discount offer, clearance alerts."
18096,2011-10-07 11:55:00,2011-11-28 12:44:00,3,788,849.06,157,0.0,0.0,0.0,12,64,283.02,26.0,2,0.2223,-0.1261,16.1,370.43,712.36,Loyal Customers,"Cross-sell premium categories, early bird access, referral incentives."
18097,2010-12-20 14:49:00,2011-12-02 11:16:00,6,1662,2662.4,65,1.0,1.0,14.29,8,354,443.73,69.2,0,0.4179,0.0024,11.4,316.18,608.04,Champions (VIP),"Exclusive VIP preview, concierge service, high-tier loyalty gifts."
18099,2011-08-04 15:52:00,2011-08-04 15:52:00,1,149,168.31,19,0.0,0.0,0.0,127,127,168.31,127.0,1,-0.2971,-0.0722,49.5,31.76,61.07,Low Value Occasional,Target with low-barrier impulse buys and seasonal holiday campaigns.
18101,2011-07-19 13:05:00,2011-11-28 13:37:00,2,87,222.4,37,0.0,0.0,0.0,11,143,111.2,132.0,2,0.1374,-0.2566,11.7,65.16,125.31,Promising New,"Welcome discount on 2nd purchase, onboarding email journey, product tips."
18104,2011-11-02 14:07:00,2011-11-02 14:07:00,1,362,754.64,38,0.0,0.0,0.0,37,37,754.64,37.0,2,-0.0692,-0.1555,29.5,276.65,532.02,Loyal Customers,"Cross-sell premium categories, early bird access, referral incentives."
18105,2011-11-02 12:04:00,2011-11-02 12:04:00,1,46,113.48,18,0.0,0.0,0.0,38,38,113.48,38.0,2,-0.134,-0.2326,29.7,41.48,79.78,Promising New,"Welcome discount on 2nd purchase, onboarding email journey, product tips."
18106,2011-01-14 12:23:00,2011-01-14 12:23:00,1,126,421.9,33,0.0,0.0,0.0,330,330,421.9,330.0,1,-0.408,0.0817,61.3,23.48,45.15,Hibernating / Inactive,"Automated reactivation campaign, steep 20% discount offer, clearance alerts."
18108,2011-03-30 13:56:00,2011-03-30 13:56:00,1,84,271.0,17,1.0,2.0,50.0,254,254,271.0,254.0,1,-0.3837,0.0313,61.3,19.59,37.68,Hibernating / Inactive,"Automated reactivation campaign, steep 20% discount offer, clearance alerts."
18110,2011-11-20 12:34:00,2011-11-20 12:34:00,1,72,198.8,33,1.0,7.0,50.0,20,20,198.8,20.0,2,-0.0245,-0.2838,25.7,76.81,147.71,Promising New,"Welcome discount on 2nd purchase, onboarding email journey, product tips."
18112,2011-06-26 13:56:00,2011-11-27 14:43:00,2,255,352.69,26,0.0,0.0,0.0,12,166,176.34,154.0,2,0.1404,-0.2274,11.9,88.81,170.8,Promising New,"Welcome discount on 2nd purchase, onboarding email journey, product tips."
18113,2010-12-06 12:31:00,2010-12-06 12:31:00,1,72,76.32,1,0.0,0.0,0.0,369,369,76.32,369.0,1,-0.4794,0.0229,61.3,3.8,7.3,Hibernating / Inactive,"Automated reactivation campaign, steep 20% discount offer, clearance alerts."
18114,2011-02-22 13:20:00,2011-02-22 13:20:00,1,55,220.1,28,0.0,0.0,0.0,290,290,220.1,290.0,1,-0.4099,0.0385,61.3,13.94,26.8,Hibernating / Inactive,"Automated reactivation campaign, steep 20% discount offer, clearance alerts."
18116,2010-12-10 12:14:00,2011-10-03 11:00:00,8,837,1403.11,230,0.0,0.0,0.0,68,365,175.39,42.4,3,0.1428,0.2774,47.0,96.67,185.91,Potential Loyalists,"Offer bundle discounts, volume incentives, brand engagement newsletters."
18117,2011-11-14 12:47:00,2011-11-14 12:47:00,1,605,315.65,68,0.0,0.0,0.0,26,26,315.65,26.0,2,-0.0468,-0.2338,27.0,119.82,230.42,Promising New,"Welcome discount on 2nd purchase, onboarding email journey, product tips."
18119,2010-12-07 11:59:00,2010-12-07 11:59:00,1,124,180.7,29,0.0,0.0,0.0,368,368,180.7,368.0,1,-0.4513,0.0589,61.3,9.02,17.34,Hibernating / Inactive,"Automated reactivation campaign, steep 20% discount offer, clearance alerts."
18120,2011-05-09 13:45:00,2011-05-09 13:45:00,1,31,111.15,17,0.0,0.0,0.0,214,214,111.15,214.0,1,-0.3871,-0.027,61.3,9.54,18.34,Hibernating / Inactive,"Automated reactivation campaign, steep 20% discount offer, clearance alerts."
18121,2011-07-08 12:14:00,2011-07-13 12:53:00,2,438,653.3,28,0.0,0.0,0.0,149,155,326.65,6.0,1,-0.2013,0.0946,93.1,13.8,26.54,Potential Loyalists,"Offer bundle discounts, volume incentives, brand engagement newsletters."
18122,2011-07-12 11:37:00,2011-12-01 13:08:00,6,1225,1793.06,239,0.0,0.0,0.0,8,151,298.84,28.6,0,0.4051,-0.0144,13.0,490.19,942.68,Champions (VIP),"Exclusive VIP preview, concierge service, high-tier loyalty gifts."
18123,2011-11-08 13:31:00,2011-11-15 14:23:00,2,582,574.44,31,0.0,0.0,0.0,24,31,287.22,7.0,2,0.0594,-0.1276,39.2,181.61,349.26,Promising New,"Welcome discount on 2nd purchase, onboarding email journey, product tips."
18125,2011-01-27 15:02:00,2011-11-10 12:29:00,4,800,1131.75,164,1.0,1.0,20.0,30,316,282.94,95.3,3,0.1447,0.0408,18.3,138.84,267.01,Loyal Customers,"Cross-sell premium categories, early bird access, referral incentives."
18126,2011-10-10 12:19:00,2011-10-10 12:19:00,1,135,200.92,52,0.0,0.0,0.0,61,61,200.92,61.0,2,-0.1842,-0.1524,34.8,68.12,131.0,Low Value Occasional,Target with low-barrier impulse buys and seasonal holiday campaigns.
18127,2011-07-29 10:06:00,2011-11-20 14:05:00,3,187,347.08,41,0.0,0.0,0.0,19,134,115.69,57.5,2,0.1298,-0.112,16.1,103.11,198.29,Low Value Occasional,Target with low-barrier impulse buys and seasonal holiday campaigns.
18129,2011-04-10 14:16:00,2011-04-10 14:16:00,1,48,112.55,13,0.0,0.0,0.0,243,243,112.55,243.0,1,-0.4054,-0.0111,61.3,8.51,16.36,Hibernating / Inactive,"Automated reactivation campaign, steep 20% discount offer, clearance alerts."
18130,2011-10-13 15:58:00,2011-11-24 14:40:00,3,824,1059.39,58,1.0,7.0,25.0,15,57,353.13,21.0,2,0.1988,-0.0916,20.2,439.6,845.39,Loyal Customers,"Cross-sell premium categories, early bird access, referral incentives."
18133,2011-05-11 14:14:00,2011-05-11 14:14:00,1,1350,931.5,1,1.0,1350.0,50.0,212,212,931.5,212.0,1,-0.3172,0.0619,61.3,80.69,155.16,Hibernating / Inactive,"Automated reactivation campaign, steep 20% discount offer, clearance alerts."
18135,2011-06-02 14:04:00,2011-11-10 19:32:00,5,349,681.91,11,0.0,0.0,0.0,29,190,136.38,40.2,3,0.1671,0.0559,23.4,130.45,250.86,Potential Loyalists,"Offer bundle discounts, volume incentives, brand engagement newsletters."
18136,2011-01-24 12:08:00,2011-10-07 15:40:00,3,379,784.33,34,1.0,6.0,25.0,63,320,261.44,128.5,3,-0.0159,0.0633,27.8,83.97,161.48,Potential Loyalists,"Offer bundle discounts, volume incentives, brand engagement newsletters."
18138,2011-02-17 14:51:00,2011-02-17 14:51:00,1,38,152.65,8,0.0,0.0,0.0,295,295,152.65,295.0,1,-0.4242,0.0251,61.3,9.5,18.27,Hibernating / Inactive,"Automated reactivation campaign, steep 20% discount offer, clearance alerts."
18139,2011-11-21 14:06:00,2011-11-22 10:44:00,6,5557,8438.34,35,2.0,96.0,25.0,18,18,1406.39,0.0,0,0.3447,0.1418,30.2,3062.78,5889.96,Champions (VIP),"Exclusive VIP preview, concierge service, high-tier loyalty gifts."
18142,2011-05-08 12:31:00,2011-07-05 13:19:00,2,1276,1019.52,9,2.0,3.0,50.0,157,216,509.76,59.0,1,-0.1946,0.1198,83.0,38.07,73.22,At-Risk High Spenders,"High-priority win-back promotion, dedicated account check-in, special survey."
18143,2011-07-21 10:44:00,2011-08-15 12:07:00,2,570,1000.16,59,0.0,0.0,0.0,117,142,500.08,25.0,1,-0.1521,0.0837,84.7,51.13,98.33,Potential Loyalists,"Offer bundle discounts, volume incentives, brand engagement newsletters."
18144,2010-12-01 13:45:00,2011-12-02 12:46:00,12,1343,2888.75,27,0.0,0.0,0.0,8,373,240.73,33.2,0,0.5358,0.1435,12.6,321.18,617.66,Champions (VIP),"Exclusive VIP preview, concierge service, high-tier loyalty gifts."
18145,2011-01-31 12:10:00,2011-11-27 11:22:00,4,2625,2861.55,174,0.0,0.0,0.0,13,313,715.39,100.0,0,0.2922,-0.0159,12.6,379.15,729.13,Champions (VIP),"Exclusive VIP preview, concierge service, high-tier loyalty gifts."
18146,2011-05-03 16:35:00,2011-07-22 12:08:00,2,153,160.35,10,0.0,0.0,0.0,141,220,80.18,79.0,1,-0.2385,0.0285,66.4,11.62,22.35,Low Value Occasional,Target with low-barrier impulse buys and seasonal holiday campaigns.
18147,2011-08-23 12:22:00,2011-10-25 11:46:00,2,203,179.34,7,0.0,0.0,0.0,46,109,89.67,63.0,2,-0.0714,-0.1006,27.3,56.76,109.15,Low Value Occasional,Target with low-barrier impulse buys and seasonal holiday campaigns.
18149,2011-03-11 12:44:00,2011-10-20 12:04:00,3,310,612.08,11,0.0,0.0,0.0,51,274,204.03,111.5,3,0.0068,0.0277,24.7,79.82,153.49,Potential Loyalists,"Offer bundle discounts, volume incentives, brand engagement newsletters."
18150,2011-05-22 10:47:00,2011-11-07 16:49:00,3,332,566.58,29,0.0,0.0,0.0,32,202,188.86,85.0,2,0.0715,-0.0306,19.5,107.14,206.03,Potential Loyalists,"Offer bundle discounts, volume incentives, brand engagement newsletters."
18151,2011-02-23 08:29:00,2011-07-28 11:35:00,2,355,653.35,38,0.0,0.0,0.0,135,290,326.68,155.0,1,-0.1868,0.0828,49.2,54.31,104.44,Potential Loyalists,"Offer bundle discounts, volume incentives, brand engagement newsletters."
18154,2011-10-27 10:40:00,2011-12-06 16:41:00,2,255,399.19,15,0.0,0.0,0.0,3,44,199.6,41.0,2,0.3186,-0.3647,9.8,187.24,360.08,Promising New,"Welcome discount on 2nd purchase, onboarding email journey, product tips."
18155,2011-02-21 10:36:00,2011-09-25 13:32:00,3,266,371.62,19,1.0,8.0,25.0,75,292,123.87,108.5,3,-0.0654,0.0524,33.2,40.34,77.57,Low Value Occasional,Target with low-barrier impulse buys and seasonal holiday campaigns.
18156,2010-12-05 12:29:00,2011-11-27 12:24:00,2,283,675.64,100,0.0,0.0,0.0,13,370,337.82,357.0,2,0.1504,-0.1908,11.7,76.51,147.13,Promising New,"Welcome discount on 2nd purchase, onboarding email journey, product tips."
18158,2011-09-12 09:03:00,2011-11-30 16:19:00,2,354,453.4,24,1.0,1.0,33.33,9,89,226.7,80.0,2,0.1873,-0.2485,11.5,208.65,401.26,Promising New,"Welcome discount on 2nd purchase, onboarding email journey, product tips."
18159,2011-02-11 14:26:00,2011-02-11 14:26:00,1,139,530.15,23,0.0,0.0,0.0,301,301,530.15,301.0,1,-0.387,0.0803,61.3,32.34,62.2,Hibernating / Inactive,"Automated reactivation campaign, steep 20% discount offer, clearance alerts."
18160,2011-05-23 13:41:00,2011-10-13 15:50:00,2,294,638.06,37,0.0,0.0,0.0,57,200,319.03,143.0,2,-0.0616,-0.0213,25.3,113.08,217.46,Potential Loyalists,"Offer bundle discounts, volume incentives, brand engagement newsletters."
18161,2011-01-24 11:56:00,2011-11-24 16:40:00,5,812,1618.69,49,1.0,2.0,16.67,15,320,323.74,76.2,0,0.288,0.0165,13.7,207.14,398.35,Champions (VIP),"Exclusive VIP preview, concierge service, high-tier loyalty gifts."
18164,2011-11-02 12:56:00,2011-11-02 12:56:00,1,184,399.65,24,1.0,1.0,50.0,37,37,399.65,37.0,2,-0.0897,-0.1825,29.5,146.51,281.75,Promising New,"Welcome discount on 2nd purchase, onboarding email journey, product tips."
18165,2011-06-15 13:23:00,2011-06-15 13:23:00,1,254,302.46,10,0.0,0.0,0.0,177,177,302.46,177.0,1,-0.327,-0.0075,60.6,31.95,61.44,Hibernating / Inactive,"Automated reactivation campaign, steep 20% discount offer, clearance alerts."
18167,2011-08-26 11:40:00,2011-11-16 15:56:00,3,382,1384.86,24,3.0,23.0,50.0,23,106,461.62,41.5,3,0.1475,-0.0312,19.7,497.8,957.3,Loyal Customers,"Cross-sell premium categories, early bird access, referral incentives."
18168,2010-12-02 18:08:00,2011-06-16 19:21:00,6,592,1160.04,97,3.0,9.0,33.33,176,372,193.34,39.2,3,-0.0494,0.3274,97.5,3.7,7.11,At-Risk High Spenders,"High-priority win-back promotion, dedicated account check-in, special survey."
18169,2011-10-10 12:18:00,2011-10-10 12:18:00,1,61,202.65,9,0.0,0.0,0.0,61,61,202.65,61.0,2,-0.184,-0.152,34.8,68.71,132.13,Low Value Occasional,Target with low-barrier impulse buys and seasonal holiday campaigns.
18170,2011-05-06 15:13:00,2011-11-06 14:35:00,3,409,980.31,29,0.0,0.0,0.0,33,217,326.77,92.0,3,0.0848,-0.0037,19.5,172.56,331.84,Loyal Customers,"Cross-sell premium categories, early bird access, referral incentives."
18171,2011-01-10 09:55:00,2011-10-12 09:13:00,5,481,1231.31,43,2.0,4.0,28.57,59,334,246.26,68.8,3,0.0838,0.1648,32.1,118.77,228.41,Loyal Customers,"Cross-sell premium categories, early bird access, referral incentives."
18173,2011-03-10 11:56:00,2011-09-14 11:26:00,4,1220,2106.84,23,0.0,0.0,0.0,87,275,526.71,62.7,3,0.0105,0.1934,47.3,191.58,368.42,Potential Loyalists,"Offer bundle discounts, volume incentives, brand engagement newsletters."
18174,2011-12-02 16:56:00,2011-12-02 16:56:00,1,50,104.0,1,0.0,0.0,0.0,7,7,104.0,7.0,2,0.0974,-0.4279,15.4,45.75,87.98,Promising New,"Welcome discount on 2nd purchase, onboarding email journey, product tips."
18176,2010-12-16 15:45:00,2010-12-16 15:45:00,1,283,476.35,30,1.0,4.0,50.0,358,358,476.35,358.0,1,-0.4161,0.0966,61.3,24.43,46.99,Hibernating / Inactive,"Automated reactivation campaign, steep 20% discount offer, clearance alerts."
18177,2011-03-29 08:46:00,2011-11-08 14:44:00,6,709,1340.87,53,1.0,5.0,14.29,31,256,223.48,45.0,3,0.2082,0.1267,23.3,190.63,366.59,Loyal Customers,"Cross-sell premium categories, early bird access, referral incentives."
18178,2010-12-10 12:42:00,2011-08-03 09:30:00,4,983,1590.81,80,2.0,4.0,33.33,129,365,397.7,78.7,3,-0.0562,0.2287,61.2,80.24,154.31,At-Risk High Spenders,"High-priority win-back promotion, dedicated account check-in, special survey."
18179,2011-01-07 14:22:00,2011-11-30 16:23:00,6,1360,1793.17,86,0.0,0.0,0.0,9,336,298.86,65.4,0,0.3895,-0.0017,11.8,223.35,429.52,Champions (VIP),"Exclusive VIP preview, concierge service, high-tier loyalty gifts."
18180,2011-07-20 08:59:00,2011-12-05 08:39:00,6,1721,1843.75,108,0.0,0.0,0.0,5,143,307.29,27.6,0,0.4659,-0.0623,11.3,542.65,1043.57,Champions (VIP),"Exclusive VIP preview, concierge service, high-tier loyalty gifts."
18181,2011-11-15 15:08:00,2011-11-15 15:08:00,1,133,366.85,40,0.0,0.0,0.0,24,24,366.85,24.0,2,-0.0306,-0.2368,26.6,140.02,269.27,Promising New,"Welcome discount on 2nd purchase, onboarding email journey, product tips."
18183,2011-03-10 10:08:00,2011-04-26 15:26:00,2,371,632.07,36,4.0,9.0,66.67,227,275,316.04,48.0,1,-0.2643,0.1439,98.0,2.18,4.19,Hibernating / Inactive,"Automated reactivation campaign, steep 20% discount offer, clearance alerts."
18184,2011-11-24 15:28:00,2011-11-24 15:28:00,1,60,49.8,1,0.0,0.0,0.0,15,15,49.8,15.0,2,-0.0286,-0.3749,24.6,19.53,37.55,Promising New,"Welcome discount on 2nd purchase, onboarding email journey, product tips."
18185,2011-04-04 13:42:00,2011-04-04 13:42:00,1,183,304.25,17,0.0,0.0,0.0,249,249,304.25,249.0,1,-0.377,0.0338,61.3,22.44,43.15,Hibernating / Inactive,"Automated reactivation campaign, steep 20% discount offer, clearance alerts."
18188,2011-02-22 14:43:00,2011-11-24 16:46:00,3,1168,2001.04,63,1.0,1.0,25.0,15,290,667.01,137.5,3,0.2193,-0.0646,12.8,285.5,549.04,Champions (VIP),"Exclusive VIP preview, concierge service, high-tier loyalty gifts."
18189,2011-03-17 09:49:00,2011-09-23 12:40:00,2,566,1090.24,65,1.0,2.0,33.33,78,268,545.12,190.0,3,-0.09,0.0388,30.1,134.93,259.48,Potential Loyalists,"Offer bundle discounts, volume incentives, brand engagement newsletters."
18190,2011-01-13 10:35:00,2011-05-31 14:48:00,2,140,284.46,14,1.0,1.0,33.33,192,331,142.23,139.0,1,-0.2654,0.0899,67.9,13.09,25.17,Hibernating / Inactive,"Automated reactivation campaign, steep 20% discount offer, clearance alerts."
18191,2011-03-23 12:08:00,2011-03-23 12:08:00,1,140,207.8,7,0.0,0.0,0.0,262,262,207.8,262.0,1,-0.3968,0.0238,61.3,14.56,28.01,Hibernating / Inactive,"Automated reactivation campaign, steep 20% discount offer, clearance alerts."
18192,2011-09-29 09:53:00,2011-09-29 09:53:00,1,339,957.97,45,0.0,0.0,0.0,72,72,957.97,72.0,1,-0.158,-0.0664,37.3,312.34,600.65,Potential Loyalists,"Offer bundle discounts, volume incentives, brand engagement newsletters."
18193,2011-06-27 13:58:00,2011-06-27 13:58:00,1,124,243.76,16,2.0,4.0,66.67,165,165,243.76,165.0,1,-0.3236,-0.0251,57.9,29.51,56.75,Hibernating / Inactive,"Automated reactivation campaign, steep 20% discount offer, clearance alerts."
18194,2011-09-18 13:29:00,2011-09-18 13:29:00,1,632,973.84,7,1.0,184.0,50.0,82,82,973.84,82.0,1,-0.1765,-0.0502,39.5,306.37,589.17,Potential Loyalists,"Offer bundle discounts, volume incentives, brand engagement newsletters."
18196,2011-02-22 16:13:00,2011-09-05 16:22:00,2,431,686.63,131,0.0,0.0,0.0,95,290,343.32,195.0,1,-0.1337,0.0427,34.8,73.25,140.87,Potential Loyalists,"Offer bundle discounts, volume incentives, brand engagement newsletters."
18198,2011-01-07 13:39:00,2011-12-05 14:49:00,17,4074,5425.56,81,4.0,235.0,19.05,4,336,319.15,20.8,0,0.7037,0.1715,11.2,680.38,1308.43,Champions (VIP),"Exclusive VIP preview, concierge service, high-tier loyalty gifts."
18200,2011-08-25 18:45:00,2011-08-25 18:45:00,1,104,150.35,29,0.0,0.0,0.0,106,106,150.35,106.0,1,-0.2742,-0.0986,44.8,37.15,71.44,Low Value Occasional,Target with low-barrier impulse buys and seasonal holiday campaigns.
18202,2011-02-01 13:36:00,2011-05-24 12:12:00,3,581,1396.99,55,0.0,0.0,0.0,200,311,465.66,55.5,1,-0.1664,0.2263,95.5,9.59,18.44,At-Risk High Spenders,"High-priority win-back promotion, dedicated account check-in, special survey."
18203,2011-07-05 13:07:00,2011-07-05 13:07:00,1,43,160.42,19,0.0,0.0,0.0,157,157,160.42,157.0,1,-0.3298,-0.0488,56.1,21.28,40.93,Hibernating / Inactive,"Automated reactivation campaign, steep 20% discount offer, clearance alerts."
18204,2011-05-31 15:26:00,2011-09-29 16:44:00,3,1190,1975.35,159,1.0,2.0,25.0,71,192,658.45,60.5,3,-0.0035,0.1168,40.0,292.91,563.28,Potential Loyalists,"Offer bundle discounts, volume incentives, brand engagement newsletters."
18205,2011-09-26 12:02:00,2011-11-03 13:22:00,2,192,517.36,30,0.0,0.0,0.0,36,75,258.68,39.0,2,-0.0019,-0.0846,28.0,193.7,372.5,Promising New,"Welcome discount on 2nd purchase, onboarding email journey, product tips."
18209,2011-11-11 12:07:00,2011-11-11 12:07:00,1,58,139.1,8,0.0,0.0,0.0,29,29,139.1,29.0,2,-0.0887,-0.2558,27.7,52.3,100.57,Promising New,"Welcome discount on 2nd purchase, onboarding email journey, product tips."
18210,2011-03-17 16:58:00,2011-12-08 11:02:00,6,1398,2621.38,109,0.0,0.0,0.0,2,267,436.9,53.0,0,0.5798,-0.1312,9.3,422.54,812.57,Champions (VIP),"Exclusive VIP preview, concierge service, high-tier loyalty gifts."
18211,2011-03-06 12:09:00,2011-11-14 08:10:00,5,359,600.07,37,0.0,0.0,0.0,26,279,120.01,63.2,3,0.1786,0.0377,18.6,83.07,159.75,Potential Loyalists,"Offer bundle discounts, volume incentives, brand engagement newsletters."
18212,2011-01-17 16:14:00,2011-01-17 16:14:00,1,92,216.07,30,0.0,0.0,0.0,326,326,216.07,326.0,1,-0.4277,0.0518,61.3,12.17,23.41,Hibernating / Inactive,"Automated reactivation campaign, steep 20% discount offer, clearance alerts."
18213,2011-04-17 10:21:00,2011-04-17 10:21:00,1,232,232.48,15,0.0,0.0,0.0,237,237,232.48,237.0,1,-0.3784,0.0165,61.3,18.01,34.64,Hibernating / Inactive,"Automated reactivation campaign, steep 20% discount offer, clearance alerts."
18215,2011-09-11 16:05:00,2011-09-11 16:05:00,1,118,299.34,13,0.0,0.0,0.0,89,89,299.34,89.0,1,-0.2265,-0.0904,41.0,91.84,176.61,Low Value Occasional,Target with low-barrier impulse buys and seasonal holiday campaigns.
18216,2011-11-08 16:55:00,2011-11-08 16:55:00,1,200,481.75,26,0.0,0.0,0.0,31,31,481.75,31.0,2,-0.0583,-0.1954,28.1,180.12,346.38,Promising New,"Welcome discount on 2nd purchase, onboarding email journey, product tips."
18217,2011-09-30 10:44:00,2011-11-10 13:18:00,2,491,621.75,27,0.0,0.0,0.0,29,71,310.88,42.0,2,0.035,-0.1022,22.9,249.28,479.38,Promising New,"Welcome discount on 2nd purchase, onboarding email journey, product tips."
18218,2011-03-03 12:24:00,2011-05-12 12:53:00,2,536,641.92,17,2.0,38.0,50.0,211,282,320.96,71.0,1,-0.253,0.1357,91.2,9.5,18.28,Hibernating / Inactive,"Automated reactivation campaign, steep 20% discount offer, clearance alerts."
18219,2010-12-06 10:05:00,2011-12-07 11:43:00,10,885,2069.77,58,1.0,2.0,9.09,3,369,206.98,40.7,0,0.6138,-0.0059,9.8,240.07,461.68,Champions (VIP),"Exclusive VIP preview, concierge service, high-tier loyalty gifts."
18220,2011-04-27 09:03:00,2011-04-27 09:03:00,1,288,305.28,2,1.0,6.0,50.0,227,227,305.28,227.0,1,-0.3633,0.0228,61.3,24.7,47.49,Hibernating / Inactive,"Automated reactivation campaign, steep 20% discount offer, clearance alerts."
18221,2011-05-12 14:13:00,2011-11-17 14:40:00,5,791,1041.61,59,1.0,2.0,16.67,22,211,208.32,47.2,3,0.2201,0.0417,18.3,191.37,368.02,Loyal Customers,"Cross-sell premium categories, early bird access, referral incentives."
18222,2011-09-08 10:45:00,2011-09-08 10:45:00,1,335,443.0,19,0.0,0.0,0.0,93,93,443.0,93.0,1,-0.2203,-0.0686,41.9,131.32,252.54,Potential Loyalists,"Offer bundle discounts, volume incentives, brand engagement newsletters."
18223,2010-12-16 16:42:00,2011-12-05 09:11:00,14,2948,6484.54,116,13.0,58.0,48.15,5,358,463.18,27.2,0,0.6486,0.1606,11.4,761.49,1464.41,Champions (VIP),"Exclusive VIP preview, concierge service, high-tier loyalty gifts."
18224,2011-03-21 10:30:00,2011-03-21 10:30:00,1,69,158.95,10,0.0,0.0,0.0,264,264,158.95,264.0,1,-0.4065,0.0134,61.3,11.06,21.26,Hibernating / Inactive,"Automated reactivation campaign, steep 20% discount offer, clearance alerts."
18225,2010-12-09 15:46:00,2011-12-06 13:27:00,12,3242,5504.96,150,5.0,38.0,29.41,3,365,458.75,32.9,0,0.6765,0.0728,10.0,644.08,1238.62,Champions (VIP),"Exclusive VIP preview, concierge service, high-tier loyalty gifts."
18226,2011-01-06 09:00:00,2011-10-26 13:36:00,11,3466,5228.05,141,3.0,7.0,21.43,44,338,475.28,29.4,3,0.3021,0.3456,39.7,442.57,851.09,Loyal Customers,"Cross-sell premium categories, early bird access, referral incentives."
18227,2011-05-06 12:23:00,2011-05-06 12:23:00,1,21,93.75,5,0.0,0.0,0.0,218,218,93.75,218.0,1,-0.3953,-0.0319,61.3,7.9,15.19,Hibernating / Inactive,"Automated reactivation campaign, steep 20% discount offer, clearance alerts."
18228,2011-09-21 10:48:00,2011-10-14 09:21:00,2,238,779.9,23,1.0,2.0,33.33,57,80,389.95,23.0,2,-0.0551,-0.0128,58.5,168.3,323.66,Loyal Customers,"Cross-sell premium categories, early bird access, referral incentives."
18230,2011-02-10 13:06:00,2011-11-30 13:22:00,7,1316,2810.2,32,3.0,18.0,30.0,9,302,401.46,48.8,0,0.4289,0.0471,12.3,387.23,744.67,Champions (VIP),"Exclusive VIP preview, concierge service, high-tier loyalty gifts."
18231,2011-02-24 09:08:00,2011-05-31 14:18:00,5,819,2071.77,106,1.0,13.0,16.67,192,289,414.35,24.2,3,-0.0722,0.3283,98.0,6.8,13.08,At-Risk High Spenders,"High-priority win-back promotion, dedicated account check-in, special survey."
18232,2011-05-26 16:30:00,2011-09-19 11:49:00,4,302,592.97,31,1.0,3.0,20.0,82,197,148.24,38.3,3,-0.0218,0.1325,59.2,58.27,112.06,Potential Loyalists,"Offer bundle discounts, volume incentives, brand engagement newsletters."
18233,2011-01-18 08:44:00,2011-01-18 08:44:00,1,4,440.0,1,0.0,0.0,0.0,326,326,440.0,326.0,1,-0.4048,0.082,61.3,24.78,47.66,Hibernating / Inactive,"Automated reactivation campaign, steep 20% discount offer, clearance alerts."
18235,2011-05-06 13:35:00,2011-09-29 08:27:00,3,1578,1796.48,100,0.0,0.0,0.0,72,217,598.83,72.5,3,-0.0086,0.1144,37.1,247.09,475.17,Potential Loyalists,"Offer bundle discounts, volume incentives, brand engagement newsletters."
18236,2011-04-13 09:52:00,2011-11-10 08:06:00,6,403,882.24,42,0.0,0.0,0.0,30,241,147.04,42.2,3,0.1993,0.1051,23.4,133.06,255.88,Loyal Customers,"Cross-sell premium categories, early bird access, referral incentives."
18237,2011-07-28 13:05:00,2011-12-07 12:49:00,5,622,987.1,40,0.0,0.0,0.0,3,134,197.42,32.8,0,0.477,-0.1722,10.0,314.58,604.97,Loyal Customers,"Cross-sell premium categories, early bird access, referral incentives."
18239,2010-12-02 17:48:00,2011-05-05 12:38:00,5,795,1561.61,80,0.0,0.0,0.0,219,372,312.32,38.2,3,-0.1007,0.3321,98.0,3.98,7.66,At-Risk High Spenders,"High-priority win-back promotion, dedicated account check-in, special survey."
18240,2011-10-24 13:06:00,2011-10-24 13:06:00,1,126,422.58,6,0.0,0.0,0.0,46,46,422.58,46.0,2,-0.1193,-0.1544,31.5,150.52,289.47,Potential Loyalists,"Offer bundle discounts, volume incentives, brand engagement newsletters."
18241,2011-05-06 09:22:00,2011-11-30 12:10:00,17,1051,2073.09,60,1.0,4.0,5.56,10,218,121.95,13.0,0,0.556,0.226,19.0,365.51,702.9,Champions (VIP),"Exclusive VIP preview, concierge service, high-tier loyalty gifts."
18242,2011-05-10 11:20:00,2011-09-28 13:43:00,4,1017,2232.49,72,0.0,0.0,0.0,72,214,558.12,47.3,3,0.04,0.1733,46.4,265.32,510.24,Potential Loyalists,"Offer bundle discounts, volume incentives, brand engagement newsletters."
18245,2010-12-19 14:58:00,2011-12-02 14:48:00,7,1788,2567.06,153,1.0,7.0,12.5,7,355,366.72,58.0,0,0.459,0.0163,11.2,304.69,585.94,Champions (VIP),"Exclusive VIP preview, concierge service, high-tier loyalty gifts."
18246,2011-04-20 13:55:00,2011-11-16 11:49:00,2,166,596.1,3,0.0,0.0,0.0,24,233,298.05,209.0,2,0.0606,-0.126,14.9,103.31,198.67,Promising New,"Welcome discount on 2nd purchase, onboarding email journey, product tips."
18248,2011-06-06 13:18:00,2011-08-09 10:19:00,2,511,804.02,39,2.0,10.0,50.0,123,186,402.01,63.0,1,-0.1665,0.0804,65.3,71.17,136.87,Potential Loyalists,"Offer bundle discounts, volume incentives, brand engagement newsletters."
18249,2011-11-22 15:07:00,2011-11-22 15:07:00,1,128,95.34,8,0.0,0.0,0.0,17,17,95.34,17.0,2,-0.0253,-0.3335,25.0,37.18,71.5,Promising New,"Welcome discount on 2nd purchase, onboarding email journey, product tips."
18250,2011-02-02 13:16:00,2011-02-02 13:16:00,1,199,349.27,21,1.0,1.0,50.0,310,310,349.27,310.0,1,-0.4048,0.0661,61.3,20.69,39.79,Hibernating / Inactive,"Automated reactivation campaign, steep 20% discount offer, clearance alerts."
18251,2011-09-13 15:03:00,2011-09-13 15:03:00,1,7824,4314.72,16,0.0,0.0,0.0,87,87,4314.72,87.0,1,-0.137,0.0202,40.6,1332.73,2562.94,Potential Loyalists,"Offer bundle discounts, volume incentives, brand engagement newsletters."
18252,2011-06-21 11:47:00,2011-10-20 12:43:00,2,234,518.27,90,0.0,0.0,0.0,51,172,259.14,121.0,2,-0.0522,-0.0434,24.2,108.38,208.42,Potential Loyalists,"Offer bundle discounts, volume incentives, brand engagement newsletters."
18255,2011-09-11 13:16:00,2011-09-11 13:16:00,1,74,103.3,6,0.0,0.0,0.0,89,89,103.3,89.0,1,-0.2607,-0.1354,41.0,31.69,60.95,Low Value Occasional,Target with low-barrier impulse buys and seasonal holiday campaigns.
18257,2011-02-16 15:13:00,2011-10-31 14:48:00,8,1041,2337.63,97,4.0,31.0,33.33,39,296,292.2,36.7,3,0.2399,0.2332,31.0,258.56,497.23,Loyal Customers,"Cross-sell premium categories, early bird access, referral incentives."
18259,2010-12-08 13:38:00,2011-11-15 12:34:00,3,714,2338.6,27,0.0,0.0,0.0,25,366,779.53,170.5,3,0.1526,0.0008,15.4,256.5,493.26,Champions (VIP),"Exclusive VIP preview, concierge service, high-tier loyalty gifts."
18260,2010-12-16 18:23:00,2011-06-20 12:37:00,6,1475,2628.35,86,2.0,9.0,25.0,173,358,438.06,37.0,3,-0.0204,0.3601,97.1,10.1,19.43,At-Risk High Spenders,"High-priority win-back promotion, dedicated account check-in, special survey."
18261,2011-09-05 09:34:00,2011-10-27 15:36:00,2,146,324.24,19,0.0,0.0,0.0,43,96,162.12,53.0,2,-0.0426,-0.0835,27.8,115.71,222.52,Promising New,"Welcome discount on 2nd purchase, onboarding email journey, product tips."
18262,2011-07-22 16:04:00,2011-07-22 16:04:00,1,182,149.48,13,0.0,0.0,0.0,140,140,149.48,140.0,1,-0.3152,-0.0655,52.4,24.12,46.38,Low Value Occasional,Target with low-barrier impulse buys and seasonal holiday campaigns.
18263,2011-04-01 11:48:00,2011-11-14 09:00:00,3,1468,1213.16,59,1.0,1.0,25.0,26,253,404.39,113.5,3,0.1258,-0.0226,16.5,189.99,365.36,Loyal Customers,"Cross-sell premium categories, early bird access, referral incentives."
18265,2011-07-04 15:26:00,2011-09-28 14:10:00,2,311,801.51,44,0.0,0.0,0.0,72,158,400.76,86.0,2,-0.0882,0.0162,34.7,157.18,302.28,Potential Loyalists,"Offer bundle discounts, volume incentives, brand engagement newsletters."
18268,2011-07-28 19:13:00,2011-07-28 19:13:00,1,2,25.5,1,1.0,2.0,50.0,134,134,25.5,134.0,1,-0.3649,-0.1446,51.0,4.42,8.51,Low Value Occasional,Target with low-barrier impulse buys and seasonal holiday campaigns.
18269,2010-12-08 13:53:00,2010-12-08 13:53:00,1,76,168.6,7,1.0,6.0,50.0,366,366,168.6,366.0,1,-0.4528,0.0553,61.3,8.46,16.27,Hibernating / Inactive,"Automated reactivation campaign, steep 20% discount offer, clearance alerts."
18270,2011-03-18 12:41:00,2011-11-01 13:57:00,2,101,283.15,11,1.0,4.0,33.33,38,267,141.57,229.0,2,-0.0291,-0.1038,18.5,41.01,78.86,Promising New,"Welcome discount on 2nd purchase, onboarding email journey, product tips."
18272,2011-04-07 09:35:00,2011-12-07 12:43:00,6,2050,3078.58,99,1.0,6.0,14.29,3,247,513.1,48.8,0,0.5424,-0.0896,9.7,534.05,1027.02,Champions (VIP),"Exclusive VIP preview, concierge service, high-tier loyalty gifts."
18273,2011-03-27 11:22:00,2011-12-07 13:16:00,3,80,204.0,1,0.0,0.0,0.0,2,258,68.0,128.0,0,0.3931,-0.364,9.1,34.1,65.59,Low Value Occasional,Target with low-barrier impulse buys and seasonal holiday campaigns.
18274,2011-11-09 17:03:00,2011-11-09 17:03:00,1,88,175.92,11,1.0,88.0,50.0,30,30,175.92,30.0,2,-0.086,-0.2419,27.9,65.96,126.84,Promising New,"Welcome discount on 2nd purchase, onboarding email journey, product tips."
18276,2011-10-27 10:54:00,2011-10-27 10:54:00,1,186,335.86,14,2.0,2.0,66.67,44,44,335.86,44.0,2,-0.1203,-0.1694,31.0,120.51,231.74,Promising New,"Welcome discount on 2nd purchase, onboarding email journey, product tips."
18277,2011-10-12 15:22:00,2011-10-12 15:22:00,1,68,110.38,8,1.0,1.0,50.0,58,58,110.38,58.0,2,-0.1961,-0.1837,34.1,37.83,72.74,Low Value Occasional,Target with low-barrier impulse buys and seasonal holiday campaigns.
18278,2011-09-27 11:58:00,2011-09-27 11:58:00,1,66,173.9,9,0.0,0.0,0.0,74,74,173.9,74.0,1,-0.217,-0.1355,37.7,56.34,108.34,Low Value Occasional,Target with low-barrier impulse buys and seasonal holiday campaigns.
18280,2011-03-07 09:52:00,2011-03-07 09:52:00,1,45,180.6,10,0.0,0.0,0.0,278,278,180.6,278.0,1,-0.41,0.025,61.3,11.93,22.94,Hibernating / Inactive,"Automated reactivation campaign, steep 20% discount offer, clearance alerts."
18281,2011-06-12 10:53:00,2011-06-12 10:53:00,1,54,80.82,7,0.0,0.0,0.0,181,181,80.82,181.0,1,-0.3726,-0.0605,61.3,8.2,15.77,Hibernating / Inactive,"Automated reactivation campaign, steep 20% discount offer, clearance alerts."
18282,2011-08-05 13:35:00,2011-12-02 11:43:00,2,103,178.05,12,1.0,5.0,33.33,8,126,89.02,118.0,2,0.1727,-0.3008,10.9,59.74,114.88,Promising New,"Welcome discount on 2nd purchase, onboarding email journey, product tips."
18283,2011-01-06 14:14:00,2011-12-06 12:02:00,16,1357,2045.53,263,0.0,0.0,0.0,4,337,127.85,22.2,0,0.6615,0.1174,11.1,256.05,492.41,Champions (VIP),"Exclusive VIP preview, concierge service, high-tier loyalty gifts."
18287,2011-05-22 10:39:00,2011-10-28 09:29:00,3,1586,1837.28,59,0.0,0.0,0.0,43,202,612.43,79.5,3,0.067,0.0541,24.0,328.0,630.77,Loyal Customers,"Cross-sell premium categories, early bird access, referral incentives."
12346,2011-01-18 10:01:00,2011-01-18 10:01:00,1,74215,77183.6,1,1.0,74215.0,50.0,326,326,77183.6,326.0,-1,1.5,1.5,65.0,30873.44,61746.88,Wholesale / Institutional,"Dedicated B2B account manager, custom pricing tiers, bulk freight perks."
12748,2010-12-01 12:48:00,2011-12-09 12:20:00,209,25287,33053.19,1768,14.0,1538.0,6.28,1,374,158.15,1.8,-1,1.5,1.5,15.0,13221.28,26442.55,Wholesale / Institutional,"Dedicated B2B account manager, custom pricing tiers, bulk freight perks."
12901,2011-03-14 10:41:00,2011-12-01 10:07:00,28,23075,17654.54,30,8.0,2160.0,22.22,9,271,630.52,9.7,-1,1.5,1.5,15.0,7061.82,14123.63,Wholesale / Institutional,"Dedicated B2B account manager, custom pricing tiers, bulk freight perks."
12921,2010-12-01 15:06:00,2011-11-30 16:22:00,37,9526,16587.09,233,13.0,72.0,26.0,9,373,448.3,10.1,-1,1.5,1.5,15.0,6634.84,13269.67,Wholesale / Institutional,"Dedicated B2B account manager, custom pricing tiers, bulk freight perks."
12971,2010-12-02 16:42:00,2011-12-06 12:20:00,86,9289,11189.91,94,3.0,86.0,3.37,4,372,130.12,4.3,-1,1.5,1.5,15.0,4475.96,8951.93,Wholesale / Institutional,"Dedicated B2B account manager, custom pricing tiers, bulk freight perks."
13004,2010-12-17 08:20:00,2011-11-28 11:27:00,18,4822,5655.91,277,4.0,26.0,18.18,12,358,314.22,20.4,-1,1.5,1.5,15.0,2262.36,4524.73,Wholesale / Institutional,"Dedicated B2B account manager, custom pricing tiers, bulk freight perks."
13018,2011-02-17 11:05:00,2011-11-23 13:28:00,28,5435,7277.7,313,1.0,1.0,3.45,16,296,259.92,10.4,-1,1.5,1.5,15.0,2911.08,5822.16,Wholesale / Institutional,"Dedicated B2B account manager, custom pricing tiers, bulk freight perks."
13078,2010-12-08 09:07:00,2011-12-06 15:36:00,26,5630,12627.94,95,17.0,73.0,39.53,3,367,485.69,14.6,-1,1.5,1.5,15.0,5051.18,10102.35,Wholesale / Institutional,"Dedicated B2B account manager, custom pricing tiers, bulk freight perks."
13089,2010-12-05 10:27:00,2011-12-07 09:02:00,97,31025,58762.08,636,21.0,283.0,17.8,3,370,605.79,3.8,-1,1.5,1.5,15.0,23504.83,47009.66,Wholesale / Institutional,"Dedicated B2B account manager, custom pricing tiers, bulk freight perks."
13098,2011-01-26 13:46:00,2011-12-08 14:14:00,28,15968,28882.44,156,13.0,57.0,31.71,1,317,1031.52,11.7,-1,1.5,1.5,15.0,11552.98,23105.95,Wholesale / Institutional,"Dedicated B2B account manager, custom pricing tiers, bulk freight perks."
13102,2010-12-09 13:38:00,2011-12-08 12:52:00,24,4204,6424.09,140,3.0,44.0,11.11,1,365,267.67,15.8,-1,1.5,1.5,15.0,2569.64,5139.27,Wholesale / Institutional,"Dedicated B2B account manager, custom pricing tiers, bulk freight perks."
13113,2010-12-08 13:21:00,2011-12-09 12:49:00,24,3045,12245.96,95,16.0,456.0,40.0,1,366,510.25,15.9,-1,1.5,1.5,15.0,4898.38,9796.77,Wholesale / Institutional,"Dedicated B2B account manager, custom pricing tiers, bulk freight perks."
13199,2010-12-08 10:51:00,2011-12-06 12:30:00,38,6176,9817.12,48,1.0,4.0,2.56,4,367,258.35,9.8,-1,1.5,1.5,15.0,3926.85,7853.7,Wholesale / Institutional,"Dedicated B2B account manager, custom pricing tiers, bulk freight perks."
13263,2011-01-18 16:31:00,2011-12-08 13:59:00,35,4768,7436.93,450,0.0,0.0,0.0,1,325,212.48,9.5,-1,1.5,1.5,15.0,2974.77,5949.54,Wholesale / Institutional,"Dedicated B2B account manager, custom pricing tiers, bulk freight perks."
13319,2010-12-09 10:04:00,2011-12-04 13:34:00,26,4724,10845.55,209,10.0,38.0,27.78,5,366,417.14,14.4,-1,1.5,1.5,15.0,4338.22,8676.44,Wholesale / Institutional,"Dedicated B2B account manager, custom pricing tiers, bulk freight perks."
13408,2010-12-01 10:39:00,2011-12-08 09:05:00,62,16232,28117.04,234,19.0,113.0,23.46,2,374,453.5,6.1,-1,1.5,1.5,15.0,11246.82,22493.63,Wholesale / Institutional,"Dedicated B2B account manager, custom pricing tiers, bulk freight perks."
13418,2010-12-02 10:45:00,2011-11-28 10:23:00,18,3918,6127.43,223,5.0,79.0,21.74,12,373,340.41,21.2,-1,1.5,1.5,15.0,2450.97,4901.94,Wholesale / Institutional,"Dedicated B2B account manager, custom pricing tiers, bulk freight perks."
13468,2010-12-01 15:08:00,2011-12-08 10:39:00,37,2589,5704.97,184,4.0,8.0,9.76,2,373,154.19,10.3,-1,1.5,1.5,15.0,2281.99,4563.98,Wholesale / Institutional,"Dedicated B2B account manager, custom pricing tiers, bulk freight perks."
13534,2010-12-16 15:23:00,2011-12-07 14:52:00,25,2961,5870.08,119,18.0,85.0,41.86,2,358,234.8,14.8,-1,1.5,1.5,15.0,2348.03,4696.06,Wholesale / Institutional,"Dedicated B2B account manager, custom pricing tiers, bulk freight perks."
13576,2010-12-01 17:24:00,2011-11-29 15:34:00,18,2646,6717.34,78,2.0,6.0,10.0,10,373,373.19,21.4,-1,1.5,1.5,15.0,2686.94,5373.87,Wholesale / Institutional,"Dedicated B2B account manager, custom pricing tiers, bulk freight perks."
13668,2010-12-12 12:35:00,2011-12-07 12:11:00,21,3722,6309.83,284,8.0,105.0,27.59,3,363,300.47,18.0,-1,1.5,1.5,15.0,2523.93,5047.86,Wholesale / Institutional,"Dedicated B2B account manager, custom pricing tiers, bulk freight perks."
13694,2010-12-01 12:12:00,2011-12-06 09:32:00,50,63312,65039.62,366,10.0,1413.0,16.67,4,374,1300.79,7.6,-1,1.5,1.5,15.0,26015.85,52031.7,Wholesale / Institutional,"Dedicated B2B account manager, custom pricing tiers, bulk freight perks."
13767,2010-12-01 10:47:00,2011-12-07 15:00:00,37,7322,17220.36,55,15.0,64.0,28.85,2,374,465.42,10.3,-1,1.5,1.5,15.0,6888.14,13776.29,Wholesale / Institutional,"Dedicated B2B account manager, custom pricing tiers, bulk freight perks."
13777,2010-12-01 16:01:00,2011-12-09 12:25:00,33,12897,25977.16,36,8.0,93.0,19.51,1,373,787.19,11.6,-1,1.5,1.5,15.0,10390.86,20781.73,Wholesale / Institutional,"Dedicated B2B account manager, custom pricing tiers, bulk freight perks."
13798,2010-12-02 17:24:00,2011-12-08 15:51:00,57,23948,37153.85,113,6.0,433.0,9.52,1,372,651.82,6.6,-1,1.5,1.5,15.0,14861.54,29723.08,Wholesale / Institutional,"Dedicated B2B account manager, custom pricing tiers, bulk freight perks."
13854,2010-12-09 10:48:00,2011-12-01 09:06:00,25,2296,8109.52,39,4.0,18.0,13.79,9,366,324.38,14.9,-1,1.5,1.5,15.0,3243.81,6487.62,Wholesale / Institutional,"Dedicated B2B account manager, custom pricing tiers, bulk freight perks."
13881,2011-02-01 10:14:00,2011-12-06 12:50:00,20,10118,17159.52,72,2.0,56.0,9.09,3,312,857.98,16.3,-1,1.5,1.5,15.0,6863.81,13727.62,Wholesale / Institutional,"Dedicated B2B account manager, custom pricing tiers, bulk freight perks."
13969,2010-12-09 19:32:00,2011-12-02 15:11:00,18,4528,9024.17,334,2.0,59.0,10.0,7,365,501.34,21.1,-1,1.5,1.5,15.0,3609.67,7219.34,Wholesale / Institutional,"Dedicated B2B account manager, custom pricing tiers, bulk freight perks."
14031,2010-12-02 16:34:00,2011-12-02 17:13:00,19,5788,17286.86,119,4.0,418.0,17.39,7,372,909.83,20.3,-1,1.5,1.5,15.0,6914.74,13829.49,Wholesale / Institutional,"Dedicated B2B account manager, custom pricing tiers, bulk freight perks."
14051,2010-12-08 12:49:00,2011-12-09 10:20:00,23,3756,15610.39,52,3.0,15.0,11.54,1,367,678.71,16.6,-1,1.5,1.5,15.0,6244.16,12488.31,Wholesale / Institutional,"Dedicated B2B account manager, custom pricing tiers, bulk freight perks."
14056,2011-02-28 15:19:00,2011-12-08 13:36:00,23,4252,8152.71,320,6.0,41.0,20.69,1,284,354.47,12.9,-1,1.5,1.5,15.0,3261.08,6522.17,Wholesale / Institutional,"Dedicated B2B account manager, custom pricing tiers, bulk freight perks."
14060,2010-12-02 12:11:00,2011-12-05 12:29:00,19,5386,6140.42,86,1.0,12.0,5.0,5,373,323.18,20.4,-1,1.5,1.5,15.0,2456.17,4912.34,Wholesale / Institutional,"Dedicated B2B account manager, custom pricing tiers, bulk freight perks."
14096,2011-08-30 10:49:00,2011-12-05 17:17:00,17,16352,65164.79,1119,17.0,17.0,50.0,4,102,3833.22,6.1,-1,1.5,1.5,15.0,26065.92,52131.83,Wholesale / Institutional,"Dedicated B2B account manager, custom pricing tiers, bulk freight perks."
14194,2011-02-04 14:51:00,2011-12-05 10:38:00,21,5840,11349.52,269,11.0,57.0,34.38,5,308,540.45,15.2,-1,1.5,1.5,15.0,4539.81,9079.62,Wholesale / Institutional,"Dedicated B2B account manager, custom pricing tiers, bulk freight perks."
14298,2010-12-14 12:59:00,2011-12-01 13:12:00,44,58343,51527.3,884,1.0,322.0,2.22,8,360,1171.08,8.2,-1,1.5,1.5,15.0,20610.92,41221.84,Wholesale / Institutional,"Dedicated B2B account manager, custom pricing tiers, bulk freight perks."
14527,2010-12-05 13:17:00,2011-12-07 12:19:00,55,2088,8507.13,330,31.0,40.0,36.05,3,369,154.68,6.8,-1,1.5,1.5,15.0,3402.85,6805.7,Wholesale / Institutional,"Dedicated B2B account manager, custom pricing tiers, bulk freight perks."
14606,2010-12-01 16:57:00,2011-12-08 19:28:00,93,6187,12076.15,819,35.0,246.0,27.34,1,373,129.85,4.0,-1,1.5,1.5,15.0,4830.46,9660.92,Wholesale / Institutional,"Dedicated B2B account manager, custom pricing tiers, bulk freight perks."
14667,2010-12-06 13:13:00,2011-11-29 11:30:00,25,5319,9175.04,354,2.0,3.0,7.41,11,368,367.0,14.9,-1,1.5,1.5,15.0,3670.02,7340.03,Wholesale / Institutional,"Dedicated B2B account manager, custom pricing tiers, bulk freight perks."
14688,2010-12-01 09:37:00,2011-12-02 12:26:00,21,3584,5579.1,148,6.0,399.0,22.22,8,374,265.67,18.3,-1,1.5,1.5,15.0,2231.64,4463.28,Wholesale / Institutional,"Dedicated B2B account manager, custom pricing tiers, bulk freight perks."
14735,2010-12-16 16:05:00,2011-12-06 12:09:00,32,2264,6065.69,99,2.0,104.0,5.88,4,358,189.55,11.4,-1,1.5,1.5,15.0,2426.28,4852.55,Wholesale / Institutional,"Dedicated B2B account manager, custom pricing tiers, bulk freight perks."
14849,2010-12-01 12:22:00,2011-11-18 10:58:00,25,5694,7930.54,159,3.0,38.0,10.71,22,374,317.22,14.7,-1,1.5,1.5,15.0,3172.22,6344.43,Wholesale / Institutional,"Dedicated B2B account manager, custom pricing tiers, bulk freight perks."
14895,2011-02-22 13:08:00,2011-12-02 09:23:00,20,4851,11138.71,273,4.0,28.0,16.67,8,290,556.94,14.8,-1,1.5,1.5,15.0,4455.48,8910.97,Wholesale / Institutional,"Dedicated B2B account manager, custom pricing tiers, bulk freight perks."
15005,2010-12-08 14:36:00,2011-11-24 12:25:00,28,4230,6295.37,360,7.0,42.0,20.0,16,366,224.83,13.0,-1,1.5,1.5,15.0,2518.15,5036.3,Wholesale / Institutional,"Dedicated B2B account manager, custom pricing tiers, bulk freight perks."
15039,2010-12-06 11:26:00,2011-11-30 11:31:00,47,9131,19766.59,408,5.0,18.0,9.62,10,369,420.57,7.8,-1,1.5,1.5,15.0,7906.64,15813.27,Wholesale / Institutional,"Dedicated B2B account manager, custom pricing tiers, bulk freight perks."
15061,2010-12-02 15:19:00,2011-12-06 12:06:00,48,28920,54534.14,70,7.0,330.0,12.73,4,372,1136.13,7.8,-1,1.5,1.5,15.0,21813.66,43627.31,Wholesale / Institutional,"Dedicated B2B account manager, custom pricing tiers, bulk freight perks."
15078,2010-12-06 12:38:00,2011-12-02 15:41:00,32,5105,9743.11,97,6.0,36.0,15.79,7,369,304.47,11.7,-1,1.5,1.5,15.0,3897.24,7794.49,Wholesale / Institutional,"Dedicated B2B account manager, custom pricing tiers, bulk freight perks."
15159,2010-12-13 15:44:00,2011-12-08 12:05:00,30,11441,18641.01,363,4.0,47.0,11.76,2,361,621.37,12.4,-1,1.5,1.5,15.0,7456.4,14912.81,Wholesale / Institutional,"Dedicated B2B account manager, custom pricing tiers, bulk freight perks."
15189,2011-01-11 12:29:00,2011-12-08 13:22:00,41,6149,16225.39,80,12.0,114.0,22.64,1,333,395.74,8.3,-1,1.5,1.5,15.0,6490.16,12980.31,Wholesale / Institutional,"Dedicated B2B account manager, custom pricing tiers, bulk freight perks."
15290,2010-12-15 16:03:00,2011-12-05 11:39:00,18,4501,7943.22,93,3.0,70.0,14.29,5,359,441.29,20.8,-1,1.5,1.5,15.0,3177.29,6354.58,Wholesale / Institutional,"Dedicated B2B account manager, custom pricing tiers, bulk freight perks."
15311,2010-12-01 09:41:00,2011-12-09 12:00:00,91,38147,60632.75,567,27.0,474.0,22.88,1,374,666.29,4.1,-1,1.5,1.5,15.0,24253.1,48506.2,Wholesale / Institutional,"Dedicated B2B account manager, custom pricing tiers, bulk freight perks."
15358,2010-12-09 10:04:00,2011-12-05 09:04:00,22,7050,8347.2,292,7.0,122.0,24.14,5,366,379.42,17.2,-1,1.5,1.5,15.0,3338.88,6677.76,Wholesale / Institutional,"Dedicated B2B account manager, custom pricing tiers, bulk freight perks."
15465,2010-12-05 10:12:00,2011-11-20 10:11:00,18,1257,7354.62,43,6.0,40.0,25.0,20,370,408.59,20.6,-1,1.5,1.5,15.0,2941.85,5883.7,Wholesale / Institutional,"Dedicated B2B account manager, custom pricing tiers, bulk freight perks."
15498,2010-12-08 12:29:00,2011-12-07 12:48:00,27,6105,13316.4,360,8.0,21.0,22.86,3,367,493.2,14.0,-1,1.5,1.5,15.0,5326.56,10653.12,Wholesale / Institutional,"Dedicated B2B account manager, custom pricing tiers, bulk freight perks."
15513,2010-12-01 11:22:00,2011-11-06 14:36:00,19,5709,14758.22,183,3.0,164.0,13.64,33,374,776.75,18.9,-1,1.5,1.5,15.0,5903.29,11806.58,Wholesale / Institutional,"Dedicated B2B account manager, custom pricing tiers, bulk freight perks."
15615,2010-12-15 16:21:00,2011-11-29 14:42:00,23,5508,10399.74,184,4.0,15.0,14.81,10,359,452.16,15.9,-1,1.5,1.5,15.0,4159.9,8319.79,Wholesale / Institutional,"Dedicated B2B account manager, custom pricing tiers, bulk freight perks."
15769,2010-12-03 15:16:00,2011-12-02 13:52:00,26,29672,56252.72,26,3.0,2012.0,10.34,7,371,2163.57,14.6,-1,1.5,1.5,15.0,22501.09,45002.18,Wholesale / Institutional,"Dedicated B2B account manager, custom pricing tiers, bulk freight perks."
15838,2010-12-07 11:26:00,2011-11-28 14:00:00,19,18368,33643.08,54,2.0,9361.0,9.52,11,368,1770.69,19.8,-1,1.5,1.5,15.0,13457.23,26914.46,Wholesale / Institutional,"Dedicated B2B account manager, custom pricing tiers, bulk freight perks."
15856,2010-12-09 13:34:00,2011-12-05 17:09:00,27,10866,16143.64,295,4.0,64.0,12.9,4,365,597.91,13.9,-1,1.5,1.5,15.0,6457.46,12914.91,Wholesale / Institutional,"Dedicated B2B account manager, custom pricing tiers, bulk freight perks."
16013,2010-12-03 13:09:00,2011-12-06 10:36:00,47,15536,37130.6,30,7.0,1691.0,12.96,4,371,790.01,8.0,-1,1.5,1.5,15.0,14852.24,29704.48,Wholesale / Institutional,"Dedicated B2B account manager, custom pricing tiers, bulk freight perks."
16029,2010-12-01 09:57:00,2011-11-01 10:27:00,63,40108,80850.84,44,13.0,6476.0,17.11,39,374,1283.35,5.4,-1,1.5,1.5,15.0,32340.34,64680.67,Wholesale / Institutional,"Dedicated B2B account manager, custom pricing tiers, bulk freight perks."
16033,2010-12-05 10:36:00,2011-12-04 12:44:00,20,3529,8778.82,538,7.0,23.0,25.93,6,370,438.94,19.2,-1,1.5,1.5,15.0,3511.53,7023.06,Wholesale / Institutional,"Dedicated B2B account manager, custom pricing tiers, bulk freight perks."
16133,2011-01-25 15:55:00,2011-12-06 11:24:00,33,8887,14589.04,219,13.0,150.0,28.26,4,318,442.09,9.8,-1,1.5,1.5,15.0,5835.62,11671.23,Wholesale / Institutional,"Dedicated B2B account manager, custom pricing tiers, bulk freight perks."
16161,2010-12-06 10:03:00,2011-12-08 12:10:00,19,2583,5533.67,286,7.0,93.0,26.92,2,369,291.25,20.4,-1,1.5,1.5,15.0,2213.47,4426.94,Wholesale / Institutional,"Dedicated B2B account manager, custom pricing tiers, bulk freight perks."
16210,2010-12-01 12:27:00,2011-12-08 12:36:00,18,7559,21086.3,74,0.0,0.0,0.0,2,374,1171.46,21.9,-1,1.5,1.5,15.0,8434.52,16869.04,Wholesale / Institutional,"Dedicated B2B account manager, custom pricing tiers, bulk freight perks."
16333,2011-02-03 10:50:00,2011-12-02 12:19:00,22,32184,26626.8,9,0.0,0.0,0.0,8,310,1210.31,14.4,-1,1.5,1.5,15.0,10650.72,21301.44,Wholesale / Institutional,"Dedicated B2B account manager, custom pricing tiers, bulk freight perks."
16353,2010-12-05 12:09:00,2011-12-06 12:23:00,23,2006,6675.71,51,0.0,0.0,0.0,4,370,290.25,16.6,-1,1.5,1.5,15.0,2670.28,5340.57,Wholesale / Institutional,"Dedicated B2B account manager, custom pricing tiers, bulk freight perks."
16422,2010-12-05 15:35:00,2011-11-22 14:00:00,51,33704,34684.4,68,24.0,1112.0,32.0,17,369,680.09,7.0,-1,1.5,1.5,15.0,13873.76,27747.52,Wholesale / Institutional,"Dedicated B2B account manager, custom pricing tiers, bulk freight perks."
16446,2011-05-18 09:52:00,2011-12-09 09:15:00,2,80997,168472.5,3,1.0,80995.0,33.33,1,206,84236.25,205.0,-1,1.5,1.5,15.0,67389.0,134778.0,Wholesale / Institutional,"Dedicated B2B account manager, custom pricing tiers, bulk freight perks."
16523,2011-01-28 12:06:00,2011-12-08 09:06:00,21,4265,9418.47,151,7.0,32.0,25.0,2,316,448.5,15.7,-1,1.5,1.5,15.0,3767.39,7534.78,Wholesale / Institutional,"Dedicated B2B account manager, custom pricing tiers, bulk freight perks."
16525,2010-12-08 11:31:00,2011-12-07 15:07:00,26,7397,13027.45,75,3.0,904.0,10.34,2,367,501.06,14.6,-1,1.5,1.5,15.0,5210.98,10421.96,Wholesale / Institutional,"Dedicated B2B account manager, custom pricing tiers, bulk freight perks."
16558,2010-12-08 12:01:00,2011-12-09 10:20:00,20,5377,8338.49,264,4.0,31.0,16.67,1,367,416.92,19.3,-1,1.5,1.5,15.0,3335.4,6670.79,Wholesale / Institutional,"Dedicated B2B account manager, custom pricing tiers, bulk freight perks."
16672,2011-03-18 10:15:00,2011-12-07 16:29:00,20,2832,8134.94,22,3.0,20.0,13.04,2,267,406.75,13.9,-1,1.5,1.5,15.0,3253.98,6507.95,Wholesale / Institutional,"Dedicated B2B account manager, custom pricing tiers, bulk freight perks."
16684,2010-12-16 17:34:00,2011-12-05 14:06:00,28,50255,66653.56,119,3.0,865.0,9.68,4,358,2380.48,13.1,-1,1.5,1.5,15.0,26661.42,53322.85,Wholesale / Institutional,"Dedicated B2B account manager, custom pricing tiers, bulk freight perks."
16705,2010-12-16 10:51:00,2011-12-09 12:08:00,20,5476,14034.99,133,9.0,18.0,31.03,1,359,701.75,18.8,-1,1.5,1.5,15.0,5614.0,11227.99,Wholesale / Institutional,"Dedicated B2B account manager, custom pricing tiers, bulk freight perks."
16729,2011-04-12 14:22:00,2011-11-01 14:29:00,21,5722,7205.33,234,5.0,14.0,19.23,38,241,343.11,10.2,-1,1.5,1.5,15.0,2882.13,5764.26,Wholesale / Institutional,"Dedicated B2B account manager, custom pricing tiers, bulk freight perks."
16746,2010-12-16 11:43:00,2011-12-05 12:33:00,18,4660,6680.11,234,1.0,3.0,5.26,5,359,371.12,20.8,-1,1.5,1.5,15.0,2672.04,5344.09,Wholesale / Institutional,"Dedicated B2B account manager, custom pricing tiers, bulk freight perks."
16779,2010-12-08 09:56:00,2011-12-07 14:54:00,22,5301,10611.72,161,6.0,89.0,21.43,2,367,482.35,17.4,-1,1.5,1.5,15.0,4244.69,8489.38,Wholesale / Institutional,"Dedicated B2B account manager, custom pricing tiers, bulk freight perks."
16814,2010-12-05 11:45:00,2011-11-25 13:27:00,21,2697,6416.7,122,1.0,1.0,4.55,14,370,305.56,17.8,-1,1.5,1.5,15.0,2566.68,5133.36,Wholesale / Institutional,"Dedicated B2B account manager, custom pricing tiers, bulk freight perks."
16839,2010-12-05 11:15:00,2011-12-01 09:03:00,34,8975,16594.35,114,5.0,505.0,12.82,9,370,488.07,10.9,-1,1.5,1.5,15.0,6637.74,13275.48,Wholesale / Institutional,"Dedicated B2B account manager, custom pricing tiers, bulk freight perks."
16923,2010-12-12 11:06:00,2011-11-27 13:00:00,19,3344,7069.08,313,7.0,234.0,26.92,12,363,372.06,19.5,-1,1.5,1.5,15.0,2827.63,5655.26,Wholesale / Institutional,"Dedicated B2B account manager, custom pricing tiers, bulk freight perks."
17017,2010-12-02 10:17:00,2011-12-07 09:32:00,20,6673,8694.26,88,7.0,60.0,25.93,3,373,434.71,19.5,-1,1.5,1.5,15.0,3477.7,6955.41,Wholesale / Institutional,"Dedicated B2B account manager, custom pricing tiers, bulk freight perks."
17243,2010-12-05 10:03:00,2011-12-08 13:26:00,26,3320,8540.05,180,4.0,8.0,13.33,1,370,328.46,14.8,-1,1.5,1.5,15.0,3416.02,6832.04,Wholesale / Institutional,"Dedicated B2B account manager, custom pricing tiers, bulk freight perks."
17306,2010-12-21 13:34:00,2011-11-29 12:14:00,19,11491,8631.31,13,2.0,21.0,9.52,11,353,454.28,19.0,-1,1.5,1.5,15.0,3452.52,6905.05,Wholesale / Institutional,"Dedicated B2B account manager, custom pricing tiers, bulk freight perks."
17315,2010-12-17 12:24:00,2011-12-08 12:15:00,38,3863,6281.23,256,5.0,32.0,11.63,2,358,165.3,9.6,-1,1.5,1.5,15.0,2512.49,5024.98,Wholesale / Institutional,"Dedicated B2B account manager, custom pricing tiers, bulk freight perks."
17381,2010-12-02 12:58:00,2011-12-01 11:59:00,29,25649,20275.61,40,1.0,3.0,3.33,9,372,699.16,13.0,-1,1.5,1.5,15.0,8110.24,16220.49,Wholesale / Institutional,"Dedicated B2B account manager, custom pricing tiers, bulk freight perks."
17389,2011-01-12 15:48:00,2011-12-09 09:38:00,34,7612,31833.68,45,9.0,182.0,20.93,1,331,936.28,10.0,-1,1.5,1.5,15.0,12733.47,25466.94,Wholesale / Institutional,"Dedicated B2B account manager, custom pricing tiers, bulk freight perks."
17428,2010-12-06 09:37:00,2011-12-09 09:45:00,28,9474,17256.85,252,5.0,39.0,15.15,1,369,616.32,13.6,-1,1.5,1.5,15.0,6902.74,13805.48,Wholesale / Institutional,"Dedicated B2B account manager, custom pricing tiers, bulk freight perks."
17450,2010-12-07 09:23:00,2011-12-01 13:29:00,46,69973,194390.79,124,9.0,964.0,16.36,8,368,4225.89,8.0,-1,1.5,1.5,15.0,77756.32,155512.63,Wholesale / Institutional,"Dedicated B2B account manager, custom pricing tiers, bulk freight perks."
17511,2010-12-01 10:19:00,2011-12-07 10:12:00,31,64549,91062.38,453,15.0,1537.0,32.61,3,374,2937.5,12.4,-1,1.5,1.5,15.0,36424.95,72849.9,Wholesale / Institutional,"Dedicated B2B account manager, custom pricing tiers, bulk freight perks."
17581,2010-12-02 14:47:00,2011-12-09 12:21:00,25,5915,11025.24,229,6.0,66.0,19.35,1,372,441.01,15.5,-1,1.5,1.5,15.0,4410.1,8820.19,Wholesale / Institutional,"Dedicated B2B account manager, custom pricing tiers, bulk freight perks."
17675,2010-12-07 13:22:00,2011-12-08 18:03:00,31,8360,20374.28,239,10.0,82.0,24.39,1,367,657.23,12.2,-1,1.5,1.5,15.0,8149.71,16299.42,Wholesale / Institutional,"Dedicated B2B account manager, custom pricing tiers, bulk freight perks."
17677,2010-12-06 08:42:00,2011-12-08 09:56:00,30,9772,16345.38,178,13.0,50.0,30.23,2,369,544.85,12.7,-1,1.5,1.5,15.0,6538.15,13076.3,Wholesale / Institutional,"Dedicated B2B account manager, custom pricing tiers, bulk freight perks."
17735,2010-12-07 10:32:00,2011-12-07 16:47:00,19,8439,13110.02,319,0.0,0.0,0.0,2,368,690.0,20.3,-1,1.5,1.5,15.0,5244.01,10488.02,Wholesale / Institutional,"Dedicated B2B account manager, custom pricing tiers, bulk freight perks."
17757,2010-12-02 17:17:00,2011-12-08 15:31:00,30,3318,5593.39,275,1.0,4.0,3.23,1,372,186.45,12.8,-1,1.5,1.5,15.0,2237.36,4474.71,Wholesale / Institutional,"Dedicated B2B account manager, custom pricing tiers, bulk freight perks."
17811,2011-01-10 10:58:00,2011-12-05 13:46:00,39,4146,7761.82,359,12.0,49.0,23.53,4,334,199.02,8.7,-1,1.5,1.5,15.0,3104.73,6209.46,Wholesale / Institutional,"Dedicated B2B account manager, custom pricing tiers, bulk freight perks."
17841,2010-12-01 14:41:00,2011-12-08 12:07:00,124,22834,40519.84,1323,45.0,206.0,26.63,2,373,326.77,3.0,-1,1.5,1.5,15.0,16207.94,32415.87,Wholesale / Institutional,"Dedicated B2B account manager, custom pricing tiers, bulk freight perks."
17850,2010-12-01 08:26:00,2010-12-02 15:27:00,34,1733,5391.21,21,1.0,37.0,2.86,372,374,158.56,0.1,-1,1.5,1.5,65.0,2156.48,4312.97,Wholesale / Institutional,"Dedicated B2B account manager, custom pricing tiers, bulk freight perks."
17857,2010-12-09 11:35:00,2011-12-05 13:13:00,23,19256,26879.04,19,2.0,170.0,8.0,4,366,1168.65,16.5,-1,1.5,1.5,15.0,10751.62,21503.23,Wholesale / Institutional,"Dedicated B2B account manager, custom pricing tiers, bulk freight perks."
17865,2010-12-10 14:53:00,2011-11-09 12:08:00,20,5757,10526.32,191,7.0,59.0,25.93,31,364,526.32,17.5,-1,1.5,1.5,15.0,4210.53,8421.06,Wholesale / Institutional,"Dedicated B2B account manager, custom pricing tiers, bulk freight perks."
17949,2010-12-03 13:12:00,2011-12-08 18:46:00,45,30546,58510.48,29,7.0,2975.0,13.46,1,371,1300.23,8.4,-1,1.5,1.5,15.0,23404.19,46808.38,Wholesale / Institutional,"Dedicated B2B account manager, custom pricing tiers, bulk freight perks."
18102,2010-12-07 16:42:00,2011-12-09 11:50:00,60,64124,259657.3,150,2.0,2.0,3.23,1,367,4327.62,6.2,-1,1.5,1.5,15.0,103862.92,207725.84,Wholesale / Institutional,"Dedicated B2B account manager, custom pricing tiers, bulk freight perks."
18109,2010-12-05 10:58:00,2011-12-08 11:36:00,26,4230,8004.92,119,5.0,18.0,16.13,2,370,307.88,14.7,-1,1.5,1.5,15.0,3201.97,6403.94,Wholesale / Institutional,"Dedicated B2B account manager, custom pricing tiers, bulk freight perks."
18118,2010-12-05 12:13:00,2011-11-29 11:32:00,26,2865,5625.08,424,5.0,5.0,16.13,11,370,216.35,14.4,-1,1.5,1.5,15.0,2250.03,4500.06,Wholesale / Institutional,"Dedicated B2B account manager, custom pricing tiers, bulk freight perks."
18172,2011-02-23 10:44:00,2011-11-25 11:12:00,20,3184,7561.68,100,5.0,14.0,20.0,15,290,378.08,14.5,-1,1.5,1.5,15.0,3024.67,6049.34,Wholesale / Institutional,"Dedicated B2B account manager, custom pricing tiers, bulk freight perks."
18229,2010-12-01 16:25:00,2011-11-28 09:48:00,20,2488,7276.9,66,0.0,0.0,0.0,12,373,363.84,19.0,-1,1.5,1.5,15.0,2910.76,5821.52,Wholesale / Institutional,"Dedicated B2B account manager, custom pricing tiers, bulk freight perks."
